country,machine_type,week_start,year,month,iso_week,bookings,revenue_usd,seasonality_index,demand_level
Australia,Backhoe Loader,2023-01-16,2023,1,3,1,5391,1.25,Low
Australia,Backhoe Loader,2023-02-06,2023,2,6,1,5047,1.3,Low
Australia,Backhoe Loader,2023-03-13,2023,3,11,1,3212,1.25,Low
Australia,Backhoe Loader,2023-05-08,2023,5,19,1,2318,1.45,Low
Australia,Backhoe Loader,2023-05-29,2023,5,22,1,1625,1.45,Low
Australia,Backhoe Loader,2023-06-12,2023,6,24,1,2246,1.25,Low
Australia,Backhoe Loader,2023-07-03,2023,7,27,1,7557,1.15,Low
Australia,Backhoe Loader,2023-07-24,2023,7,30,1,8517,1.15,Low
Australia,Backhoe Loader,2023-08-21,2023,8,34,1,1816,1.1,Low
Australia,Backhoe Loader,2023-10-30,2023,10,44,1,4043,1.35,Low
Australia,Backhoe Loader,2024-01-01,2024,1,1,1,4129,1.25,Low
Australia,Backhoe Loader,2024-01-29,2024,1,5,1,11433,1.25,Low
Australia,Backhoe Loader,2024-03-11,2024,3,11,1,1892,1.25,Low
Australia,Backhoe Loader,2024-04-22,2024,4,17,1,2753,1.35,Low
Australia,Backhoe Loader,2024-07-22,2024,7,30,1,1778,1.15,Low
Australia,Backhoe Loader,2024-07-29,2024,7,31,1,8126,1.15,Low
Australia,Backhoe Loader,2024-09-23,2024,9,39,1,3145,1.25,Low
Australia,Backhoe Loader,2024-10-21,2024,10,43,1,4684,1.35,Low
Australia,Backhoe Loader,2024-11-04,2024,11,45,1,3785,1.3,Low
Australia,Backhoe Loader,2025-01-13,2025,1,3,1,6668,1.25,Low
Australia,Backhoe Loader,2025-02-03,2025,2,6,1,8938,1.3,Low
Australia,Backhoe Loader,2025-04-14,2025,4,16,1,1218,1.35,Low
Australia,Backhoe Loader,2025-04-21,2025,4,17,1,9273,1.35,Low
Australia,Backhoe Loader,2025-05-12,2025,5,20,1,9435,1.45,Low
Australia,Backhoe Loader,2025-08-18,2025,8,34,1,1797,1.1,Low
Australia,Backhoe Loader,2025-09-15,2025,9,38,1,2810,1.25,Low
Australia,Backhoe Loader,2025-09-22,2025,9,39,1,4588,1.25,Low
Australia,Backhoe Loader,2025-10-20,2025,10,43,1,6883,1.35,Low
Australia,Backhoe Loader,2025-11-10,2025,11,46,1,2695,1.3,Low
Australia,Backhoe Loader,2025-11-24,2025,11,48,1,3111,1.3,Low
Australia,Backhoe Loader,2025-12-22,2025,12,52,1,7112,1.25,Low
Australia,Backhoe Loader,2026-02-09,2026,2,7,1,7915,1.3,Low
Australia,Backhoe Loader,2026-03-09,2026,3,11,1,2318,1.25,Low
Australia,Backhoe Loader,2026-04-06,2026,4,15,1,5277,1.35,Low
Australia,Backhoe Loader,2026-05-18,2026,5,21,1,4493,1.45,Low
Australia,Backhoe Loader,2026-06-22,2026,6,26,1,898,1.25,Low
Australia,Compactor,2023-01-02,2023,1,1,1,9520,1.35,Low
Australia,Compactor,2023-01-09,2023,1,2,3,19184,1.35,Low
Australia,Compactor,2023-01-16,2023,1,3,3,12430,1.35,Low
Australia,Compactor,2023-01-30,2023,1,5,1,2534,1.35,Low
Australia,Compactor,2023-02-06,2023,2,6,1,12577,1.4,Low
Australia,Compactor,2023-02-13,2023,2,7,2,7399,1.4,Low
Australia,Compactor,2023-02-20,2023,2,8,2,4096,1.4,Low
Australia,Compactor,2023-03-06,2023,3,10,2,18435,1.3,Low
Australia,Compactor,2023-03-13,2023,3,11,3,12733,1.3,Low
Australia,Compactor,2023-03-20,2023,3,12,2,15331,1.3,Low
Australia,Compactor,2023-03-27,2023,3,13,2,6984,1.3,Low
Australia,Compactor,2023-04-17,2023,4,16,2,15445,1.5,Low
Australia,Compactor,2023-05-08,2023,5,19,2,13314,1.55,Low
Australia,Compactor,2023-05-15,2023,5,20,1,5831,1.55,Low
Australia,Compactor,2023-05-29,2023,5,22,2,6281,1.55,Low
Australia,Compactor,2023-06-05,2023,6,23,2,7837,1.25,Low
Australia,Compactor,2023-06-12,2023,6,24,1,1671,1.25,Low
Australia,Compactor,2023-06-19,2023,6,25,1,6711,1.25,Low
Australia,Compactor,2023-06-26,2023,6,26,1,821,1.25,Low
Australia,Compactor,2023-07-03,2023,7,27,3,7729,1.05,Low
Australia,Compactor,2023-07-10,2023,7,28,1,8330,1.05,Low
Australia,Compactor,2023-07-17,2023,7,29,1,9340,1.05,Low
Australia,Compactor,2023-07-31,2023,7,31,2,6803,1.05,Low
Australia,Compactor,2023-08-07,2023,8,32,2,13861,1.05,Low
Australia,Compactor,2023-08-14,2023,8,33,2,12289,1.05,Low
Australia,Compactor,2023-08-21,2023,8,34,2,6097,1.05,Low
Australia,Compactor,2023-08-28,2023,8,35,2,10251,1.05,Low
Australia,Compactor,2023-09-04,2023,9,36,3,13359,1.3,Low
Australia,Compactor,2023-09-11,2023,9,37,2,12575,1.3,Low
Australia,Compactor,2023-09-18,2023,9,38,1,8046,1.3,Low
Australia,Compactor,2023-09-25,2023,9,39,1,15903,1.3,Low
Australia,Compactor,2023-10-02,2023,10,40,2,5320,1.4,Low
Australia,Compactor,2023-10-09,2023,10,41,1,3587,1.4,Low
Australia,Compactor,2023-10-23,2023,10,43,2,12144,1.4,Low
Australia,Compactor,2023-10-30,2023,10,44,3,17743,1.4,Low
Australia,Compactor,2023-11-06,2023,11,45,2,4903,1.4,Low
Australia,Compactor,2023-11-13,2023,11,46,1,4670,1.4,Low
Australia,Compactor,2023-11-20,2023,11,47,2,11002,1.4,Low
Australia,Compactor,2023-11-27,2023,11,48,3,18124,1.4,Low
Australia,Compactor,2023-12-04,2023,12,49,2,13399,1.35,Low
Australia,Compactor,2023-12-11,2023,12,50,1,4456,1.35,Low
Australia,Compactor,2023-12-18,2023,12,51,3,14075,1.35,Low
Australia,Compactor,2023-12-25,2023,12,52,1,2385,1.35,Low
Australia,Compactor,2024-01-01,2024,1,1,1,821,1.35,Low
Australia,Compactor,2024-01-08,2024,1,2,1,10620,1.35,Low
Australia,Compactor,2024-01-15,2024,1,3,1,1893,1.35,Low
Australia,Compactor,2024-01-22,2024,1,4,3,14018,1.35,Low
Australia,Compactor,2024-01-29,2024,1,5,3,17051,1.35,Low
Australia,Compactor,2024-02-05,2024,2,6,2,15621,1.4,Low
Australia,Compactor,2024-02-19,2024,2,8,1,7867,1.4,Low
Australia,Compactor,2024-02-26,2024,2,9,1,2562,1.4,Low
Australia,Compactor,2024-03-04,2024,3,10,1,4426,1.3,Low
Australia,Compactor,2024-03-18,2024,3,12,1,3856,1.3,Low
Australia,Compactor,2024-04-15,2024,4,16,1,4516,1.5,Low
Australia,Compactor,2024-04-22,2024,4,17,1,3180,1.5,Low
Australia,Compactor,2024-04-29,2024,4,18,5,25666,1.5,Low
Australia,Compactor,2024-05-06,2024,5,19,1,2385,1.55,Low
Australia,Compactor,2024-05-13,2024,5,20,2,4410,1.55,Low
Australia,Compactor,2024-05-20,2024,5,21,1,948,1.55,Low
Australia,Compactor,2024-05-27,2024,5,22,1,3632,1.55,Low
Australia,Compactor,2024-06-10,2024,6,24,2,12185,1.25,Low
Australia,Compactor,2024-06-17,2024,6,25,1,6762,1.25,Low
Australia,Compactor,2024-06-24,2024,6,26,1,12454,1.25,Low
Australia,Compactor,2024-07-01,2024,7,27,2,9807,1.05,Low
Australia,Compactor,2024-07-08,2024,7,28,2,11360,1.05,Low
Australia,Compactor,2024-07-22,2024,7,30,3,21369,1.05,Low
Australia,Compactor,2024-07-29,2024,7,31,1,3379,1.05,Low
Australia,Compactor,2024-08-05,2024,8,32,1,3245,1.05,Low
Australia,Compactor,2024-08-12,2024,8,33,2,12332,1.05,Low
Australia,Compactor,2024-08-19,2024,8,34,3,9836,1.05,Low
Australia,Compactor,2024-09-02,2024,9,36,2,7982,1.3,Low
Australia,Compactor,2024-09-16,2024,9,38,3,11900,1.3,Low
Australia,Compactor,2024-09-23,2024,9,39,3,13487,1.3,Low
Australia,Compactor,2024-09-30,2024,9,40,1,7101,1.3,Low
Australia,Compactor,2024-10-07,2024,10,41,2,13459,1.4,Low
Australia,Compactor,2024-10-14,2024,10,42,2,9871,1.4,Low
Australia,Compactor,2024-10-21,2024,10,43,3,13184,1.4,Low
Australia,Compactor,2024-10-28,2024,10,44,1,3348,1.4,Low
Australia,Compactor,2024-11-04,2024,11,45,1,4912,1.4,Low
Australia,Compactor,2024-11-11,2024,11,46,1,1082,1.4,Low
Australia,Compactor,2024-11-18,2024,11,47,1,5564,1.4,Low
Australia,Compactor,2024-11-25,2024,11,48,4,24990,1.4,Low
Australia,Compactor,2024-12-02,2024,12,49,2,2617,1.35,Low
Australia,Compactor,2024-12-09,2024,12,50,2,1964,1.35,Low
Australia,Compactor,2024-12-16,2024,12,51,4,29099,1.35,Low
Australia,Compactor,2024-12-30,2024,12,1,1,2734,1.35,Low
Australia,Compactor,2025-01-06,2025,1,2,2,5767,1.35,Low
Australia,Compactor,2025-01-20,2025,1,4,1,2286,1.35,Low
Australia,Compactor,2025-01-27,2025,1,5,1,3794,1.35,Low
Australia,Compactor,2025-02-03,2025,2,6,4,20383,1.4,Low
Australia,Compactor,2025-02-17,2025,2,8,4,22070,1.4,Low
Australia,Compactor,2025-03-17,2025,3,12,1,3279,1.3,Low
Australia,Compactor,2025-03-24,2025,3,13,2,10963,1.3,Low
Australia,Compactor,2025-04-28,2025,4,18,1,12008,1.5,Low
Australia,Compactor,2025-05-05,2025,5,19,2,5184,1.55,Low
Australia,Compactor,2025-05-12,2025,5,20,2,18584,1.55,Low
Australia,Compactor,2025-05-26,2025,5,22,1,9469,1.55,Low
Australia,Compactor,2025-06-02,2025,6,23,2,10402,1.25,Low
Australia,Compactor,2025-06-16,2025,6,25,2,8043,1.25,Low
Australia,Compactor,2025-06-23,2025,6,26,1,4781,1.25,Low
Australia,Compactor,2025-06-30,2025,6,27,2,14319,1.25,Low
Australia,Compactor,2025-07-07,2025,7,28,4,30800,1.05,Low
Australia,Compactor,2025-07-21,2025,7,30,1,8211,1.05,Low
Australia,Compactor,2025-07-28,2025,7,31,1,3906,1.05,Low
Australia,Compactor,2025-08-04,2025,8,32,1,5950,1.05,Low
Australia,Compactor,2025-08-18,2025,8,34,2,7615,1.05,Low
Australia,Compactor,2025-09-01,2025,9,36,2,12973,1.3,Low
Australia,Compactor,2025-09-08,2025,9,37,2,4034,1.3,Low
Australia,Compactor,2025-09-15,2025,9,38,2,15343,1.3,Low
Australia,Compactor,2025-10-06,2025,10,41,2,11684,1.4,Low
Australia,Compactor,2025-10-13,2025,10,42,1,4733,1.4,Low
Australia,Compactor,2025-10-27,2025,10,44,5,21670,1.4,Low
Australia,Compactor,2025-11-03,2025,11,45,1,6574,1.4,Low
Australia,Compactor,2025-11-10,2025,11,46,1,1657,1.4,Low
Australia,Compactor,2025-11-17,2025,11,47,4,21916,1.4,Low
Australia,Compactor,2025-11-24,2025,11,48,2,25447,1.4,Low
Australia,Compactor,2025-12-01,2025,12,49,1,3313,1.35,Low
Australia,Compactor,2025-12-08,2025,12,50,3,11186,1.35,Low
Australia,Compactor,2025-12-15,2025,12,51,3,4570,1.35,Low
Australia,Compactor,2025-12-22,2025,12,52,1,10388,1.35,Low
Australia,Compactor,2025-12-29,2025,12,1,3,30949,1.35,Low
Australia,Compactor,2026-01-05,2026,1,2,1,4411,1.35,Low
Australia,Compactor,2026-01-12,2026,1,3,1,5247,1.35,Low
Australia,Compactor,2026-01-19,2026,1,4,3,15366,1.35,Low
Australia,Compactor,2026-01-26,2026,1,5,1,7187,1.35,Low
Australia,Compactor,2026-02-09,2026,2,7,1,9948,1.4,Low
Australia,Compactor,2026-03-02,2026,3,10,2,11941,1.3,Low
Australia,Compactor,2026-03-09,2026,3,11,3,7978,1.3,Low
Australia,Compactor,2026-03-23,2026,3,13,1,9085,1.3,Low
Australia,Compactor,2026-03-30,2026,3,14,1,13531,1.3,Low
Australia,Compactor,2026-04-27,2026,4,18,2,7047,1.5,Low
Australia,Compactor,2026-05-04,2026,5,19,3,20823,1.55,Low
Australia,Compactor,2026-05-11,2026,5,20,1,11406,1.55,Low
Australia,Compactor,2026-05-18,2026,5,21,2,14744,1.55,Low
Australia,Compactor,2026-05-25,2026,5,22,1,2245,1.55,Low
Australia,Compactor,2026-06-01,2026,6,23,3,14316,1.25,Low
Australia,Compactor,2026-06-15,2026,6,25,3,13570,1.25,Low
Australia,Compactor,2026-06-22,2026,6,26,2,10931,1.25,Low
Australia,Dozer,2023-01-02,2023,1,1,7,123080,1.3,Medium
Australia,Dozer,2023-01-09,2023,1,2,6,70703,1.3,Medium
Australia,Dozer,2023-01-16,2023,1,3,6,109591,1.3,Medium
Australia,Dozer,2023-01-23,2023,1,4,5,71011,1.3,Low
Australia,Dozer,2023-01-30,2023,1,5,2,45561,1.3,Low
Australia,Dozer,2023-02-06,2023,2,6,3,24766,1.35,Low
Australia,Dozer,2023-02-13,2023,2,7,3,53575,1.35,Low
Australia,Dozer,2023-02-20,2023,2,8,1,15667,1.35,Low
Australia,Dozer,2023-02-27,2023,2,9,3,52690,1.35,Low
Australia,Dozer,2023-03-06,2023,3,10,2,10910,1.3,Low
Australia,Dozer,2023-03-13,2023,3,11,4,49395,1.3,Low
Australia,Dozer,2023-03-20,2023,3,12,1,13998,1.3,Low
Australia,Dozer,2023-03-27,2023,3,13,2,22926,1.3,Low
Australia,Dozer,2023-04-03,2023,4,14,2,14527,1.45,Low
Australia,Dozer,2023-04-10,2023,4,15,5,70787,1.45,Low
Australia,Dozer,2023-04-17,2023,4,16,3,41834,1.45,Low
Australia,Dozer,2023-04-24,2023,4,17,4,50799,1.45,Low
Australia,Dozer,2023-05-01,2023,5,18,5,79454,1.55,Low
Australia,Dozer,2023-05-08,2023,5,19,3,31185,1.55,Low
Australia,Dozer,2023-05-15,2023,5,20,5,28182,1.55,Low
Australia,Dozer,2023-05-22,2023,5,21,2,10335,1.55,Low
Australia,Dozer,2023-05-29,2023,5,22,3,44363,1.55,Low
Australia,Dozer,2023-06-05,2023,6,23,2,21840,1.3,Low
Australia,Dozer,2023-06-12,2023,6,24,6,96930,1.3,Medium
Australia,Dozer,2023-06-19,2023,6,25,4,41548,1.3,Low
Australia,Dozer,2023-06-26,2023,6,26,2,22008,1.3,Low
Australia,Dozer,2023-07-03,2023,7,27,2,37580,1.15,Low
Australia,Dozer,2023-07-10,2023,7,28,6,111014,1.15,Medium
Australia,Dozer,2023-07-17,2023,7,29,6,59543,1.15,Medium
Australia,Dozer,2023-07-24,2023,7,30,6,88426,1.15,Medium
Australia,Dozer,2023-07-31,2023,7,31,2,7981,1.15,Low
Australia,Dozer,2023-08-07,2023,8,32,4,65672,1.1,Low
Australia,Dozer,2023-08-14,2023,8,33,4,56164,1.1,Low
Australia,Dozer,2023-08-21,2023,8,34,5,88217,1.1,Low
Australia,Dozer,2023-08-28,2023,8,35,8,120868,1.1,Medium
Australia,Dozer,2023-09-04,2023,9,36,3,60796,1.3,Low
Australia,Dozer,2023-09-11,2023,9,37,3,47793,1.3,Low
Australia,Dozer,2023-09-18,2023,9,38,4,72706,1.3,Low
Australia,Dozer,2023-09-25,2023,9,39,3,29871,1.3,Low
Australia,Dozer,2023-10-02,2023,10,40,5,52644,1.4,Low
Australia,Dozer,2023-10-09,2023,10,41,10,154721,1.4,Medium
Australia,Dozer,2023-10-16,2023,10,42,4,31873,1.4,Low
Australia,Dozer,2023-10-23,2023,10,43,3,61180,1.4,Low
Australia,Dozer,2023-10-30,2023,10,44,6,82652,1.4,Medium
Australia,Dozer,2023-11-06,2023,11,45,4,35457,1.35,Low
Australia,Dozer,2023-11-13,2023,11,46,6,45611,1.35,Medium
Australia,Dozer,2023-11-20,2023,11,47,5,68582,1.35,Low
Australia,Dozer,2023-11-27,2023,11,48,2,26661,1.35,Low
Australia,Dozer,2023-12-04,2023,12,49,5,78942,1.3,Low
Australia,Dozer,2023-12-11,2023,12,50,3,28704,1.3,Low
Australia,Dozer,2023-12-18,2023,12,51,3,34908,1.3,Low
Australia,Dozer,2023-12-25,2023,12,52,6,116006,1.3,Medium
Australia,Dozer,2024-01-01,2024,1,1,6,70465,1.3,Medium
Australia,Dozer,2024-01-08,2024,1,2,6,95027,1.3,Medium
Australia,Dozer,2024-01-15,2024,1,3,4,68461,1.3,Low
Australia,Dozer,2024-01-22,2024,1,4,4,34130,1.3,Low
Australia,Dozer,2024-01-29,2024,1,5,3,43349,1.3,Low
Australia,Dozer,2024-02-05,2024,2,6,3,35803,1.35,Low
Australia,Dozer,2024-02-12,2024,2,7,2,24877,1.35,Low
Australia,Dozer,2024-02-19,2024,2,8,4,41640,1.35,Low
Australia,Dozer,2024-02-26,2024,2,9,3,34540,1.35,Low
Australia,Dozer,2024-03-04,2024,3,10,1,12718,1.3,Low
Australia,Dozer,2024-03-11,2024,3,11,2,34956,1.3,Low
Australia,Dozer,2024-03-18,2024,3,12,3,51404,1.3,Low
Australia,Dozer,2024-03-25,2024,3,13,1,17671,1.3,Low
Australia,Dozer,2024-04-01,2024,4,14,3,39674,1.45,Low
Australia,Dozer,2024-04-08,2024,4,15,4,81425,1.45,Low
Australia,Dozer,2024-04-15,2024,4,16,5,34865,1.45,Low
Australia,Dozer,2024-04-22,2024,4,17,3,21304,1.45,Low
Australia,Dozer,2024-04-29,2024,4,18,1,34454,1.45,Low
Australia,Dozer,2024-05-06,2024,5,19,1,15226,1.55,Low
Australia,Dozer,2024-05-13,2024,5,20,5,77985,1.55,Low
Australia,Dozer,2024-05-20,2024,5,21,3,35710,1.55,Low
Australia,Dozer,2024-05-27,2024,5,22,3,33799,1.55,Low
Australia,Dozer,2024-06-03,2024,6,23,6,64129,1.3,Medium
Australia,Dozer,2024-06-10,2024,6,24,6,79506,1.3,Medium
Australia,Dozer,2024-06-17,2024,6,25,2,17227,1.3,Low
Australia,Dozer,2024-06-24,2024,6,26,4,43149,1.3,Low
Australia,Dozer,2024-07-01,2024,7,27,8,127501,1.15,Medium
Australia,Dozer,2024-07-08,2024,7,28,5,94525,1.15,Low
Australia,Dozer,2024-07-15,2024,7,29,4,87082,1.15,Low
Australia,Dozer,2024-07-22,2024,7,30,4,69536,1.15,Low
Australia,Dozer,2024-07-29,2024,7,31,4,23059,1.15,Low
Australia,Dozer,2024-08-05,2024,8,32,8,132367,1.1,Medium
Australia,Dozer,2024-08-12,2024,8,33,3,39211,1.1,Low
Australia,Dozer,2024-08-19,2024,8,34,7,151468,1.1,Medium
Australia,Dozer,2024-08-26,2024,8,35,4,35156,1.1,Low
Australia,Dozer,2024-09-02,2024,9,36,1,9513,1.3,Low
Australia,Dozer,2024-09-09,2024,9,37,6,56491,1.3,Medium
Australia,Dozer,2024-09-16,2024,9,38,4,64448,1.3,Low
Australia,Dozer,2024-09-23,2024,9,39,7,94028,1.3,Medium
Australia,Dozer,2024-09-30,2024,9,40,4,57706,1.3,Low
Australia,Dozer,2024-10-07,2024,10,41,4,73271,1.4,Low
Australia,Dozer,2024-10-14,2024,10,42,4,58729,1.4,Low
Australia,Dozer,2024-10-21,2024,10,43,2,44738,1.4,Low
Australia,Dozer,2024-10-28,2024,10,44,2,30189,1.4,Low
Australia,Dozer,2024-11-04,2024,11,45,3,15017,1.35,Low
Australia,Dozer,2024-11-11,2024,11,46,3,34950,1.35,Low
Australia,Dozer,2024-11-18,2024,11,47,3,22328,1.35,Low
Australia,Dozer,2024-11-25,2024,11,48,5,78539,1.35,Low
Australia,Dozer,2024-12-02,2024,12,49,2,11161,1.3,Low
Australia,Dozer,2024-12-09,2024,12,50,7,80236,1.3,Medium
Australia,Dozer,2024-12-16,2024,12,51,7,123887,1.3,Medium
Australia,Dozer,2024-12-23,2024,12,52,2,42178,1.3,Low
Australia,Dozer,2024-12-30,2024,12,1,8,78636,1.3,Medium
Australia,Dozer,2025-01-06,2025,1,2,4,73117,1.3,Low
Australia,Dozer,2025-01-13,2025,1,3,4,52461,1.3,Low
Australia,Dozer,2025-01-20,2025,1,4,6,77454,1.3,Medium
Australia,Dozer,2025-01-27,2025,1,5,8,101017,1.3,Medium
Australia,Dozer,2025-02-03,2025,2,6,1,17823,1.35,Low
Australia,Dozer,2025-02-10,2025,2,7,6,74660,1.35,Medium
Australia,Dozer,2025-02-17,2025,2,8,1,10368,1.35,Low
Australia,Dozer,2025-02-24,2025,2,9,3,20660,1.35,Low
Australia,Dozer,2025-03-03,2025,3,10,2,24062,1.3,Low
Australia,Dozer,2025-03-17,2025,3,12,3,82385,1.3,Low
Australia,Dozer,2025-03-24,2025,3,13,1,2211,1.3,Low
Australia,Dozer,2025-03-31,2025,3,14,4,49272,1.3,Low
Australia,Dozer,2025-04-07,2025,4,15,6,72074,1.45,Medium
Australia,Dozer,2025-04-14,2025,4,16,8,110210,1.45,Medium
Australia,Dozer,2025-04-21,2025,4,17,1,2937,1.45,Low
Australia,Dozer,2025-04-28,2025,4,18,5,37651,1.45,Low
Australia,Dozer,2025-05-05,2025,5,19,5,94335,1.55,Low
Australia,Dozer,2025-05-12,2025,5,20,8,60900,1.55,Medium
Australia,Dozer,2025-05-19,2025,5,21,3,55222,1.55,Low
Australia,Dozer,2025-05-26,2025,5,22,1,18500,1.55,Low
Australia,Dozer,2025-06-02,2025,6,23,4,35750,1.3,Low
Australia,Dozer,2025-06-09,2025,6,24,4,42580,1.3,Low
Australia,Dozer,2025-06-16,2025,6,25,1,4213,1.3,Low
Australia,Dozer,2025-06-23,2025,6,26,2,18830,1.3,Low
Australia,Dozer,2025-06-30,2025,6,27,3,31071,1.3,Low
Australia,Dozer,2025-07-07,2025,7,28,5,101128,1.15,Low
Australia,Dozer,2025-07-14,2025,7,29,4,41452,1.15,Low
Australia,Dozer,2025-07-21,2025,7,30,1,27096,1.15,Low
Australia,Dozer,2025-07-28,2025,7,31,6,96649,1.15,Medium
Australia,Dozer,2025-08-04,2025,8,32,3,47481,1.1,Low
Australia,Dozer,2025-08-11,2025,8,33,8,109176,1.1,Medium
Australia,Dozer,2025-08-18,2025,8,34,5,59895,1.1,Low
Australia,Dozer,2025-08-25,2025,8,35,4,40380,1.1,Low
Australia,Dozer,2025-09-01,2025,9,36,7,121396,1.3,Medium
Australia,Dozer,2025-09-08,2025,9,37,3,32053,1.3,Low
Australia,Dozer,2025-09-15,2025,9,38,5,53468,1.3,Low
Australia,Dozer,2025-09-22,2025,9,39,7,138734,1.3,Medium
Australia,Dozer,2025-09-29,2025,9,40,6,72640,1.3,Medium
Australia,Dozer,2025-10-06,2025,10,41,4,35242,1.4,Low
Australia,Dozer,2025-10-13,2025,10,42,5,47990,1.4,Low
Australia,Dozer,2025-10-20,2025,10,43,5,82041,1.4,Low
Australia,Dozer,2025-10-27,2025,10,44,9,140576,1.4,Medium
Australia,Dozer,2025-11-03,2025,11,45,4,44580,1.35,Low
Australia,Dozer,2025-11-10,2025,11,46,4,55947,1.35,Low
Australia,Dozer,2025-11-17,2025,11,47,6,45177,1.35,Medium
Australia,Dozer,2025-11-24,2025,11,48,5,60325,1.35,Low
Australia,Dozer,2025-12-01,2025,12,49,5,69852,1.3,Low
Australia,Dozer,2025-12-08,2025,12,50,3,38620,1.3,Low
Australia,Dozer,2025-12-15,2025,12,51,4,40933,1.3,Low
Australia,Dozer,2025-12-22,2025,12,52,4,72129,1.3,Low
Australia,Dozer,2025-12-29,2025,12,1,3,21061,1.3,Low
Australia,Dozer,2026-01-05,2026,1,2,5,48507,1.3,Low
Australia,Dozer,2026-01-12,2026,1,3,3,67641,1.3,Low
Australia,Dozer,2026-01-19,2026,1,4,3,31346,1.3,Low
Australia,Dozer,2026-01-26,2026,1,5,3,33042,1.3,Low
Australia,Dozer,2026-02-02,2026,2,6,6,78152,1.35,Medium
Australia,Dozer,2026-02-09,2026,2,7,4,27807,1.35,Low
Australia,Dozer,2026-02-16,2026,2,8,5,77528,1.35,Low
Australia,Dozer,2026-02-23,2026,2,9,4,52926,1.35,Low
Australia,Dozer,2026-03-02,2026,3,10,2,27021,1.3,Low
Australia,Dozer,2026-03-09,2026,3,11,1,5821,1.3,Low
Australia,Dozer,2026-03-16,2026,3,12,2,41047,1.3,Low
Australia,Dozer,2026-03-23,2026,3,13,3,32985,1.3,Low
Australia,Dozer,2026-03-30,2026,3,14,3,31045,1.3,Low
Australia,Dozer,2026-04-06,2026,4,15,4,94751,1.45,Low
Australia,Dozer,2026-04-13,2026,4,16,4,48304,1.45,Low
Australia,Dozer,2026-04-20,2026,4,17,4,56252,1.45,Low
Australia,Dozer,2026-04-27,2026,4,18,4,42747,1.45,Low
Australia,Dozer,2026-05-04,2026,5,19,2,17211,1.55,Low
Australia,Dozer,2026-05-11,2026,5,20,6,83472,1.55,Medium
Australia,Dozer,2026-05-18,2026,5,21,3,33530,1.55,Low
Australia,Dozer,2026-05-25,2026,5,22,4,30325,1.55,Low
Australia,Dozer,2026-06-01,2026,6,23,5,44793,1.3,Low
Australia,Dozer,2026-06-08,2026,6,24,4,48605,1.3,Low
Australia,Dozer,2026-06-15,2026,6,25,7,119947,1.3,Medium
Australia,Dozer,2026-06-22,2026,6,26,4,34934,1.3,Low
Australia,Dozer,2026-06-29,2026,6,27,2,36689,1.3,Low
Australia,Dump Truck,2023-01-02,2023,1,1,6,29192,1.35,Medium
Australia,Dump Truck,2023-01-09,2023,1,2,1,4477,1.35,Low
Australia,Dump Truck,2023-01-16,2023,1,3,7,48931,1.35,Medium
Australia,Dump Truck,2023-01-23,2023,1,4,3,20249,1.35,Low
Australia,Dump Truck,2023-01-30,2023,1,5,3,26369,1.35,Low
Australia,Dump Truck,2023-02-06,2023,2,6,2,10140,1.4,Low
Australia,Dump Truck,2023-02-13,2023,2,7,4,29998,1.4,Low
Australia,Dump Truck,2023-02-20,2023,2,8,3,18346,1.4,Low
Australia,Dump Truck,2023-02-27,2023,2,9,4,17166,1.4,Low
Australia,Dump Truck,2023-03-06,2023,3,10,3,43850,1.35,Low
Australia,Dump Truck,2023-03-13,2023,3,11,5,44184,1.35,Low
Australia,Dump Truck,2023-03-20,2023,3,12,2,14642,1.35,Low
Australia,Dump Truck,2023-03-27,2023,3,13,3,19125,1.35,Low
Australia,Dump Truck,2023-04-03,2023,4,14,5,34159,1.45,Low
Australia,Dump Truck,2023-04-10,2023,4,15,1,2536,1.45,Low
Australia,Dump Truck,2023-04-17,2023,4,16,2,9381,1.45,Low
Australia,Dump Truck,2023-05-01,2023,5,18,3,14885,1.5,Low
Australia,Dump Truck,2023-05-08,2023,5,19,3,14603,1.5,Low
Australia,Dump Truck,2023-05-22,2023,5,21,4,23840,1.5,Low
Australia,Dump Truck,2023-05-29,2023,5,22,4,26173,1.5,Low
Australia,Dump Truck,2023-06-05,2023,6,23,3,17706,1.35,Low
Australia,Dump Truck,2023-06-12,2023,6,24,5,33032,1.35,Low
Australia,Dump Truck,2023-06-19,2023,6,25,4,37671,1.35,Low
Australia,Dump Truck,2023-06-26,2023,6,26,4,10686,1.35,Low
Australia,Dump Truck,2023-07-03,2023,7,27,3,14008,1.25,Low
Australia,Dump Truck,2023-07-10,2023,7,28,3,14164,1.25,Low
Australia,Dump Truck,2023-07-17,2023,7,29,4,13290,1.25,Low
Australia,Dump Truck,2023-07-24,2023,7,30,6,25722,1.25,Medium
Australia,Dump Truck,2023-07-31,2023,7,31,4,34928,1.25,Low
Australia,Dump Truck,2023-08-07,2023,8,32,2,11222,1.2,Low
Australia,Dump Truck,2023-08-14,2023,8,33,2,15228,1.2,Low
Australia,Dump Truck,2023-08-21,2023,8,34,3,9083,1.2,Low
Australia,Dump Truck,2023-08-28,2023,8,35,3,20858,1.2,Low
Australia,Dump Truck,2023-09-04,2023,9,36,3,35031,1.35,Low
Australia,Dump Truck,2023-09-11,2023,9,37,4,20085,1.35,Low
Australia,Dump Truck,2023-09-18,2023,9,38,4,7910,1.35,Low
Australia,Dump Truck,2023-09-25,2023,9,39,7,48113,1.35,Medium
Australia,Dump Truck,2023-10-02,2023,10,40,4,21546,1.4,Low
Australia,Dump Truck,2023-10-09,2023,10,41,2,12837,1.4,Low
Australia,Dump Truck,2023-10-16,2023,10,42,4,33442,1.4,Low
Australia,Dump Truck,2023-10-23,2023,10,43,4,20377,1.4,Low
Australia,Dump Truck,2023-10-30,2023,10,44,2,11168,1.4,Low
Australia,Dump Truck,2023-11-06,2023,11,45,6,35190,1.4,Medium
Australia,Dump Truck,2023-11-13,2023,11,46,5,24851,1.4,Low
Australia,Dump Truck,2023-11-27,2023,11,48,3,18365,1.4,Low
Australia,Dump Truck,2023-12-04,2023,12,49,5,34811,1.35,Low
Australia,Dump Truck,2023-12-11,2023,12,50,2,14542,1.35,Low
Australia,Dump Truck,2023-12-18,2023,12,51,2,10355,1.35,Low
Australia,Dump Truck,2023-12-25,2023,12,52,3,23427,1.35,Low
Australia,Dump Truck,2024-01-01,2024,1,1,4,38377,1.35,Low
Australia,Dump Truck,2024-01-08,2024,1,2,2,17416,1.35,Low
Australia,Dump Truck,2024-01-15,2024,1,3,2,12964,1.35,Low
Australia,Dump Truck,2024-01-22,2024,1,4,3,25130,1.35,Low
Australia,Dump Truck,2024-01-29,2024,1,5,3,18878,1.35,Low
Australia,Dump Truck,2024-02-12,2024,2,7,5,7665,1.4,Low
Australia,Dump Truck,2024-02-26,2024,2,9,3,25696,1.4,Low
Australia,Dump Truck,2024-03-11,2024,3,11,7,37524,1.35,Medium
Australia,Dump Truck,2024-03-18,2024,3,12,2,8266,1.35,Low
Australia,Dump Truck,2024-03-25,2024,3,13,1,8963,1.35,Low
Australia,Dump Truck,2024-04-01,2024,4,14,2,13185,1.45,Low
Australia,Dump Truck,2024-04-08,2024,4,15,3,9915,1.45,Low
Australia,Dump Truck,2024-04-15,2024,4,16,1,2673,1.45,Low
Australia,Dump Truck,2024-04-22,2024,4,17,4,26435,1.45,Low
Australia,Dump Truck,2024-04-29,2024,4,18,2,4959,1.45,Low
Australia,Dump Truck,2024-05-06,2024,5,19,1,1258,1.5,Low
Australia,Dump Truck,2024-05-13,2024,5,20,4,15491,1.5,Low
Australia,Dump Truck,2024-05-20,2024,5,21,1,2562,1.5,Low
Australia,Dump Truck,2024-05-27,2024,5,22,1,8541,1.5,Low
Australia,Dump Truck,2024-06-03,2024,6,23,1,5554,1.35,Low
Australia,Dump Truck,2024-06-10,2024,6,24,2,13430,1.35,Low
Australia,Dump Truck,2024-06-17,2024,6,25,5,21966,1.35,Low
Australia,Dump Truck,2024-06-24,2024,6,26,2,9485,1.35,Low
Australia,Dump Truck,2024-07-01,2024,7,27,5,30994,1.25,Low
Australia,Dump Truck,2024-07-08,2024,7,28,2,12951,1.25,Low
Australia,Dump Truck,2024-07-15,2024,7,29,2,10258,1.25,Low
Australia,Dump Truck,2024-07-22,2024,7,30,3,19473,1.25,Low
Australia,Dump Truck,2024-07-29,2024,7,31,5,32479,1.25,Low
Australia,Dump Truck,2024-08-12,2024,8,33,2,4515,1.2,Low
Australia,Dump Truck,2024-08-19,2024,8,34,2,14866,1.2,Low
Australia,Dump Truck,2024-09-02,2024,9,36,6,22575,1.35,Medium
Australia,Dump Truck,2024-09-09,2024,9,37,4,7685,1.35,Low
Australia,Dump Truck,2024-09-16,2024,9,38,3,16669,1.35,Low
Australia,Dump Truck,2024-09-23,2024,9,39,2,11441,1.35,Low
Australia,Dump Truck,2024-09-30,2024,9,40,6,24191,1.35,Medium
Australia,Dump Truck,2024-10-07,2024,10,41,2,10997,1.4,Low
Australia,Dump Truck,2024-10-14,2024,10,42,2,12063,1.4,Low
Australia,Dump Truck,2024-10-21,2024,10,43,4,26522,1.4,Low
Australia,Dump Truck,2024-10-28,2024,10,44,2,5171,1.4,Low
Australia,Dump Truck,2024-11-04,2024,11,45,3,17918,1.4,Low
Australia,Dump Truck,2024-11-11,2024,11,46,4,35220,1.4,Low
Australia,Dump Truck,2024-11-18,2024,11,47,5,17323,1.4,Low
Australia,Dump Truck,2024-11-25,2024,11,48,4,21623,1.4,Low
Australia,Dump Truck,2024-12-02,2024,12,49,2,13588,1.35,Low
Australia,Dump Truck,2024-12-09,2024,12,50,5,22785,1.35,Low
Australia,Dump Truck,2024-12-16,2024,12,51,1,4161,1.35,Low
Australia,Dump Truck,2024-12-23,2024,12,52,1,7248,1.35,Low
Australia,Dump Truck,2024-12-30,2024,12,1,5,25913,1.35,Low
Australia,Dump Truck,2025-01-06,2025,1,2,6,52217,1.35,Medium
Australia,Dump Truck,2025-01-13,2025,1,3,2,24645,1.35,Low
Australia,Dump Truck,2025-01-20,2025,1,4,3,7362,1.35,Low
Australia,Dump Truck,2025-01-27,2025,1,5,6,26808,1.35,Medium
Australia,Dump Truck,2025-02-03,2025,2,6,2,15246,1.4,Low
Australia,Dump Truck,2025-02-10,2025,2,7,2,5324,1.4,Low
Australia,Dump Truck,2025-02-17,2025,2,8,6,36963,1.4,Medium
Australia,Dump Truck,2025-02-24,2025,2,9,4,12182,1.4,Low
Australia,Dump Truck,2025-03-03,2025,3,10,5,31758,1.35,Low
Australia,Dump Truck,2025-03-10,2025,3,11,4,27272,1.35,Low
Australia,Dump Truck,2025-03-17,2025,3,12,1,9258,1.35,Low
Australia,Dump Truck,2025-03-24,2025,3,13,3,7192,1.35,Low
Australia,Dump Truck,2025-03-31,2025,3,14,4,26553,1.35,Low
Australia,Dump Truck,2025-04-07,2025,4,15,5,52762,1.45,Low
Australia,Dump Truck,2025-04-14,2025,4,16,5,27874,1.45,Low
Australia,Dump Truck,2025-04-28,2025,4,18,2,12807,1.45,Low
Australia,Dump Truck,2025-05-05,2025,5,19,3,14254,1.5,Low
Australia,Dump Truck,2025-05-12,2025,5,20,2,24396,1.5,Low
Australia,Dump Truck,2025-05-19,2025,5,21,4,12827,1.5,Low
Australia,Dump Truck,2025-05-26,2025,5,22,1,8087,1.5,Low
Australia,Dump Truck,2025-06-02,2025,6,23,4,23662,1.35,Low
Australia,Dump Truck,2025-06-16,2025,6,25,6,29441,1.35,Medium
Australia,Dump Truck,2025-06-23,2025,6,26,4,27622,1.35,Low
Australia,Dump Truck,2025-06-30,2025,6,27,3,14527,1.35,Low
Australia,Dump Truck,2025-07-07,2025,7,28,2,18653,1.25,Low
Australia,Dump Truck,2025-07-14,2025,7,29,6,25670,1.25,Medium
Australia,Dump Truck,2025-07-21,2025,7,30,3,12998,1.25,Low
Australia,Dump Truck,2025-07-28,2025,7,31,3,12465,1.25,Low
Australia,Dump Truck,2025-08-04,2025,8,32,3,11839,1.2,Low
Australia,Dump Truck,2025-08-11,2025,8,33,1,11673,1.2,Low
Australia,Dump Truck,2025-08-18,2025,8,34,3,11594,1.2,Low
Australia,Dump Truck,2025-08-25,2025,8,35,6,54328,1.2,Medium
Australia,Dump Truck,2025-09-01,2025,9,36,3,21715,1.35,Low
Australia,Dump Truck,2025-09-08,2025,9,37,1,8763,1.35,Low
Australia,Dump Truck,2025-09-15,2025,9,38,4,20357,1.35,Low
Australia,Dump Truck,2025-09-22,2025,9,39,4,25957,1.35,Low
Australia,Dump Truck,2025-09-29,2025,9,40,3,17969,1.35,Low
Australia,Dump Truck,2025-10-06,2025,10,41,1,4612,1.4,Low
Australia,Dump Truck,2025-10-13,2025,10,42,6,26692,1.4,Medium
Australia,Dump Truck,2025-10-20,2025,10,43,4,16739,1.4,Low
Australia,Dump Truck,2025-10-27,2025,10,44,9,36951,1.4,Medium
Australia,Dump Truck,2025-11-03,2025,11,45,2,13669,1.4,Low
Australia,Dump Truck,2025-11-10,2025,11,46,5,23867,1.4,Low
Australia,Dump Truck,2025-11-17,2025,11,47,5,37862,1.4,Low
Australia,Dump Truck,2025-11-24,2025,11,48,4,22679,1.4,Low
Australia,Dump Truck,2025-12-01,2025,12,49,3,10913,1.35,Low
Australia,Dump Truck,2025-12-08,2025,12,50,3,10304,1.35,Low
Australia,Dump Truck,2025-12-15,2025,12,51,6,28768,1.35,Medium
Australia,Dump Truck,2025-12-22,2025,12,52,6,27720,1.35,Medium
Australia,Dump Truck,2025-12-29,2025,12,1,1,4377,1.35,Low
Australia,Dump Truck,2026-01-05,2026,1,2,6,37452,1.35,Medium
Australia,Dump Truck,2026-01-12,2026,1,3,3,19694,1.35,Low
Australia,Dump Truck,2026-01-26,2026,1,5,4,30595,1.35,Low
Australia,Dump Truck,2026-02-02,2026,2,6,3,30517,1.4,Low
Australia,Dump Truck,2026-02-09,2026,2,7,3,27472,1.4,Low
Australia,Dump Truck,2026-02-16,2026,2,8,5,11648,1.4,Low
Australia,Dump Truck,2026-02-23,2026,2,9,3,28843,1.4,Low
Australia,Dump Truck,2026-03-02,2026,3,10,1,2276,1.35,Low
Australia,Dump Truck,2026-03-09,2026,3,11,4,30457,1.35,Low
Australia,Dump Truck,2026-03-16,2026,3,12,1,4659,1.35,Low
Australia,Dump Truck,2026-03-23,2026,3,13,3,11391,1.35,Low
Australia,Dump Truck,2026-03-30,2026,3,14,3,8205,1.35,Low
Australia,Dump Truck,2026-04-06,2026,4,15,2,18557,1.45,Low
Australia,Dump Truck,2026-04-13,2026,4,16,2,15194,1.45,Low
Australia,Dump Truck,2026-04-27,2026,4,18,6,26808,1.45,Medium
Australia,Dump Truck,2026-05-04,2026,5,19,3,12755,1.5,Low
Australia,Dump Truck,2026-05-11,2026,5,20,4,14744,1.5,Low
Australia,Dump Truck,2026-05-18,2026,5,21,3,23659,1.5,Low
Australia,Dump Truck,2026-05-25,2026,5,22,3,13281,1.5,Low
Australia,Dump Truck,2026-06-01,2026,6,23,3,13639,1.35,Low
Australia,Dump Truck,2026-06-08,2026,6,24,2,23374,1.35,Low
Australia,Dump Truck,2026-06-15,2026,6,25,3,21434,1.35,Low
Australia,Dump Truck,2026-06-22,2026,6,26,2,6414,1.35,Low
Australia,Dump Truck,2026-06-29,2026,6,27,1,5350,1.35,Low
Australia,Excavator,2023-01-16,2023,1,3,7,83266,1.35,Medium
Australia,Excavator,2023-01-30,2023,1,5,3,30203,1.35,Low
Australia,Excavator,2023-02-06,2023,2,6,3,35254,1.4,Low
Australia,Excavator,2023-02-13,2023,2,7,3,18725,1.4,Low
Australia,Excavator,2023-02-20,2023,2,8,2,24595,1.4,Low
Australia,Excavator,2023-02-27,2023,2,9,1,11477,1.4,Low
Australia,Excavator,2023-03-13,2023,3,11,2,31417,1.3,Low
Australia,Excavator,2023-03-27,2023,3,13,1,22363,1.3,Low
Australia,Excavator,2023-04-03,2023,4,14,3,54588,1.5,Low
Australia,Excavator,2023-04-10,2023,4,15,2,12609,1.5,Low
Australia,Excavator,2023-04-17,2023,4,16,4,38551,1.5,Low
Australia,Excavator,2023-04-24,2023,4,17,2,28459,1.5,Low
Australia,Excavator,2023-05-01,2023,5,18,3,35923,1.55,Low
Australia,Excavator,2023-05-08,2023,5,19,1,7327,1.55,Low
Australia,Excavator,2023-05-15,2023,5,20,2,13702,1.55,Low
Australia,Excavator,2023-05-22,2023,5,21,4,21991,1.55,Low
Australia,Excavator,2023-05-29,2023,5,22,3,13195,1.55,Low
Australia,Excavator,2023-06-05,2023,6,23,1,25284,1.25,Low
Australia,Excavator,2023-06-12,2023,6,24,1,2504,1.25,Low
Australia,Excavator,2023-06-19,2023,6,25,2,18143,1.25,Low
Australia,Excavator,2023-07-03,2023,7,27,6,83581,1.05,Medium
Australia,Excavator,2023-07-10,2023,7,28,4,32511,1.05,Low
Australia,Excavator,2023-07-17,2023,7,29,2,12546,1.05,Low
Australia,Excavator,2023-07-24,2023,7,30,2,21377,1.05,Low
Australia,Excavator,2023-07-31,2023,7,31,1,6338,1.05,Low
Australia,Excavator,2023-08-07,2023,8,32,9,131484,1.05,Medium
Australia,Excavator,2023-08-14,2023,8,33,2,13623,1.05,Low
Australia,Excavator,2023-08-28,2023,8,35,4,17837,1.05,Low
Australia,Excavator,2023-09-04,2023,9,36,1,15915,1.3,Low
Australia,Excavator,2023-09-11,2023,9,37,3,53157,1.3,Low
Australia,Excavator,2023-09-25,2023,9,39,4,53261,1.3,Low
Australia,Excavator,2023-10-02,2023,10,40,3,7383,1.4,Low
Australia,Excavator,2023-10-09,2023,10,41,4,29793,1.4,Low
Australia,Excavator,2023-10-16,2023,10,42,3,17371,1.4,Low
Australia,Excavator,2023-10-23,2023,10,43,2,18261,1.4,Low
Australia,Excavator,2023-10-30,2023,10,44,2,26025,1.4,Low
Australia,Excavator,2023-11-06,2023,11,45,2,4795,1.4,Low
Australia,Excavator,2023-11-13,2023,11,46,3,34797,1.4,Low
Australia,Excavator,2023-11-20,2023,11,47,3,14452,1.4,Low
Australia,Excavator,2023-11-27,2023,11,48,3,66318,1.4,Low
Australia,Excavator,2023-12-04,2023,12,49,1,26294,1.35,Low
Australia,Excavator,2023-12-11,2023,12,50,2,18634,1.35,Low
Australia,Excavator,2023-12-18,2023,12,51,3,28874,1.35,Low
Australia,Excavator,2023-12-25,2023,12,52,3,9835,1.35,Low
Australia,Excavator,2024-01-01,2024,1,1,2,21124,1.35,Low
Australia,Excavator,2024-01-08,2024,1,2,2,8594,1.35,Low
Australia,Excavator,2024-01-15,2024,1,3,2,21462,1.35,Low
Australia,Excavator,2024-01-22,2024,1,4,5,48962,1.35,Low
Australia,Excavator,2024-01-29,2024,1,5,2,28844,1.35,Low
Australia,Excavator,2024-02-05,2024,2,6,5,43486,1.4,Low
Australia,Excavator,2024-02-12,2024,2,7,5,68637,1.4,Low
Australia,Excavator,2024-03-04,2024,3,10,2,7931,1.3,Low
Australia,Excavator,2024-03-11,2024,3,11,2,14159,1.3,Low
Australia,Excavator,2024-03-18,2024,3,12,5,55678,1.3,Low
Australia,Excavator,2024-03-25,2024,3,13,1,12244,1.3,Low
Australia,Excavator,2024-04-01,2024,4,14,5,62410,1.5,Low
Australia,Excavator,2024-04-08,2024,4,15,3,26917,1.5,Low
Australia,Excavator,2024-04-15,2024,4,16,2,5288,1.5,Low
Australia,Excavator,2024-04-22,2024,4,17,4,36975,1.5,Low
Australia,Excavator,2024-04-29,2024,4,18,2,16506,1.5,Low
Australia,Excavator,2024-05-06,2024,5,19,1,11587,1.55,Low
Australia,Excavator,2024-05-13,2024,5,20,2,26330,1.55,Low
Australia,Excavator,2024-05-27,2024,5,22,2,13508,1.55,Low
Australia,Excavator,2024-06-03,2024,6,23,1,28293,1.25,Low
Australia,Excavator,2024-06-10,2024,6,24,1,6832,1.25,Low
Australia,Excavator,2024-06-17,2024,6,25,4,41405,1.25,Low
Australia,Excavator,2024-06-24,2024,6,26,2,20287,1.25,Low
Australia,Excavator,2024-07-01,2024,7,27,4,32917,1.05,Low
Australia,Excavator,2024-07-08,2024,7,28,3,33670,1.05,Low
Australia,Excavator,2024-07-15,2024,7,29,2,17889,1.05,Low
Australia,Excavator,2024-07-22,2024,7,30,4,47513,1.05,Low
Australia,Excavator,2024-07-29,2024,7,31,2,31349,1.05,Low
Australia,Excavator,2024-08-05,2024,8,32,4,42061,1.05,Low
Australia,Excavator,2024-08-12,2024,8,33,3,26492,1.05,Low
Australia,Excavator,2024-08-19,2024,8,34,6,33228,1.05,Medium
Australia,Excavator,2024-08-26,2024,8,35,1,7407,1.05,Low
Australia,Excavator,2024-09-02,2024,9,36,2,18274,1.3,Low
Australia,Excavator,2024-09-09,2024,9,37,3,42818,1.3,Low
Australia,Excavator,2024-09-16,2024,9,38,2,8838,1.3,Low
Australia,Excavator,2024-09-23,2024,9,39,2,15853,1.3,Low
Australia,Excavator,2024-09-30,2024,9,40,2,14955,1.3,Low
Australia,Excavator,2024-10-07,2024,10,41,4,14692,1.4,Low
Australia,Excavator,2024-10-14,2024,10,42,3,32486,1.4,Low
Australia,Excavator,2024-10-21,2024,10,43,3,27228,1.4,Low
Australia,Excavator,2024-10-28,2024,10,44,4,26349,1.4,Low
Australia,Excavator,2024-11-04,2024,11,45,1,6418,1.4,Low
Australia,Excavator,2024-11-11,2024,11,46,3,16254,1.4,Low
Australia,Excavator,2024-11-18,2024,11,47,1,1718,1.4,Low
Australia,Excavator,2024-11-25,2024,11,48,2,3307,1.4,Low
Australia,Excavator,2024-12-02,2024,12,49,5,20908,1.35,Low
Australia,Excavator,2024-12-09,2024,12,50,5,49871,1.35,Low
Australia,Excavator,2024-12-16,2024,12,51,3,13590,1.35,Low
Australia,Excavator,2024-12-23,2024,12,52,1,2854,1.35,Low
Australia,Excavator,2024-12-30,2024,12,1,4,31075,1.35,Low
Australia,Excavator,2025-01-06,2025,1,2,4,55489,1.35,Low
Australia,Excavator,2025-01-13,2025,1,3,2,12692,1.35,Low
Australia,Excavator,2025-01-20,2025,1,4,4,58604,1.35,Low
Australia,Excavator,2025-01-27,2025,1,5,2,25044,1.35,Low
Australia,Excavator,2025-02-03,2025,2,6,3,12356,1.4,Low
Australia,Excavator,2025-02-10,2025,2,7,1,6763,1.4,Low
Australia,Excavator,2025-02-17,2025,2,8,3,18501,1.4,Low
Australia,Excavator,2025-02-24,2025,2,9,2,21518,1.4,Low
Australia,Excavator,2025-03-03,2025,3,10,2,13607,1.3,Low
Australia,Excavator,2025-03-24,2025,3,13,3,31793,1.3,Low
Australia,Excavator,2025-03-31,2025,3,14,4,37455,1.3,Low
Australia,Excavator,2025-04-07,2025,4,15,1,7428,1.5,Low
Australia,Excavator,2025-04-14,2025,4,16,2,8423,1.5,Low
Australia,Excavator,2025-04-21,2025,4,17,1,9127,1.5,Low
Australia,Excavator,2025-04-28,2025,4,18,2,7215,1.5,Low
Australia,Excavator,2025-05-05,2025,5,19,2,22273,1.55,Low
Australia,Excavator,2025-05-19,2025,5,21,2,22005,1.55,Low
Australia,Excavator,2025-05-26,2025,5,22,2,7072,1.55,Low
Australia,Excavator,2025-06-02,2025,6,23,2,25294,1.25,Low
Australia,Excavator,2025-06-16,2025,6,25,2,20894,1.25,Low
Australia,Excavator,2025-06-23,2025,6,26,2,13111,1.25,Low
Australia,Excavator,2025-06-30,2025,6,27,3,10655,1.25,Low
Australia,Excavator,2025-07-07,2025,7,28,1,1646,1.05,Low
Australia,Excavator,2025-07-21,2025,7,30,3,26971,1.05,Low
Australia,Excavator,2025-07-28,2025,7,31,2,17324,1.05,Low
Australia,Excavator,2025-08-04,2025,8,32,5,32824,1.05,Low
Australia,Excavator,2025-08-11,2025,8,33,3,28578,1.05,Low
Australia,Excavator,2025-08-18,2025,8,34,3,18534,1.05,Low
Australia,Excavator,2025-08-25,2025,8,35,1,17921,1.05,Low
Australia,Excavator,2025-09-01,2025,9,36,3,25748,1.3,Low
Australia,Excavator,2025-09-08,2025,9,37,2,25997,1.3,Low
Australia,Excavator,2025-09-15,2025,9,38,2,9988,1.3,Low
Australia,Excavator,2025-09-22,2025,9,39,2,17501,1.3,Low
Australia,Excavator,2025-09-29,2025,9,40,2,12842,1.3,Low
Australia,Excavator,2025-10-06,2025,10,41,4,13571,1.4,Low
Australia,Excavator,2025-10-13,2025,10,42,3,47072,1.4,Low
Australia,Excavator,2025-10-20,2025,10,43,3,29743,1.4,Low
Australia,Excavator,2025-10-27,2025,10,44,2,7088,1.4,Low
Australia,Excavator,2025-11-03,2025,11,45,3,32643,1.4,Low
Australia,Excavator,2025-11-10,2025,11,46,3,11529,1.4,Low
Australia,Excavator,2025-11-17,2025,11,47,2,25453,1.4,Low
Australia,Excavator,2025-11-24,2025,11,48,2,8694,1.4,Low
Australia,Excavator,2025-12-01,2025,12,49,1,1736,1.35,Low
Australia,Excavator,2025-12-08,2025,12,50,6,59717,1.35,Medium
Australia,Excavator,2025-12-15,2025,12,51,4,58964,1.35,Low
Australia,Excavator,2025-12-22,2025,12,52,2,17080,1.35,Low
Australia,Excavator,2025-12-29,2025,12,1,3,25982,1.35,Low
Australia,Excavator,2026-01-05,2026,1,2,2,18390,1.35,Low
Australia,Excavator,2026-01-12,2026,1,3,4,14664,1.35,Low
Australia,Excavator,2026-01-19,2026,1,4,6,56214,1.35,Medium
Australia,Excavator,2026-01-26,2026,1,5,4,62950,1.35,Low
Australia,Excavator,2026-02-02,2026,2,6,2,17180,1.4,Low
Australia,Excavator,2026-02-09,2026,2,7,1,4509,1.4,Low
Australia,Excavator,2026-02-16,2026,2,8,2,17115,1.4,Low
Australia,Excavator,2026-02-23,2026,2,9,3,20359,1.4,Low
Australia,Excavator,2026-03-09,2026,3,11,6,66545,1.3,Medium
Australia,Excavator,2026-03-16,2026,3,12,1,1967,1.3,Low
Australia,Excavator,2026-03-30,2026,3,14,4,76656,1.3,Low
Australia,Excavator,2026-04-06,2026,4,15,1,14156,1.5,Low
Australia,Excavator,2026-04-13,2026,4,16,1,2522,1.5,Low
Australia,Excavator,2026-05-04,2026,5,19,1,10716,1.55,Low
Australia,Excavator,2026-05-11,2026,5,20,2,16072,1.55,Low
Australia,Excavator,2026-05-18,2026,5,21,1,9278,1.55,Low
Australia,Excavator,2026-05-25,2026,5,22,1,4683,1.55,Low
Australia,Excavator,2026-06-01,2026,6,23,5,77899,1.25,Low
Australia,Excavator,2026-06-08,2026,6,24,1,16026,1.25,Low
Australia,Excavator,2026-06-15,2026,6,25,1,10531,1.25,Low
Australia,Motor Grader,2023-01-02,2023,1,1,1,2548,1.3,Low
Australia,Motor Grader,2023-01-09,2023,1,2,1,11288,1.3,Low
Australia,Motor Grader,2023-01-16,2023,1,3,3,27963,1.3,Low
Australia,Motor Grader,2023-01-23,2023,1,4,7,42419,1.3,Medium
Australia,Motor Grader,2023-01-30,2023,1,5,1,9801,1.3,Low
Australia,Motor Grader,2023-02-06,2023,2,6,4,60518,1.35,Low
Australia,Motor Grader,2023-02-20,2023,2,8,2,40736,1.35,Low
Australia,Motor Grader,2023-02-27,2023,2,9,1,8185,1.35,Low
Australia,Motor Grader,2023-03-06,2023,3,10,2,5929,1.3,Low
Australia,Motor Grader,2023-03-13,2023,3,11,2,7873,1.3,Low
Australia,Motor Grader,2023-03-20,2023,3,12,3,46037,1.3,Low
Australia,Motor Grader,2023-03-27,2023,3,13,2,10252,1.3,Low
Australia,Motor Grader,2023-04-03,2023,4,14,2,16013,1.45,Low
Australia,Motor Grader,2023-04-10,2023,4,15,3,12368,1.45,Low
Australia,Motor Grader,2023-04-24,2023,4,17,2,30407,1.45,Low
Australia,Motor Grader,2023-05-01,2023,5,18,6,50840,1.5,Medium
Australia,Motor Grader,2023-05-08,2023,5,19,2,11746,1.5,Low
Australia,Motor Grader,2023-05-29,2023,5,22,3,26825,1.5,Low
Australia,Motor Grader,2023-06-05,2023,6,23,2,15735,1.3,Low
Australia,Motor Grader,2023-06-12,2023,6,24,1,6586,1.3,Low
Australia,Motor Grader,2023-06-19,2023,6,25,1,22869,1.3,Low
Australia,Motor Grader,2023-06-26,2023,6,26,1,1897,1.3,Low
Australia,Motor Grader,2023-07-03,2023,7,27,2,15619,1.2,Low
Australia,Motor Grader,2023-07-10,2023,7,28,5,96395,1.2,Low
Australia,Motor Grader,2023-07-17,2023,7,29,2,20828,1.2,Low
Australia,Motor Grader,2023-07-24,2023,7,30,1,6081,1.2,Low
Australia,Motor Grader,2023-07-31,2023,7,31,3,16676,1.2,Low
Australia,Motor Grader,2023-08-07,2023,8,32,1,7256,1.15,Low
Australia,Motor Grader,2023-08-14,2023,8,33,6,58307,1.15,Medium
Australia,Motor Grader,2023-08-21,2023,8,34,3,18210,1.15,Low
Australia,Motor Grader,2023-08-28,2023,8,35,1,12016,1.15,Low
Australia,Motor Grader,2023-09-04,2023,9,36,3,15185,1.3,Low
Australia,Motor Grader,2023-09-11,2023,9,37,3,33850,1.3,Low
Australia,Motor Grader,2023-09-18,2023,9,38,3,30861,1.3,Low
Australia,Motor Grader,2023-09-25,2023,9,39,2,15864,1.3,Low
Australia,Motor Grader,2023-10-02,2023,10,40,5,54047,1.4,Low
Australia,Motor Grader,2023-10-09,2023,10,41,2,10186,1.4,Low
Australia,Motor Grader,2023-10-16,2023,10,42,3,33100,1.4,Low
Australia,Motor Grader,2023-10-23,2023,10,43,3,19570,1.4,Low
Australia,Motor Grader,2023-10-30,2023,10,44,5,45754,1.4,Low
Australia,Motor Grader,2023-11-06,2023,11,45,2,20433,1.35,Low
Australia,Motor Grader,2023-11-13,2023,11,46,5,67084,1.35,Low
Australia,Motor Grader,2023-11-20,2023,11,47,5,28389,1.35,Low
Australia,Motor Grader,2023-11-27,2023,11,48,4,33630,1.35,Low
Australia,Motor Grader,2023-12-04,2023,12,49,5,45297,1.3,Low
Australia,Motor Grader,2023-12-11,2023,12,50,4,48704,1.3,Low
Australia,Motor Grader,2023-12-18,2023,12,51,3,42577,1.3,Low
Australia,Motor Grader,2023-12-25,2023,12,52,2,16479,1.3,Low
Australia,Motor Grader,2024-01-01,2024,1,1,4,33563,1.3,Low
Australia,Motor Grader,2024-01-08,2024,1,2,2,12363,1.3,Low
Australia,Motor Grader,2024-01-15,2024,1,3,4,56540,1.3,Low
Australia,Motor Grader,2024-01-22,2024,1,4,3,24176,1.3,Low
Australia,Motor Grader,2024-01-29,2024,1,5,2,54588,1.3,Low
Australia,Motor Grader,2024-02-05,2024,2,6,2,12597,1.35,Low
Australia,Motor Grader,2024-02-12,2024,2,7,3,26569,1.35,Low
Australia,Motor Grader,2024-02-19,2024,2,8,4,47896,1.35,Low
Australia,Motor Grader,2024-02-26,2024,2,9,2,6254,1.35,Low
Australia,Motor Grader,2024-03-04,2024,3,10,1,8840,1.3,Low
Australia,Motor Grader,2024-03-11,2024,3,11,4,39130,1.3,Low
Australia,Motor Grader,2024-03-18,2024,3,12,2,32436,1.3,Low
Australia,Motor Grader,2024-04-01,2024,4,14,3,25886,1.45,Low
Australia,Motor Grader,2024-04-08,2024,4,15,2,12816,1.45,Low
Australia,Motor Grader,2024-04-15,2024,4,16,1,14841,1.45,Low
Australia,Motor Grader,2024-04-22,2024,4,17,2,14633,1.45,Low
Australia,Motor Grader,2024-04-29,2024,4,18,2,35253,1.45,Low
Australia,Motor Grader,2024-05-06,2024,5,19,3,49831,1.5,Low
Australia,Motor Grader,2024-05-13,2024,5,20,3,21228,1.5,Low
Australia,Motor Grader,2024-05-20,2024,5,21,3,38084,1.5,Low
Australia,Motor Grader,2024-05-27,2024,5,22,4,73801,1.5,Low
Australia,Motor Grader,2024-06-03,2024,6,23,2,26143,1.3,Low
Australia,Motor Grader,2024-06-10,2024,6,24,1,14946,1.3,Low
Australia,Motor Grader,2024-06-17,2024,6,25,3,17276,1.3,Low
Australia,Motor Grader,2024-06-24,2024,6,26,4,48526,1.3,Low
Australia,Motor Grader,2024-07-01,2024,7,27,3,22836,1.2,Low
Australia,Motor Grader,2024-07-08,2024,7,28,6,82748,1.2,Medium
Australia,Motor Grader,2024-07-15,2024,7,29,2,10439,1.2,Low
Australia,Motor Grader,2024-07-22,2024,7,30,4,42772,1.2,Low
Australia,Motor Grader,2024-07-29,2024,7,31,2,38036,1.2,Low
Australia,Motor Grader,2024-08-05,2024,8,32,3,36172,1.15,Low
Australia,Motor Grader,2024-08-12,2024,8,33,1,12729,1.15,Low
Australia,Motor Grader,2024-08-19,2024,8,34,4,53854,1.15,Low
Australia,Motor Grader,2024-08-26,2024,8,35,3,13708,1.15,Low
Australia,Motor Grader,2024-09-02,2024,9,36,4,20017,1.3,Low
Australia,Motor Grader,2024-09-09,2024,9,37,3,48726,1.3,Low
Australia,Motor Grader,2024-09-16,2024,9,38,5,33536,1.3,Low
Australia,Motor Grader,2024-09-23,2024,9,39,3,39539,1.3,Low
Australia,Motor Grader,2024-09-30,2024,9,40,5,53188,1.3,Low
Australia,Motor Grader,2024-10-07,2024,10,41,6,83754,1.4,Medium
Australia,Motor Grader,2024-10-14,2024,10,42,2,25495,1.4,Low
Australia,Motor Grader,2024-10-21,2024,10,43,4,38626,1.4,Low
Australia,Motor Grader,2024-10-28,2024,10,44,3,16872,1.4,Low
Australia,Motor Grader,2024-11-04,2024,11,45,2,35084,1.35,Low
Australia,Motor Grader,2024-11-11,2024,11,46,1,4287,1.35,Low
Australia,Motor Grader,2024-11-18,2024,11,47,6,71799,1.35,Medium
Australia,Motor Grader,2024-11-25,2024,11,48,3,25132,1.35,Low
Australia,Motor Grader,2024-12-02,2024,12,49,3,29946,1.3,Low
Australia,Motor Grader,2024-12-09,2024,12,50,1,5608,1.3,Low
Australia,Motor Grader,2024-12-16,2024,12,51,3,39363,1.3,Low
Australia,Motor Grader,2024-12-23,2024,12,52,5,60107,1.3,Low
Australia,Motor Grader,2024-12-30,2024,12,1,2,31392,1.3,Low
Australia,Motor Grader,2025-01-06,2025,1,2,6,55368,1.3,Medium
Australia,Motor Grader,2025-01-13,2025,1,3,2,14768,1.3,Low
Australia,Motor Grader,2025-01-20,2025,1,4,3,23048,1.3,Low
Australia,Motor Grader,2025-01-27,2025,1,5,1,10608,1.3,Low
Australia,Motor Grader,2025-02-03,2025,2,6,3,24690,1.35,Low
Australia,Motor Grader,2025-02-10,2025,2,7,3,39817,1.35,Low
Australia,Motor Grader,2025-02-17,2025,2,8,2,25559,1.35,Low
Australia,Motor Grader,2025-02-24,2025,2,9,3,25024,1.35,Low
Australia,Motor Grader,2025-03-03,2025,3,10,2,10260,1.3,Low
Australia,Motor Grader,2025-03-10,2025,3,11,1,2156,1.3,Low
Australia,Motor Grader,2025-03-24,2025,3,13,4,21896,1.3,Low
Australia,Motor Grader,2025-03-31,2025,3,14,5,63858,1.3,Low
Australia,Motor Grader,2025-04-07,2025,4,15,2,15407,1.45,Low
Australia,Motor Grader,2025-04-14,2025,4,16,2,24697,1.45,Low
Australia,Motor Grader,2025-04-21,2025,4,17,1,3069,1.45,Low
Australia,Motor Grader,2025-04-28,2025,4,18,5,70908,1.45,Low
Australia,Motor Grader,2025-05-05,2025,5,19,3,41861,1.5,Low
Australia,Motor Grader,2025-05-12,2025,5,20,4,21457,1.5,Low
Australia,Motor Grader,2025-05-19,2025,5,21,4,31026,1.5,Low
Australia,Motor Grader,2025-06-02,2025,6,23,1,5947,1.3,Low
Australia,Motor Grader,2025-06-09,2025,6,24,4,21611,1.3,Low
Australia,Motor Grader,2025-06-16,2025,6,25,4,36037,1.3,Low
Australia,Motor Grader,2025-06-30,2025,6,27,1,24928,1.3,Low
Australia,Motor Grader,2025-07-07,2025,7,28,2,35533,1.2,Low
Australia,Motor Grader,2025-07-14,2025,7,29,2,13603,1.2,Low
Australia,Motor Grader,2025-07-21,2025,7,30,1,14938,1.2,Low
Australia,Motor Grader,2025-07-28,2025,7,31,7,54744,1.2,Medium
Australia,Motor Grader,2025-08-04,2025,8,32,5,59814,1.15,Low
Australia,Motor Grader,2025-08-11,2025,8,33,3,30332,1.15,Low
Australia,Motor Grader,2025-08-18,2025,8,34,2,31141,1.15,Low
Australia,Motor Grader,2025-08-25,2025,8,35,3,21973,1.15,Low
Australia,Motor Grader,2025-09-01,2025,9,36,3,28706,1.3,Low
Australia,Motor Grader,2025-09-08,2025,9,37,3,16122,1.3,Low
Australia,Motor Grader,2025-09-15,2025,9,38,6,63054,1.3,Medium
Australia,Motor Grader,2025-09-22,2025,9,39,5,74012,1.3,Low
Australia,Motor Grader,2025-09-29,2025,9,40,6,71594,1.3,Medium
Australia,Motor Grader,2025-10-06,2025,10,41,2,16195,1.4,Low
Australia,Motor Grader,2025-10-13,2025,10,42,3,40672,1.4,Low
Australia,Motor Grader,2025-10-20,2025,10,43,2,28256,1.4,Low
Australia,Motor Grader,2025-10-27,2025,10,44,1,16295,1.4,Low
Australia,Motor Grader,2025-11-03,2025,11,45,5,61222,1.35,Low
Australia,Motor Grader,2025-11-10,2025,11,46,3,40078,1.35,Low
Australia,Motor Grader,2025-11-17,2025,11,47,4,57860,1.35,Low
Australia,Motor Grader,2025-11-24,2025,11,48,4,32716,1.35,Low
Australia,Motor Grader,2025-12-01,2025,12,49,3,24941,1.3,Low
Australia,Motor Grader,2025-12-08,2025,12,50,2,19420,1.3,Low
Australia,Motor Grader,2025-12-15,2025,12,51,4,40859,1.3,Low
Australia,Motor Grader,2025-12-22,2025,12,52,1,3757,1.3,Low
Australia,Motor Grader,2025-12-29,2025,12,1,7,78718,1.3,Medium
Australia,Motor Grader,2026-01-05,2026,1,2,5,38934,1.3,Low
Australia,Motor Grader,2026-01-12,2026,1,3,3,44179,1.3,Low
Australia,Motor Grader,2026-01-19,2026,1,4,2,20271,1.3,Low
Australia,Motor Grader,2026-01-26,2026,1,5,5,53567,1.3,Low
Australia,Motor Grader,2026-02-09,2026,2,7,3,43509,1.35,Low
Australia,Motor Grader,2026-02-16,2026,2,8,2,10783,1.35,Low
Australia,Motor Grader,2026-03-02,2026,3,10,1,2947,1.3,Low
Australia,Motor Grader,2026-03-16,2026,3,12,1,4624,1.3,Low
Australia,Motor Grader,2026-03-23,2026,3,13,3,27947,1.3,Low
Australia,Motor Grader,2026-03-30,2026,3,14,3,30301,1.3,Low
Australia,Motor Grader,2026-04-06,2026,4,15,1,13078,1.45,Low
Australia,Motor Grader,2026-04-13,2026,4,16,2,11037,1.45,Low
Australia,Motor Grader,2026-04-20,2026,4,17,1,1813,1.45,Low
Australia,Motor Grader,2026-04-27,2026,4,18,1,14014,1.45,Low
Australia,Motor Grader,2026-05-04,2026,5,19,6,45860,1.5,Medium
Australia,Motor Grader,2026-05-11,2026,5,20,2,3996,1.5,Low
Australia,Motor Grader,2026-05-18,2026,5,21,1,8162,1.5,Low
Australia,Motor Grader,2026-05-25,2026,5,22,1,4156,1.5,Low
Australia,Motor Grader,2026-06-01,2026,6,23,1,22063,1.3,Low
Australia,Motor Grader,2026-06-08,2026,6,24,1,3168,1.3,Low
Australia,Motor Grader,2026-06-15,2026,6,25,4,26052,1.3,Low
Australia,Motor Grader,2026-06-22,2026,6,26,4,32619,1.3,Low
Australia,Motor Grader,2026-06-29,2026,6,27,2,21935,1.3,Low
Australia,Scraper,2023-01-02,2023,1,1,7,110986,1.3,Medium
Australia,Scraper,2023-01-16,2023,1,3,1,17392,1.3,Low
Australia,Scraper,2023-01-23,2023,1,4,4,71209,1.3,Low
Australia,Scraper,2023-01-30,2023,1,5,3,23109,1.3,Low
Australia,Scraper,2023-02-13,2023,2,7,2,55185,1.35,Low
Australia,Scraper,2023-02-20,2023,2,8,3,39374,1.35,Low
Australia,Scraper,2023-02-27,2023,2,9,2,29885,1.35,Low
Australia,Scraper,2023-03-06,2023,3,10,5,70743,1.3,Low
Australia,Scraper,2023-03-20,2023,3,12,1,5355,1.3,Low
Australia,Scraper,2023-03-27,2023,3,13,1,11707,1.3,Low
Australia,Scraper,2023-04-03,2023,4,14,2,27657,1.45,Low
Australia,Scraper,2023-04-10,2023,4,15,4,36846,1.45,Low
Australia,Scraper,2023-04-17,2023,4,16,4,29960,1.45,Low
Australia,Scraper,2023-04-24,2023,4,17,2,16330,1.45,Low
Australia,Scraper,2023-05-15,2023,5,20,2,11545,1.55,Low
Australia,Scraper,2023-05-22,2023,5,21,3,59450,1.55,Low
Australia,Scraper,2023-06-12,2023,6,24,4,38425,1.3,Low
Australia,Scraper,2023-06-19,2023,6,25,3,23568,1.3,Low
Australia,Scraper,2023-06-26,2023,6,26,3,51159,1.3,Low
Australia,Scraper,2023-07-03,2023,7,27,6,108398,1.15,Medium
Australia,Scraper,2023-07-10,2023,7,28,1,4854,1.15,Low
Australia,Scraper,2023-07-17,2023,7,29,2,13759,1.15,Low
Australia,Scraper,2023-07-24,2023,7,30,5,88782,1.15,Low
Australia,Scraper,2023-07-31,2023,7,31,2,17396,1.15,Low
Australia,Scraper,2023-08-07,2023,8,32,1,8073,1.1,Low
Australia,Scraper,2023-08-14,2023,8,33,4,42483,1.1,Low
Australia,Scraper,2023-08-21,2023,8,34,1,3213,1.1,Low
Australia,Scraper,2023-08-28,2023,8,35,1,10154,1.1,Low
Australia,Scraper,2023-09-04,2023,9,36,3,30430,1.3,Low
Australia,Scraper,2023-09-11,2023,9,37,2,19995,1.3,Low
Australia,Scraper,2023-09-18,2023,9,38,2,30127,1.3,Low
Australia,Scraper,2023-09-25,2023,9,39,2,12344,1.3,Low
Australia,Scraper,2023-10-02,2023,10,40,2,18794,1.4,Low
Australia,Scraper,2023-10-09,2023,10,41,4,47657,1.4,Low
Australia,Scraper,2023-10-16,2023,10,42,3,36887,1.4,Low
Australia,Scraper,2023-10-23,2023,10,43,4,43400,1.4,Low
Australia,Scraper,2023-10-30,2023,10,44,5,72741,1.4,Low
Australia,Scraper,2023-11-06,2023,11,45,2,25158,1.35,Low
Australia,Scraper,2023-11-13,2023,11,46,3,59622,1.35,Low
Australia,Scraper,2023-11-20,2023,11,47,2,7891,1.35,Low
Australia,Scraper,2023-11-27,2023,11,48,3,51285,1.35,Low
Australia,Scraper,2023-12-04,2023,12,49,4,42402,1.3,Low
Australia,Scraper,2023-12-11,2023,12,50,1,9322,1.3,Low
Australia,Scraper,2023-12-18,2023,12,51,4,87420,1.3,Low
Australia,Scraper,2023-12-25,2023,12,52,4,23925,1.3,Low
Australia,Scraper,2024-01-01,2024,1,1,5,34195,1.3,Low
Australia,Scraper,2024-01-08,2024,1,2,2,21909,1.3,Low
Australia,Scraper,2024-01-15,2024,1,3,3,26706,1.3,Low
Australia,Scraper,2024-02-05,2024,2,6,3,49228,1.35,Low
Australia,Scraper,2024-02-19,2024,2,8,2,35708,1.35,Low
Australia,Scraper,2024-03-04,2024,3,10,1,10688,1.3,Low
Australia,Scraper,2024-03-11,2024,3,11,1,5327,1.3,Low
Australia,Scraper,2024-03-18,2024,3,12,1,5301,1.3,Low
Australia,Scraper,2024-03-25,2024,3,13,1,4916,1.3,Low
Australia,Scraper,2024-04-15,2024,4,16,1,6133,1.45,Low
Australia,Scraper,2024-04-22,2024,4,17,2,14327,1.45,Low
Australia,Scraper,2024-04-29,2024,4,18,2,41005,1.45,Low
Australia,Scraper,2024-05-06,2024,5,19,1,8166,1.55,Low
Australia,Scraper,2024-05-13,2024,5,20,2,33050,1.55,Low
Australia,Scraper,2024-05-20,2024,5,21,2,26865,1.55,Low
Australia,Scraper,2024-05-27,2024,5,22,2,14867,1.55,Low
Australia,Scraper,2024-06-03,2024,6,23,2,43732,1.3,Low
Australia,Scraper,2024-06-10,2024,6,24,2,34354,1.3,Low
Australia,Scraper,2024-06-17,2024,6,25,1,12491,1.3,Low
Australia,Scraper,2024-06-24,2024,6,26,1,9983,1.3,Low
Australia,Scraper,2024-07-01,2024,7,27,3,17827,1.15,Low
Australia,Scraper,2024-07-08,2024,7,28,5,77180,1.15,Low
Australia,Scraper,2024-07-15,2024,7,29,3,45927,1.15,Low
Australia,Scraper,2024-07-22,2024,7,30,2,16312,1.15,Low
Australia,Scraper,2024-07-29,2024,7,31,2,7890,1.15,Low
Australia,Scraper,2024-08-05,2024,8,32,3,18341,1.1,Low
Australia,Scraper,2024-08-12,2024,8,33,3,36142,1.1,Low
Australia,Scraper,2024-08-19,2024,8,34,4,57369,1.1,Low
Australia,Scraper,2024-08-26,2024,8,35,3,37617,1.1,Low
Australia,Scraper,2024-09-02,2024,9,36,3,45931,1.3,Low
Australia,Scraper,2024-09-09,2024,9,37,3,38741,1.3,Low
Australia,Scraper,2024-09-16,2024,9,38,5,74836,1.3,Low
Australia,Scraper,2024-09-23,2024,9,39,3,32275,1.3,Low
Australia,Scraper,2024-10-14,2024,10,42,4,64098,1.4,Low
Australia,Scraper,2024-10-21,2024,10,43,3,19068,1.4,Low
Australia,Scraper,2024-10-28,2024,10,44,2,27723,1.4,Low
Australia,Scraper,2024-11-04,2024,11,45,3,42189,1.35,Low
Australia,Scraper,2024-11-11,2024,11,46,6,84165,1.35,Medium
Australia,Scraper,2024-11-18,2024,11,47,3,43349,1.35,Low
Australia,Scraper,2024-11-25,2024,11,48,4,57864,1.35,Low
Australia,Scraper,2024-12-02,2024,12,49,4,87519,1.3,Low
Australia,Scraper,2024-12-09,2024,12,50,3,38110,1.3,Low
Australia,Scraper,2024-12-16,2024,12,51,2,11342,1.3,Low
Australia,Scraper,2024-12-23,2024,12,52,1,4219,1.3,Low
Australia,Scraper,2024-12-30,2024,12,1,5,58118,1.3,Low
Australia,Scraper,2025-01-06,2025,1,2,2,30258,1.3,Low
Australia,Scraper,2025-01-13,2025,1,3,2,10725,1.3,Low
Australia,Scraper,2025-01-20,2025,1,4,4,41277,1.3,Low
Australia,Scraper,2025-01-27,2025,1,5,1,19171,1.3,Low
Australia,Scraper,2025-02-03,2025,2,6,3,46508,1.35,Low
Australia,Scraper,2025-02-10,2025,2,7,2,19614,1.35,Low
Australia,Scraper,2025-02-17,2025,2,8,5,65947,1.35,Low
Australia,Scraper,2025-02-24,2025,2,9,1,2608,1.35,Low
Australia,Scraper,2025-03-10,2025,3,11,1,10760,1.3,Low
Australia,Scraper,2025-03-17,2025,3,12,2,31270,1.3,Low
Australia,Scraper,2025-03-24,2025,3,13,2,15625,1.3,Low
Australia,Scraper,2025-03-31,2025,3,14,3,54506,1.3,Low
Australia,Scraper,2025-04-07,2025,4,15,2,27836,1.45,Low
Australia,Scraper,2025-04-14,2025,4,16,3,24651,1.45,Low
Australia,Scraper,2025-04-21,2025,4,17,3,26770,1.45,Low
Australia,Scraper,2025-04-28,2025,4,18,2,26475,1.45,Low
Australia,Scraper,2025-05-05,2025,5,19,3,32926,1.55,Low
Australia,Scraper,2025-05-12,2025,5,20,1,9258,1.55,Low
Australia,Scraper,2025-05-19,2025,5,21,2,46574,1.55,Low
Australia,Scraper,2025-05-26,2025,5,22,2,9736,1.55,Low
Australia,Scraper,2025-06-02,2025,6,23,4,69300,1.3,Low
Australia,Scraper,2025-06-09,2025,6,24,3,25035,1.3,Low
Australia,Scraper,2025-06-16,2025,6,25,3,49314,1.3,Low
Australia,Scraper,2025-06-23,2025,6,26,3,25245,1.3,Low
Australia,Scraper,2025-06-30,2025,6,27,1,3847,1.3,Low
Australia,Scraper,2025-07-07,2025,7,28,2,20585,1.15,Low
Australia,Scraper,2025-07-14,2025,7,29,2,37335,1.15,Low
Australia,Scraper,2025-07-21,2025,7,30,2,32275,1.15,Low
Australia,Scraper,2025-07-28,2025,7,31,1,6451,1.15,Low
Australia,Scraper,2025-08-04,2025,8,32,2,42218,1.1,Low
Australia,Scraper,2025-08-11,2025,8,33,4,41231,1.1,Low
Australia,Scraper,2025-08-18,2025,8,34,5,77357,1.1,Low
Australia,Scraper,2025-08-25,2025,8,35,3,14268,1.1,Low
Australia,Scraper,2025-09-01,2025,9,36,2,17244,1.3,Low
Australia,Scraper,2025-09-08,2025,9,37,5,43805,1.3,Low
Australia,Scraper,2025-09-22,2025,9,39,4,27214,1.3,Low
Australia,Scraper,2025-09-29,2025,9,40,2,34774,1.3,Low
Australia,Scraper,2025-10-06,2025,10,41,3,24556,1.4,Low
Australia,Scraper,2025-10-13,2025,10,42,3,38911,1.4,Low
Australia,Scraper,2025-10-20,2025,10,43,5,48041,1.4,Low
Australia,Scraper,2025-10-27,2025,10,44,4,45986,1.4,Low
Australia,Scraper,2025-11-03,2025,11,45,4,54521,1.35,Low
Australia,Scraper,2025-11-10,2025,11,46,4,40621,1.35,Low
Australia,Scraper,2025-11-17,2025,11,47,1,22164,1.35,Low
Australia,Scraper,2025-11-24,2025,11,48,6,56186,1.35,Medium
Australia,Scraper,2025-12-01,2025,12,49,3,23742,1.3,Low
Australia,Scraper,2025-12-15,2025,12,51,4,41486,1.3,Low
Australia,Scraper,2025-12-22,2025,12,52,4,78274,1.3,Low
Australia,Scraper,2026-01-05,2026,1,2,2,16329,1.3,Low
Australia,Scraper,2026-01-12,2026,1,3,2,8959,1.3,Low
Australia,Scraper,2026-01-19,2026,1,4,1,19818,1.3,Low
Australia,Scraper,2026-01-26,2026,1,5,4,48591,1.3,Low
Australia,Scraper,2026-02-02,2026,2,6,3,12577,1.35,Low
Australia,Scraper,2026-02-16,2026,2,8,5,59163,1.35,Low
Australia,Scraper,2026-02-23,2026,2,9,3,46550,1.35,Low
Australia,Scraper,2026-03-02,2026,3,10,1,11902,1.3,Low
Australia,Scraper,2026-03-09,2026,3,11,2,22174,1.3,Low
Australia,Scraper,2026-03-16,2026,3,12,1,5267,1.3,Low
Australia,Scraper,2026-03-23,2026,3,13,2,8955,1.3,Low
Australia,Scraper,2026-03-30,2026,3,14,3,38194,1.3,Low
Australia,Scraper,2026-04-06,2026,4,15,4,35225,1.45,Low
Australia,Scraper,2026-04-13,2026,4,16,3,21039,1.45,Low
Australia,Scraper,2026-04-20,2026,4,17,2,21013,1.45,Low
Australia,Scraper,2026-05-04,2026,5,19,1,26372,1.55,Low
Australia,Scraper,2026-05-11,2026,5,20,2,73714,1.55,Low
Australia,Scraper,2026-05-18,2026,5,21,3,39099,1.55,Low
Australia,Scraper,2026-05-25,2026,5,22,1,5435,1.55,Low
Australia,Scraper,2026-06-01,2026,6,23,2,13980,1.3,Low
Australia,Scraper,2026-06-08,2026,6,24,3,14100,1.3,Low
Australia,Scraper,2026-06-15,2026,6,25,2,32540,1.3,Low
Australia,Scraper,2026-06-22,2026,6,26,7,66092,1.3,Medium
Australia,Scraper,2026-06-29,2026,6,27,1,5599,1.3,Low
Australia,Skid Steer Loader,2023-01-02,2023,1,1,2,4336,1.2,Low
Australia,Skid Steer Loader,2023-01-09,2023,1,2,1,2390,1.2,Low
Australia,Skid Steer Loader,2023-01-16,2023,1,3,3,18134,1.2,Low
Australia,Skid Steer Loader,2023-01-30,2023,1,5,1,550,1.2,Low
Australia,Skid Steer Loader,2023-02-20,2023,2,8,2,5074,1.25,Low
Australia,Skid Steer Loader,2023-02-27,2023,2,9,1,1173,1.25,Low
Australia,Skid Steer Loader,2023-03-06,2023,3,10,3,6512,1.2,Low
Australia,Skid Steer Loader,2023-03-20,2023,3,12,2,8698,1.2,Low
Australia,Skid Steer Loader,2023-04-10,2023,4,15,2,5305,1.3,Low
Australia,Skid Steer Loader,2023-04-17,2023,4,16,2,7433,1.3,Low
Australia,Skid Steer Loader,2023-04-24,2023,4,17,1,5747,1.3,Low
Australia,Skid Steer Loader,2023-05-08,2023,5,19,1,3106,1.35,Low
Australia,Skid Steer Loader,2023-05-15,2023,5,20,1,641,1.35,Low
Australia,Skid Steer Loader,2023-05-22,2023,5,21,1,3564,1.35,Low
Australia,Skid Steer Loader,2023-05-29,2023,5,22,1,1191,1.35,Low
Australia,Skid Steer Loader,2023-06-05,2023,6,23,1,3503,1.2,Low
Australia,Skid Steer Loader,2023-06-12,2023,6,24,2,2070,1.2,Low
Australia,Skid Steer Loader,2023-06-19,2023,6,25,1,3727,1.2,Low
Australia,Skid Steer Loader,2023-06-26,2023,6,26,1,6094,1.2,Low
Australia,Skid Steer Loader,2023-07-03,2023,7,27,1,2704,1.1,Low
Australia,Skid Steer Loader,2023-07-10,2023,7,28,2,9062,1.1,Low
Australia,Skid Steer Loader,2023-07-17,2023,7,29,1,690,1.1,Low
Australia,Skid Steer Loader,2023-08-07,2023,8,32,1,589,1.1,Low
Australia,Skid Steer Loader,2023-08-21,2023,8,34,2,2425,1.1,Low
Australia,Skid Steer Loader,2023-08-28,2023,8,35,3,13428,1.1,Low
Australia,Skid Steer Loader,2023-09-04,2023,9,36,1,4350,1.2,Low
Australia,Skid Steer Loader,2023-09-11,2023,9,37,1,511,1.2,Low
Australia,Skid Steer Loader,2023-09-18,2023,9,38,1,2311,1.2,Low
Australia,Skid Steer Loader,2023-09-25,2023,9,39,1,2245,1.2,Low
Australia,Skid Steer Loader,2023-10-02,2023,10,40,4,11646,1.25,Low
Australia,Skid Steer Loader,2023-10-16,2023,10,42,2,9756,1.25,Low
Australia,Skid Steer Loader,2023-10-23,2023,10,43,1,4716,1.25,Low
Australia,Skid Steer Loader,2023-10-30,2023,10,44,1,2366,1.25,Low
Australia,Skid Steer Loader,2023-11-06,2023,11,45,1,2514,1.25,Low
Australia,Skid Steer Loader,2023-11-20,2023,11,47,2,7014,1.25,Low
Australia,Skid Steer Loader,2023-12-04,2023,12,49,1,1715,1.2,Low
Australia,Skid Steer Loader,2023-12-25,2023,12,52,1,3581,1.2,Low
Australia,Skid Steer Loader,2024-01-01,2024,1,1,2,1556,1.2,Low
Australia,Skid Steer Loader,2024-01-08,2024,1,2,2,12164,1.2,Low
Australia,Skid Steer Loader,2024-01-15,2024,1,3,2,9030,1.2,Low
Australia,Skid Steer Loader,2024-02-05,2024,2,6,1,1807,1.25,Low
Australia,Skid Steer Loader,2024-02-19,2024,2,8,2,5278,1.25,Low
Australia,Skid Steer Loader,2024-02-26,2024,2,9,1,1885,1.25,Low
Australia,Skid Steer Loader,2024-03-11,2024,3,11,1,2085,1.2,Low
Australia,Skid Steer Loader,2024-03-25,2024,3,13,1,2949,1.2,Low
Australia,Skid Steer Loader,2024-04-01,2024,4,14,3,8624,1.3,Low
Australia,Skid Steer Loader,2024-04-08,2024,4,15,1,2390,1.3,Low
Australia,Skid Steer Loader,2024-04-15,2024,4,16,1,2177,1.3,Low
Australia,Skid Steer Loader,2024-04-29,2024,4,18,1,648,1.3,Low
Australia,Skid Steer Loader,2024-05-13,2024,5,20,2,4502,1.35,Low
Australia,Skid Steer Loader,2024-05-20,2024,5,21,3,4189,1.35,Low
Australia,Skid Steer Loader,2024-05-27,2024,5,22,1,4438,1.35,Low
Australia,Skid Steer Loader,2024-06-24,2024,6,26,1,6998,1.2,Low
Australia,Skid Steer Loader,2024-07-08,2024,7,28,1,4131,1.1,Low
Australia,Skid Steer Loader,2024-07-15,2024,7,29,1,2639,1.1,Low
Australia,Skid Steer Loader,2024-07-22,2024,7,30,2,5731,1.1,Low
Australia,Skid Steer Loader,2024-07-29,2024,7,31,1,7783,1.1,Low
Australia,Skid Steer Loader,2024-08-12,2024,8,33,2,3329,1.1,Low
Australia,Skid Steer Loader,2024-08-19,2024,8,34,1,912,1.1,Low
Australia,Skid Steer Loader,2024-08-26,2024,8,35,1,3243,1.1,Low
Australia,Skid Steer Loader,2024-09-02,2024,9,36,2,8389,1.2,Low
Australia,Skid Steer Loader,2024-09-09,2024,9,37,1,3225,1.2,Low
Australia,Skid Steer Loader,2024-09-16,2024,9,38,3,17788,1.2,Low
Australia,Skid Steer Loader,2024-09-30,2024,9,40,2,8028,1.2,Low
Australia,Skid Steer Loader,2024-10-14,2024,10,42,1,1733,1.25,Low
Australia,Skid Steer Loader,2024-10-21,2024,10,43,2,11887,1.25,Low
Australia,Skid Steer Loader,2024-10-28,2024,10,44,3,10516,1.25,Low
Australia,Skid Steer Loader,2024-11-18,2024,11,47,1,1279,1.25,Low
Australia,Skid Steer Loader,2024-11-25,2024,11,48,2,7962,1.25,Low
Australia,Skid Steer Loader,2024-12-02,2024,12,49,1,1270,1.2,Low
Australia,Skid Steer Loader,2024-12-09,2024,12,50,1,2485,1.2,Low
Australia,Skid Steer Loader,2024-12-30,2024,12,1,2,3795,1.2,Low
Australia,Skid Steer Loader,2025-01-06,2025,1,2,3,23331,1.2,Low
Australia,Skid Steer Loader,2025-01-13,2025,1,3,1,2245,1.2,Low
Australia,Skid Steer Loader,2025-01-27,2025,1,5,1,3207,1.2,Low
Australia,Skid Steer Loader,2025-02-17,2025,2,8,2,7732,1.25,Low
Australia,Skid Steer Loader,2025-02-24,2025,2,9,2,5889,1.25,Low
Australia,Skid Steer Loader,2025-03-10,2025,3,11,1,2949,1.2,Low
Australia,Skid Steer Loader,2025-03-17,2025,3,12,2,8285,1.2,Low
Australia,Skid Steer Loader,2025-03-31,2025,3,14,2,7199,1.2,Low
Australia,Skid Steer Loader,2025-04-07,2025,4,15,2,5298,1.3,Low
Australia,Skid Steer Loader,2025-04-14,2025,4,16,2,3768,1.3,Low
Australia,Skid Steer Loader,2025-05-05,2025,5,19,2,11921,1.35,Low
Australia,Skid Steer Loader,2025-05-12,2025,5,20,1,15314,1.35,Low
Australia,Skid Steer Loader,2025-05-26,2025,5,22,1,1537,1.35,Low
Australia,Skid Steer Loader,2025-06-02,2025,6,23,2,2820,1.2,Low
Australia,Skid Steer Loader,2025-06-09,2025,6,24,1,2383,1.2,Low
Australia,Skid Steer Loader,2025-06-23,2025,6,26,1,5657,1.2,Low
Australia,Skid Steer Loader,2025-06-30,2025,6,27,1,2052,1.2,Low
Australia,Skid Steer Loader,2025-07-07,2025,7,28,3,8324,1.1,Low
Australia,Skid Steer Loader,2025-07-21,2025,7,30,1,3917,1.1,Low
Australia,Skid Steer Loader,2025-07-28,2025,7,31,1,1283,1.1,Low
Australia,Skid Steer Loader,2025-08-04,2025,8,32,4,11806,1.1,Low
Australia,Skid Steer Loader,2025-08-11,2025,8,33,1,2510,1.1,Low
Australia,Skid Steer Loader,2025-08-18,2025,8,34,1,3837,1.1,Low
Australia,Skid Steer Loader,2025-08-25,2025,8,35,1,2681,1.1,Low
Australia,Skid Steer Loader,2025-09-01,2025,9,36,1,4762,1.2,Low
Australia,Skid Steer Loader,2025-09-08,2025,9,37,1,2346,1.2,Low
Australia,Skid Steer Loader,2025-09-15,2025,9,38,2,10437,1.2,Low
Australia,Skid Steer Loader,2025-09-22,2025,9,39,1,1707,1.2,Low
Australia,Skid Steer Loader,2025-09-29,2025,9,40,4,8472,1.2,Low
Australia,Skid Steer Loader,2025-10-06,2025,10,41,1,1311,1.25,Low
Australia,Skid Steer Loader,2025-10-27,2025,10,44,1,2085,1.25,Low
Australia,Skid Steer Loader,2025-11-03,2025,11,45,2,21714,1.25,Low
Australia,Skid Steer Loader,2025-11-10,2025,11,46,1,1255,1.25,Low
Australia,Skid Steer Loader,2025-11-17,2025,11,47,2,6739,1.25,Low
Australia,Skid Steer Loader,2025-11-24,2025,11,48,1,571,1.25,Low
Australia,Skid Steer Loader,2025-12-01,2025,12,49,1,565,1.2,Low
Australia,Skid Steer Loader,2025-12-15,2025,12,51,2,3312,1.2,Low
Australia,Skid Steer Loader,2025-12-22,2025,12,52,1,511,1.2,Low
Australia,Skid Steer Loader,2026-01-12,2026,1,3,1,4305,1.2,Low
Australia,Skid Steer Loader,2026-01-26,2026,1,5,1,3795,1.2,Low
Australia,Skid Steer Loader,2026-02-09,2026,2,7,1,2302,1.25,Low
Australia,Skid Steer Loader,2026-02-16,2026,2,8,1,4041,1.25,Low
Australia,Skid Steer Loader,2026-02-23,2026,2,9,1,3073,1.25,Low
Australia,Skid Steer Loader,2026-03-02,2026,3,10,1,1296,1.2,Low
Australia,Skid Steer Loader,2026-03-23,2026,3,13,1,3689,1.2,Low
Australia,Skid Steer Loader,2026-03-30,2026,3,14,2,6023,1.2,Low
Australia,Skid Steer Loader,2026-04-06,2026,4,15,1,4430,1.3,Low
Australia,Skid Steer Loader,2026-05-18,2026,5,21,1,1621,1.35,Low
Australia,Skid Steer Loader,2026-05-25,2026,5,22,2,4118,1.35,Low
Australia,Skid Steer Loader,2026-06-01,2026,6,23,2,2695,1.2,Low
Australia,Skid Steer Loader,2026-06-15,2026,6,25,1,1444,1.2,Low
Australia,Skid Steer Loader,2026-06-22,2026,6,26,1,2064,1.2,Low
Australia,Skid Steer Loader,2026-06-29,2026,6,27,1,1690,1.2,Low
Australia,Wheel Loader,2023-01-02,2023,1,1,1,5100,1.3,Low
Australia,Wheel Loader,2023-01-09,2023,1,2,3,16544,1.3,Low
Australia,Wheel Loader,2023-01-16,2023,1,3,3,23684,1.3,Low
Australia,Wheel Loader,2023-01-23,2023,1,4,5,24481,1.3,Low
Australia,Wheel Loader,2023-01-30,2023,1,5,3,24328,1.3,Low
Australia,Wheel Loader,2023-02-06,2023,2,6,4,32183,1.35,Low
Australia,Wheel Loader,2023-02-13,2023,2,7,3,16614,1.35,Low
Australia,Wheel Loader,2023-02-20,2023,2,8,3,20623,1.35,Low
Australia,Wheel Loader,2023-02-27,2023,2,9,5,28954,1.35,Low
Australia,Wheel Loader,2023-03-06,2023,3,10,2,7029,1.3,Low
Australia,Wheel Loader,2023-03-13,2023,3,11,2,23372,1.3,Low
Australia,Wheel Loader,2023-03-20,2023,3,12,4,22445,1.3,Low
Australia,Wheel Loader,2023-04-03,2023,4,14,1,1354,1.4,Low
Australia,Wheel Loader,2023-04-10,2023,4,15,2,8832,1.4,Low
Australia,Wheel Loader,2023-04-17,2023,4,16,3,26206,1.4,Low
Australia,Wheel Loader,2023-05-01,2023,5,18,2,27833,1.5,Low
Australia,Wheel Loader,2023-05-08,2023,5,19,3,16073,1.5,Low
Australia,Wheel Loader,2023-05-15,2023,5,20,4,33785,1.5,Low
Australia,Wheel Loader,2023-05-22,2023,5,21,2,40278,1.5,Low
Australia,Wheel Loader,2023-05-29,2023,5,22,3,32456,1.5,Low
Australia,Wheel Loader,2023-06-12,2023,6,24,3,18162,1.3,Low
Australia,Wheel Loader,2023-06-19,2023,6,25,3,18520,1.3,Low
Australia,Wheel Loader,2023-07-03,2023,7,27,5,49672,1.2,Low
Australia,Wheel Loader,2023-07-10,2023,7,28,1,1410,1.2,Low
Australia,Wheel Loader,2023-07-17,2023,7,29,1,3542,1.2,Low
Australia,Wheel Loader,2023-07-24,2023,7,30,2,12635,1.2,Low
Australia,Wheel Loader,2023-07-31,2023,7,31,5,53850,1.2,Low
Australia,Wheel Loader,2023-08-07,2023,8,32,1,2979,1.15,Low
Australia,Wheel Loader,2023-08-21,2023,8,34,2,9946,1.15,Low
Australia,Wheel Loader,2023-08-28,2023,8,35,3,18474,1.15,Low
Australia,Wheel Loader,2023-09-04,2023,9,36,5,38351,1.3,Low
Australia,Wheel Loader,2023-09-11,2023,9,37,4,25017,1.3,Low
Australia,Wheel Loader,2023-09-18,2023,9,38,1,1542,1.3,Low
Australia,Wheel Loader,2023-09-25,2023,9,39,3,18223,1.3,Low
Australia,Wheel Loader,2023-10-02,2023,10,40,9,41947,1.4,Medium
Australia,Wheel Loader,2023-10-09,2023,10,41,5,30435,1.4,Low
Australia,Wheel Loader,2023-10-16,2023,10,42,4,29121,1.4,Low
Australia,Wheel Loader,2023-10-23,2023,10,43,3,33936,1.4,Low
Australia,Wheel Loader,2023-10-30,2023,10,44,4,44180,1.4,Low
Australia,Wheel Loader,2023-11-06,2023,11,45,2,4723,1.35,Low
Australia,Wheel Loader,2023-11-13,2023,11,46,4,42639,1.35,Low
Australia,Wheel Loader,2023-11-20,2023,11,47,3,21100,1.35,Low
Australia,Wheel Loader,2023-11-27,2023,11,48,4,27351,1.35,Low
Australia,Wheel Loader,2023-12-04,2023,12,49,3,11957,1.3,Low
Australia,Wheel Loader,2023-12-11,2023,12,50,1,4064,1.3,Low
Australia,Wheel Loader,2023-12-18,2023,12,51,2,8347,1.3,Low
Australia,Wheel Loader,2023-12-25,2023,12,52,3,10901,1.3,Low
Australia,Wheel Loader,2024-01-01,2024,1,1,4,21117,1.3,Low
Australia,Wheel Loader,2024-01-08,2024,1,2,4,36457,1.3,Low
Australia,Wheel Loader,2024-01-22,2024,1,4,1,2872,1.3,Low
Australia,Wheel Loader,2024-01-29,2024,1,5,6,40484,1.3,Medium
Australia,Wheel Loader,2024-02-05,2024,2,6,5,38991,1.35,Low
Australia,Wheel Loader,2024-02-12,2024,2,7,2,24637,1.35,Low
Australia,Wheel Loader,2024-02-19,2024,2,8,2,16296,1.35,Low
Australia,Wheel Loader,2024-02-26,2024,2,9,1,2096,1.35,Low
Australia,Wheel Loader,2024-03-04,2024,3,10,4,21097,1.3,Low
Australia,Wheel Loader,2024-03-11,2024,3,11,2,7162,1.3,Low
Australia,Wheel Loader,2024-03-18,2024,3,12,2,17551,1.3,Low
Australia,Wheel Loader,2024-03-25,2024,3,13,4,39233,1.3,Low
Australia,Wheel Loader,2024-04-01,2024,4,14,3,12286,1.4,Low
Australia,Wheel Loader,2024-04-15,2024,4,16,3,18166,1.4,Low
Australia,Wheel Loader,2024-04-22,2024,4,17,2,14680,1.4,Low
Australia,Wheel Loader,2024-04-29,2024,4,18,4,45574,1.4,Low
Australia,Wheel Loader,2024-05-06,2024,5,19,4,38088,1.5,Low
Australia,Wheel Loader,2024-05-13,2024,5,20,3,14516,1.5,Low
Australia,Wheel Loader,2024-05-20,2024,5,21,3,31163,1.5,Low
Australia,Wheel Loader,2024-05-27,2024,5,22,4,28461,1.5,Low
Australia,Wheel Loader,2024-06-03,2024,6,23,4,22134,1.3,Low
Australia,Wheel Loader,2024-06-10,2024,6,24,1,4661,1.3,Low
Australia,Wheel Loader,2024-07-01,2024,7,27,5,26866,1.2,Low
Australia,Wheel Loader,2024-07-08,2024,7,28,2,9457,1.2,Low
Australia,Wheel Loader,2024-07-15,2024,7,29,2,18708,1.2,Low
Australia,Wheel Loader,2024-07-22,2024,7,30,5,27943,1.2,Low
Australia,Wheel Loader,2024-07-29,2024,7,31,3,31549,1.2,Low
Australia,Wheel Loader,2024-08-05,2024,8,32,3,27378,1.15,Low
Australia,Wheel Loader,2024-08-12,2024,8,33,3,17910,1.15,Low
Australia,Wheel Loader,2024-08-19,2024,8,34,4,36690,1.15,Low
Australia,Wheel Loader,2024-08-26,2024,8,35,3,23016,1.15,Low
Australia,Wheel Loader,2024-09-02,2024,9,36,3,14487,1.3,Low
Australia,Wheel Loader,2024-09-09,2024,9,37,6,63368,1.3,Medium
Australia,Wheel Loader,2024-09-23,2024,9,39,4,28825,1.3,Low
Australia,Wheel Loader,2024-10-07,2024,10,41,2,5068,1.4,Low
Australia,Wheel Loader,2024-10-14,2024,10,42,2,6540,1.4,Low
Australia,Wheel Loader,2024-10-21,2024,10,43,7,62550,1.4,Medium
Australia,Wheel Loader,2024-10-28,2024,10,44,3,14402,1.4,Low
Australia,Wheel Loader,2024-11-04,2024,11,45,2,20123,1.35,Low
Australia,Wheel Loader,2024-11-11,2024,11,46,5,39346,1.35,Low
Australia,Wheel Loader,2024-11-18,2024,11,47,2,31829,1.35,Low
Australia,Wheel Loader,2024-11-25,2024,11,48,4,25220,1.35,Low
Australia,Wheel Loader,2024-12-02,2024,12,49,3,27607,1.3,Low
Australia,Wheel Loader,2024-12-09,2024,12,50,3,32015,1.3,Low
Australia,Wheel Loader,2024-12-16,2024,12,51,1,2660,1.3,Low
Australia,Wheel Loader,2024-12-23,2024,12,52,2,26394,1.3,Low
Australia,Wheel Loader,2024-12-30,2024,12,1,2,8501,1.3,Low
Australia,Wheel Loader,2025-01-06,2025,1,2,4,12978,1.3,Low
Australia,Wheel Loader,2025-01-13,2025,1,3,3,18222,1.3,Low
Australia,Wheel Loader,2025-01-20,2025,1,4,2,12972,1.3,Low
Australia,Wheel Loader,2025-01-27,2025,1,5,1,11366,1.3,Low
Australia,Wheel Loader,2025-02-03,2025,2,6,5,36714,1.35,Low
Australia,Wheel Loader,2025-02-10,2025,2,7,3,26021,1.35,Low
Australia,Wheel Loader,2025-02-17,2025,2,8,4,38920,1.35,Low
Australia,Wheel Loader,2025-02-24,2025,2,9,1,10873,1.35,Low
Australia,Wheel Loader,2025-03-03,2025,3,10,2,26040,1.3,Low
Australia,Wheel Loader,2025-03-10,2025,3,11,3,55738,1.3,Low
Australia,Wheel Loader,2025-03-17,2025,3,12,4,12982,1.3,Low
Australia,Wheel Loader,2025-03-31,2025,3,14,3,30337,1.3,Low
Australia,Wheel Loader,2025-04-21,2025,4,17,4,25302,1.4,Low
Australia,Wheel Loader,2025-04-28,2025,4,18,3,47608,1.4,Low
Australia,Wheel Loader,2025-05-05,2025,5,19,3,25613,1.5,Low
Australia,Wheel Loader,2025-05-12,2025,5,20,3,25815,1.5,Low
Australia,Wheel Loader,2025-05-26,2025,5,22,4,23509,1.5,Low
Australia,Wheel Loader,2025-06-02,2025,6,23,3,13115,1.3,Low
Australia,Wheel Loader,2025-06-09,2025,6,24,2,6270,1.3,Low
Australia,Wheel Loader,2025-06-16,2025,6,25,4,25458,1.3,Low
Australia,Wheel Loader,2025-06-23,2025,6,26,3,21300,1.3,Low
Australia,Wheel Loader,2025-06-30,2025,6,27,3,28581,1.3,Low
Australia,Wheel Loader,2025-07-07,2025,7,28,4,20191,1.2,Low
Australia,Wheel Loader,2025-07-14,2025,7,29,1,5439,1.2,Low
Australia,Wheel Loader,2025-07-21,2025,7,30,4,27635,1.2,Low
Australia,Wheel Loader,2025-07-28,2025,7,31,4,46408,1.2,Low
Australia,Wheel Loader,2025-08-04,2025,8,32,2,10721,1.15,Low
Australia,Wheel Loader,2025-08-11,2025,8,33,4,32770,1.15,Low
Australia,Wheel Loader,2025-08-18,2025,8,34,4,40379,1.15,Low
Australia,Wheel Loader,2025-08-25,2025,8,35,1,6713,1.15,Low
Australia,Wheel Loader,2025-09-01,2025,9,36,2,16432,1.3,Low
Australia,Wheel Loader,2025-09-08,2025,9,37,3,34893,1.3,Low
Australia,Wheel Loader,2025-09-15,2025,9,38,2,2513,1.3,Low
Australia,Wheel Loader,2025-09-22,2025,9,39,3,18497,1.3,Low
Australia,Wheel Loader,2025-09-29,2025,9,40,2,14701,1.3,Low
Australia,Wheel Loader,2025-10-06,2025,10,41,6,46774,1.4,Medium
Australia,Wheel Loader,2025-10-13,2025,10,42,3,46227,1.4,Low
Australia,Wheel Loader,2025-10-20,2025,10,43,1,4452,1.4,Low
Australia,Wheel Loader,2025-10-27,2025,10,44,2,10466,1.4,Low
Australia,Wheel Loader,2025-11-03,2025,11,45,4,33749,1.35,Low
Australia,Wheel Loader,2025-11-10,2025,11,46,3,16724,1.35,Low
Australia,Wheel Loader,2025-11-17,2025,11,47,3,16349,1.35,Low
Australia,Wheel Loader,2025-11-24,2025,11,48,2,9857,1.35,Low
Australia,Wheel Loader,2025-12-01,2025,12,49,3,17860,1.3,Low
Australia,Wheel Loader,2025-12-08,2025,12,50,2,8539,1.3,Low
Australia,Wheel Loader,2025-12-15,2025,12,51,2,12331,1.3,Low
Australia,Wheel Loader,2025-12-22,2025,12,52,1,1728,1.3,Low
Australia,Wheel Loader,2025-12-29,2025,12,1,2,25454,1.3,Low
Australia,Wheel Loader,2026-01-05,2026,1,2,4,24865,1.3,Low
Australia,Wheel Loader,2026-01-12,2026,1,3,1,12099,1.3,Low
Australia,Wheel Loader,2026-01-19,2026,1,4,1,2313,1.3,Low
Australia,Wheel Loader,2026-01-26,2026,1,5,2,15326,1.3,Low
Australia,Wheel Loader,2026-02-02,2026,2,6,6,29488,1.35,Medium
Australia,Wheel Loader,2026-02-09,2026,2,7,2,14071,1.35,Low
Australia,Wheel Loader,2026-02-16,2026,2,8,3,19205,1.35,Low
Australia,Wheel Loader,2026-02-23,2026,2,9,2,15679,1.35,Low
Australia,Wheel Loader,2026-03-02,2026,3,10,2,11978,1.3,Low
Australia,Wheel Loader,2026-03-09,2026,3,11,1,16018,1.3,Low
Australia,Wheel Loader,2026-03-16,2026,3,12,1,3052,1.3,Low
Australia,Wheel Loader,2026-03-23,2026,3,13,3,28994,1.3,Low
Australia,Wheel Loader,2026-04-06,2026,4,15,3,17171,1.4,Low
Australia,Wheel Loader,2026-04-13,2026,4,16,3,19683,1.4,Low
Australia,Wheel Loader,2026-04-20,2026,4,17,2,2994,1.4,Low
Australia,Wheel Loader,2026-04-27,2026,4,18,5,49954,1.4,Low
Australia,Wheel Loader,2026-05-04,2026,5,19,2,8376,1.5,Low
Australia,Wheel Loader,2026-05-11,2026,5,20,2,12383,1.5,Low
Australia,Wheel Loader,2026-05-18,2026,5,21,5,34363,1.5,Low
Australia,Wheel Loader,2026-05-25,2026,5,22,5,29300,1.5,Low
Australia,Wheel Loader,2026-06-01,2026,6,23,1,8820,1.3,Low
Australia,Wheel Loader,2026-06-08,2026,6,24,3,28696,1.3,Low
Australia,Wheel Loader,2026-06-15,2026,6,25,3,31500,1.3,Low
Australia,Wheel Loader,2026-06-22,2026,6,26,2,5444,1.3,Low
Australia,Wheel Loader,2026-06-29,2026,6,27,2,13169,1.3,Low
Germany,Backhoe Loader,2023-01-02,2023,1,1,1,2611,0.6,Low
Germany,Backhoe Loader,2023-01-09,2023,1,2,1,3771,0.6,Low
Germany,Backhoe Loader,2023-02-06,2023,2,6,1,3145,0.65,Low
Germany,Backhoe Loader,2023-02-13,2023,2,7,1,5206,0.65,Low
Germany,Backhoe Loader,2023-02-20,2023,2,8,1,1752,0.65,Low
Germany,Backhoe Loader,2023-02-27,2023,2,9,3,8642,0.65,Low
Germany,Backhoe Loader,2023-03-06,2023,3,10,2,7841,0.9,Low
Germany,Backhoe Loader,2023-03-13,2023,3,11,2,8612,0.9,Low
Germany,Backhoe Loader,2023-03-20,2023,3,12,3,6391,0.9,Low
Germany,Backhoe Loader,2023-03-27,2023,3,13,5,33424,0.9,Low
Germany,Backhoe Loader,2023-04-03,2023,4,14,4,16686,1.25,Low
Germany,Backhoe Loader,2023-04-10,2023,4,15,7,44990,1.25,Medium
Germany,Backhoe Loader,2023-04-17,2023,4,16,3,22250,1.25,Low
Germany,Backhoe Loader,2023-04-24,2023,4,17,2,20660,1.25,Low
Germany,Backhoe Loader,2023-05-01,2023,5,18,2,6059,1.5,Low
Germany,Backhoe Loader,2023-05-08,2023,5,19,6,24596,1.5,Medium
Germany,Backhoe Loader,2023-05-15,2023,5,20,5,34061,1.5,Low
Germany,Backhoe Loader,2023-05-22,2023,5,21,4,9471,1.5,Low
Germany,Backhoe Loader,2023-05-29,2023,5,22,6,23749,1.5,Medium
Germany,Backhoe Loader,2023-06-05,2023,6,23,3,18045,1.6,Low
Germany,Backhoe Loader,2023-06-12,2023,6,24,2,5174,1.6,Low
Germany,Backhoe Loader,2023-06-19,2023,6,25,5,31307,1.6,Low
Germany,Backhoe Loader,2023-06-26,2023,6,26,7,38339,1.6,Medium
Germany,Backhoe Loader,2023-07-03,2023,7,27,3,12364,1.55,Low
Germany,Backhoe Loader,2023-07-10,2023,7,28,6,30460,1.55,Medium
Germany,Backhoe Loader,2023-07-17,2023,7,29,2,11384,1.55,Low
Germany,Backhoe Loader,2023-07-24,2023,7,30,3,12403,1.55,Low
Germany,Backhoe Loader,2023-07-31,2023,7,31,6,16660,1.55,Medium
Germany,Backhoe Loader,2023-08-07,2023,8,32,5,37625,1.45,Low
Germany,Backhoe Loader,2023-08-14,2023,8,33,6,27930,1.45,Medium
Germany,Backhoe Loader,2023-08-21,2023,8,34,4,30260,1.45,Low
Germany,Backhoe Loader,2023-08-28,2023,8,35,6,31887,1.45,Medium
Germany,Backhoe Loader,2023-09-04,2023,9,36,4,13702,1.35,Low
Germany,Backhoe Loader,2023-09-11,2023,9,37,3,14901,1.35,Low
Germany,Backhoe Loader,2023-09-18,2023,9,38,3,14978,1.35,Low
Germany,Backhoe Loader,2023-09-25,2023,9,39,3,9546,1.35,Low
Germany,Backhoe Loader,2023-10-02,2023,10,40,2,10054,1.2,Low
Germany,Backhoe Loader,2023-10-09,2023,10,41,3,14264,1.2,Low
Germany,Backhoe Loader,2023-10-16,2023,10,42,5,30659,1.2,Low
Germany,Backhoe Loader,2023-10-23,2023,10,43,4,22832,1.2,Low
Germany,Backhoe Loader,2023-10-30,2023,10,44,5,21467,1.2,Low
Germany,Backhoe Loader,2023-11-06,2023,11,45,4,7441,0.9,Low
Germany,Backhoe Loader,2023-11-13,2023,11,46,3,9480,0.9,Low
Germany,Backhoe Loader,2023-11-27,2023,11,48,1,13695,0.9,Low
Germany,Backhoe Loader,2023-12-11,2023,12,50,1,7976,0.65,Low
Germany,Backhoe Loader,2023-12-18,2023,12,51,1,8048,0.65,Low
Germany,Backhoe Loader,2024-01-01,2024,1,1,1,3670,0.6,Low
Germany,Backhoe Loader,2024-01-08,2024,1,2,2,9099,0.6,Low
Germany,Backhoe Loader,2024-01-22,2024,1,4,1,917,0.6,Low
Germany,Backhoe Loader,2024-02-05,2024,2,6,3,9997,0.65,Low
Germany,Backhoe Loader,2024-02-12,2024,2,7,2,13213,0.65,Low
Germany,Backhoe Loader,2024-02-26,2024,2,9,1,2594,0.65,Low
Germany,Backhoe Loader,2024-03-04,2024,3,10,4,34384,0.9,Low
Germany,Backhoe Loader,2024-03-11,2024,3,11,2,6895,0.9,Low
Germany,Backhoe Loader,2024-03-18,2024,3,12,2,6956,0.9,Low
Germany,Backhoe Loader,2024-04-01,2024,4,14,5,37128,1.25,Low
Germany,Backhoe Loader,2024-04-08,2024,4,15,2,6680,1.25,Low
Germany,Backhoe Loader,2024-04-15,2024,4,16,1,946,1.25,Low
Germany,Backhoe Loader,2024-04-22,2024,4,17,5,31759,1.25,Low
Germany,Backhoe Loader,2024-04-29,2024,4,18,3,25806,1.25,Low
Germany,Backhoe Loader,2024-05-06,2024,5,19,2,13618,1.5,Low
Germany,Backhoe Loader,2024-05-13,2024,5,20,4,17400,1.5,Low
Germany,Backhoe Loader,2024-05-20,2024,5,21,2,5181,1.5,Low
Germany,Backhoe Loader,2024-05-27,2024,5,22,5,25521,1.5,Low
Germany,Backhoe Loader,2024-06-03,2024,6,23,3,16129,1.6,Low
Germany,Backhoe Loader,2024-06-10,2024,6,24,6,29362,1.6,Medium
Germany,Backhoe Loader,2024-06-17,2024,6,25,7,25929,1.6,Medium
Germany,Backhoe Loader,2024-06-24,2024,6,26,2,5239,1.6,Low
Germany,Backhoe Loader,2024-07-01,2024,7,27,4,12195,1.55,Low
Germany,Backhoe Loader,2024-07-08,2024,7,28,4,25142,1.55,Low
Germany,Backhoe Loader,2024-07-15,2024,7,29,4,16036,1.55,Low
Germany,Backhoe Loader,2024-07-22,2024,7,30,7,26980,1.55,Medium
Germany,Backhoe Loader,2024-07-29,2024,7,31,3,10451,1.55,Low
Germany,Backhoe Loader,2024-08-05,2024,8,32,3,13301,1.45,Low
Germany,Backhoe Loader,2024-08-12,2024,8,33,4,13844,1.45,Low
Germany,Backhoe Loader,2024-08-19,2024,8,34,4,15933,1.45,Low
Germany,Backhoe Loader,2024-08-26,2024,8,35,6,44427,1.45,Medium
Germany,Backhoe Loader,2024-09-02,2024,9,36,3,8244,1.35,Low
Germany,Backhoe Loader,2024-09-09,2024,9,37,5,14327,1.35,Low
Germany,Backhoe Loader,2024-09-16,2024,9,38,6,33470,1.35,Medium
Germany,Backhoe Loader,2024-09-23,2024,9,39,6,22802,1.35,Medium
Germany,Backhoe Loader,2024-09-30,2024,9,40,6,28440,1.35,Medium
Germany,Backhoe Loader,2024-10-07,2024,10,41,4,29320,1.2,Low
Germany,Backhoe Loader,2024-10-14,2024,10,42,1,5130,1.2,Low
Germany,Backhoe Loader,2024-10-21,2024,10,43,3,14442,1.2,Low
Germany,Backhoe Loader,2024-10-28,2024,10,44,2,3866,1.2,Low
Germany,Backhoe Loader,2024-11-04,2024,11,45,3,15861,0.9,Low
Germany,Backhoe Loader,2024-11-18,2024,11,47,4,33184,0.9,Low
Germany,Backhoe Loader,2024-11-25,2024,11,48,1,4192,0.9,Low
Germany,Backhoe Loader,2024-12-02,2024,12,49,1,8123,0.65,Low
Germany,Backhoe Loader,2024-12-09,2024,12,50,2,3561,0.65,Low
Germany,Backhoe Loader,2024-12-16,2024,12,51,1,10370,0.65,Low
Germany,Backhoe Loader,2024-12-30,2024,12,1,2,6513,0.65,Low
Germany,Backhoe Loader,2025-01-06,2025,1,2,1,7568,0.6,Low
Germany,Backhoe Loader,2025-01-13,2025,1,3,2,3774,0.6,Low
Germany,Backhoe Loader,2025-01-20,2025,1,4,2,17513,0.6,Low
Germany,Backhoe Loader,2025-02-03,2025,2,6,1,4067,0.65,Low
Germany,Backhoe Loader,2025-02-17,2025,2,8,1,7727,0.65,Low
Germany,Backhoe Loader,2025-02-24,2025,2,9,1,5619,0.65,Low
Germany,Backhoe Loader,2025-03-03,2025,3,10,2,10027,0.9,Low
Germany,Backhoe Loader,2025-03-17,2025,3,12,2,8940,0.9,Low
Germany,Backhoe Loader,2025-03-31,2025,3,14,2,11591,0.9,Low
Germany,Backhoe Loader,2025-04-07,2025,4,15,5,18231,1.25,Low
Germany,Backhoe Loader,2025-04-14,2025,4,16,4,20280,1.25,Low
Germany,Backhoe Loader,2025-04-21,2025,4,17,4,24054,1.25,Low
Germany,Backhoe Loader,2025-04-28,2025,4,18,3,11643,1.25,Low
Germany,Backhoe Loader,2025-05-05,2025,5,19,6,13465,1.5,Medium
Germany,Backhoe Loader,2025-05-12,2025,5,20,5,44771,1.5,Low
Germany,Backhoe Loader,2025-05-19,2025,5,21,5,21690,1.5,Low
Germany,Backhoe Loader,2025-05-26,2025,5,22,3,14855,1.5,Low
Germany,Backhoe Loader,2025-06-02,2025,6,23,6,28299,1.6,Medium
Germany,Backhoe Loader,2025-06-09,2025,6,24,3,14104,1.6,Low
Germany,Backhoe Loader,2025-06-16,2025,6,25,2,5102,1.6,Low
Germany,Backhoe Loader,2025-06-23,2025,6,26,1,5256,1.6,Low
Germany,Backhoe Loader,2025-06-30,2025,6,27,3,8604,1.6,Low
Germany,Backhoe Loader,2025-07-07,2025,7,28,4,13604,1.55,Low
Germany,Backhoe Loader,2025-07-14,2025,7,29,9,52303,1.55,Medium
Germany,Backhoe Loader,2025-07-21,2025,7,30,4,28138,1.55,Low
Germany,Backhoe Loader,2025-07-28,2025,7,31,3,10040,1.55,Low
Germany,Backhoe Loader,2025-08-04,2025,8,32,7,38134,1.45,Medium
Germany,Backhoe Loader,2025-08-11,2025,8,33,3,9563,1.45,Low
Germany,Backhoe Loader,2025-08-18,2025,8,34,3,10202,1.45,Low
Germany,Backhoe Loader,2025-08-25,2025,8,35,4,32877,1.45,Low
Germany,Backhoe Loader,2025-09-01,2025,9,36,6,34489,1.35,Medium
Germany,Backhoe Loader,2025-09-08,2025,9,37,2,11538,1.35,Low
Germany,Backhoe Loader,2025-09-15,2025,9,38,6,32785,1.35,Medium
Germany,Backhoe Loader,2025-09-22,2025,9,39,2,4448,1.35,Low
Germany,Backhoe Loader,2025-09-29,2025,9,40,2,21252,1.35,Low
Germany,Backhoe Loader,2025-10-06,2025,10,41,7,35208,1.2,Medium
Germany,Backhoe Loader,2025-10-13,2025,10,42,5,37330,1.2,Low
Germany,Backhoe Loader,2025-10-20,2025,10,43,1,1863,1.2,Low
Germany,Backhoe Loader,2025-11-03,2025,11,45,2,14625,0.9,Low
Germany,Backhoe Loader,2025-11-10,2025,11,46,3,17152,0.9,Low
Germany,Backhoe Loader,2025-11-17,2025,11,47,5,30688,0.9,Low
Germany,Backhoe Loader,2025-11-24,2025,11,48,7,36862,0.9,Medium
Germany,Backhoe Loader,2025-12-08,2025,12,50,2,11106,0.65,Low
Germany,Backhoe Loader,2025-12-15,2025,12,51,1,8068,0.65,Low
Germany,Backhoe Loader,2025-12-22,2025,12,52,1,3742,0.65,Low
Germany,Backhoe Loader,2026-01-05,2026,1,2,1,4784,0.6,Low
Germany,Backhoe Loader,2026-01-19,2026,1,4,1,8114,0.6,Low
Germany,Backhoe Loader,2026-01-26,2026,1,5,3,3995,0.6,Low
Germany,Backhoe Loader,2026-02-02,2026,2,6,1,10248,0.65,Low
Germany,Backhoe Loader,2026-02-09,2026,2,7,1,5441,0.65,Low
Germany,Backhoe Loader,2026-02-16,2026,2,8,2,9932,0.65,Low
Germany,Backhoe Loader,2026-02-23,2026,2,9,2,12448,0.65,Low
Germany,Backhoe Loader,2026-03-02,2026,3,10,4,18504,0.9,Low
Germany,Backhoe Loader,2026-03-09,2026,3,11,1,4838,0.9,Low
Germany,Backhoe Loader,2026-03-16,2026,3,12,5,21280,0.9,Low
Germany,Backhoe Loader,2026-03-23,2026,3,13,4,23096,0.9,Low
Germany,Backhoe Loader,2026-03-30,2026,3,14,6,32376,0.9,Medium
Germany,Backhoe Loader,2026-04-06,2026,4,15,3,15116,1.25,Low
Germany,Backhoe Loader,2026-04-13,2026,4,16,4,23881,1.25,Low
Germany,Backhoe Loader,2026-04-20,2026,4,17,3,19758,1.25,Low
Germany,Backhoe Loader,2026-04-27,2026,4,18,3,15130,1.25,Low
Germany,Backhoe Loader,2026-05-04,2026,5,19,6,37796,1.5,Medium
Germany,Backhoe Loader,2026-05-11,2026,5,20,4,14841,1.5,Low
Germany,Backhoe Loader,2026-05-18,2026,5,21,5,23627,1.5,Low
Germany,Backhoe Loader,2026-05-25,2026,5,22,3,11076,1.5,Low
Germany,Backhoe Loader,2026-06-01,2026,6,23,5,21248,1.6,Low
Germany,Backhoe Loader,2026-06-08,2026,6,24,7,34927,1.6,Medium
Germany,Backhoe Loader,2026-06-15,2026,6,25,3,8206,1.6,Low
Germany,Backhoe Loader,2026-06-22,2026,6,26,2,7493,1.6,Low
Germany,Backhoe Loader,2026-06-29,2026,6,27,2,7448,1.6,Low
Germany,Compactor,2023-01-09,2023,1,2,2,21711,0.55,Low
Germany,Compactor,2023-01-16,2023,1,3,1,5222,0.55,Low
Germany,Compactor,2023-01-23,2023,1,4,2,15975,0.55,Low
Germany,Compactor,2023-01-30,2023,1,5,1,10541,0.55,Low
Germany,Compactor,2023-02-20,2023,2,8,2,13925,0.6,Low
Germany,Compactor,2023-02-27,2023,2,9,6,24300,0.6,Medium
Germany,Compactor,2023-03-06,2023,3,10,4,15850,0.85,Low
Germany,Compactor,2023-03-13,2023,3,11,3,13597,0.85,Low
Germany,Compactor,2023-03-20,2023,3,12,1,10172,0.85,Low
Germany,Compactor,2023-03-27,2023,3,13,6,32888,0.85,Medium
Germany,Compactor,2023-04-03,2023,4,14,3,11717,1.3,Low
Germany,Compactor,2023-04-10,2023,4,15,1,1118,1.3,Low
Germany,Compactor,2023-04-17,2023,4,16,7,55507,1.3,Medium
Germany,Compactor,2023-04-24,2023,4,17,4,15258,1.3,Low
Germany,Compactor,2023-05-01,2023,5,18,6,48450,1.6,Medium
Germany,Compactor,2023-05-08,2023,5,19,7,33315,1.6,Medium
Germany,Compactor,2023-05-15,2023,5,20,6,25788,1.6,Medium
Germany,Compactor,2023-05-22,2023,5,21,6,37993,1.6,Medium
Germany,Compactor,2023-05-29,2023,5,22,8,42204,1.6,Medium
Germany,Compactor,2023-06-05,2023,6,23,6,43673,1.7,Medium
Germany,Compactor,2023-06-12,2023,6,24,2,4638,1.7,Low
Germany,Compactor,2023-06-19,2023,6,25,6,33633,1.7,Medium
Germany,Compactor,2023-06-26,2023,6,26,3,16338,1.7,Low
Germany,Compactor,2023-07-03,2023,7,27,4,10394,1.65,Low
Germany,Compactor,2023-07-10,2023,7,28,8,31101,1.65,Medium
Germany,Compactor,2023-07-17,2023,7,29,7,50380,1.65,Medium
Germany,Compactor,2023-07-24,2023,7,30,2,11014,1.65,Low
Germany,Compactor,2023-07-31,2023,7,31,5,53022,1.65,Low
Germany,Compactor,2023-08-07,2023,8,32,6,42049,1.55,Medium
Germany,Compactor,2023-08-14,2023,8,33,3,19114,1.55,Low
Germany,Compactor,2023-08-21,2023,8,34,4,24353,1.55,Low
Germany,Compactor,2023-08-28,2023,8,35,5,35896,1.55,Low
Germany,Compactor,2023-09-04,2023,9,36,7,45418,1.4,Medium
Germany,Compactor,2023-09-11,2023,9,37,4,12230,1.4,Low
Germany,Compactor,2023-09-18,2023,9,38,4,25165,1.4,Low
Germany,Compactor,2023-09-25,2023,9,39,1,3790,1.4,Low
Germany,Compactor,2023-10-02,2023,10,40,1,1678,1.2,Low
Germany,Compactor,2023-10-09,2023,10,41,3,19634,1.2,Low
Germany,Compactor,2023-10-16,2023,10,42,5,30886,1.2,Low
Germany,Compactor,2023-10-23,2023,10,43,2,11593,1.2,Low
Germany,Compactor,2023-10-30,2023,10,44,2,12718,1.2,Low
Germany,Compactor,2023-11-06,2023,11,45,3,13649,0.85,Low
Germany,Compactor,2023-11-13,2023,11,46,6,40958,0.85,Medium
Germany,Compactor,2023-11-20,2023,11,47,4,18139,0.85,Low
Germany,Compactor,2023-11-27,2023,11,48,1,6082,0.85,Low
Germany,Compactor,2023-12-04,2023,12,49,2,17334,0.6,Low
Germany,Compactor,2023-12-11,2023,12,50,3,31165,0.6,Low
Germany,Compactor,2023-12-18,2023,12,51,3,9097,0.6,Low
Germany,Compactor,2023-12-25,2023,12,52,1,12138,0.6,Low
Germany,Compactor,2024-01-15,2024,1,3,1,11286,0.55,Low
Germany,Compactor,2024-01-22,2024,1,4,1,7259,0.55,Low
Germany,Compactor,2024-01-29,2024,1,5,1,7001,0.55,Low
Germany,Compactor,2024-02-26,2024,2,9,1,9612,0.6,Low
Germany,Compactor,2024-03-04,2024,3,10,4,29896,0.85,Low
Germany,Compactor,2024-03-11,2024,3,11,2,7846,0.85,Low
Germany,Compactor,2024-03-18,2024,3,12,3,17035,0.85,Low
Germany,Compactor,2024-03-25,2024,3,13,2,15008,0.85,Low
Germany,Compactor,2024-04-01,2024,4,14,5,21968,1.3,Low
Germany,Compactor,2024-04-08,2024,4,15,8,50790,1.3,Medium
Germany,Compactor,2024-04-15,2024,4,16,5,26838,1.3,Low
Germany,Compactor,2024-04-22,2024,4,17,5,17964,1.3,Low
Germany,Compactor,2024-04-29,2024,4,18,5,33788,1.3,Low
Germany,Compactor,2024-05-06,2024,5,19,1,14331,1.6,Low
Germany,Compactor,2024-05-13,2024,5,20,7,26008,1.6,Medium
Germany,Compactor,2024-05-20,2024,5,21,8,38801,1.6,Medium
Germany,Compactor,2024-05-27,2024,5,22,4,14713,1.6,Low
Germany,Compactor,2024-06-03,2024,6,23,2,5816,1.7,Low
Germany,Compactor,2024-06-10,2024,6,24,6,25294,1.7,Medium
Germany,Compactor,2024-06-17,2024,6,25,2,6825,1.7,Low
Germany,Compactor,2024-06-24,2024,6,26,7,46480,1.7,Medium
Germany,Compactor,2024-07-01,2024,7,27,6,33660,1.65,Medium
Germany,Compactor,2024-07-08,2024,7,28,6,39496,1.65,Medium
Germany,Compactor,2024-07-15,2024,7,29,8,33421,1.65,Medium
Germany,Compactor,2024-07-22,2024,7,30,5,20457,1.65,Low
Germany,Compactor,2024-07-29,2024,7,31,7,61898,1.65,Medium
Germany,Compactor,2024-08-05,2024,8,32,3,18717,1.55,Low
Germany,Compactor,2024-08-12,2024,8,33,5,32968,1.55,Low
Germany,Compactor,2024-08-19,2024,8,34,5,14580,1.55,Low
Germany,Compactor,2024-08-26,2024,8,35,4,19828,1.55,Low
Germany,Compactor,2024-09-02,2024,9,36,5,46854,1.4,Low
Germany,Compactor,2024-09-09,2024,9,37,4,26657,1.4,Low
Germany,Compactor,2024-09-16,2024,9,38,2,5706,1.4,Low
Germany,Compactor,2024-09-23,2024,9,39,4,32838,1.4,Low
Germany,Compactor,2024-09-30,2024,9,40,3,8745,1.4,Low
Germany,Compactor,2024-10-07,2024,10,41,6,23801,1.2,Medium
Germany,Compactor,2024-10-14,2024,10,42,2,8510,1.2,Low
Germany,Compactor,2024-10-21,2024,10,43,1,4847,1.2,Low
Germany,Compactor,2024-11-04,2024,11,45,1,9975,0.85,Low
Germany,Compactor,2024-11-11,2024,11,46,4,17351,0.85,Low
Germany,Compactor,2024-11-18,2024,11,47,1,13110,0.85,Low
Germany,Compactor,2024-11-25,2024,11,48,4,15017,0.85,Low
Germany,Compactor,2024-12-02,2024,12,49,1,1094,0.6,Low
Germany,Compactor,2024-12-09,2024,12,50,2,8200,0.6,Low
Germany,Compactor,2024-12-16,2024,12,51,1,5299,0.6,Low
Germany,Compactor,2024-12-23,2024,12,52,1,9605,0.6,Low
Germany,Compactor,2024-12-30,2024,12,1,2,20169,0.6,Low
Germany,Compactor,2025-01-06,2025,1,2,2,6924,0.55,Low
Germany,Compactor,2025-01-13,2025,1,3,1,6441,0.55,Low
Germany,Compactor,2025-01-20,2025,1,4,1,1094,0.55,Low
Germany,Compactor,2025-02-03,2025,2,6,2,12743,0.6,Low
Germany,Compactor,2025-02-10,2025,2,7,2,10758,0.6,Low
Germany,Compactor,2025-02-17,2025,2,8,1,3710,0.6,Low
Germany,Compactor,2025-02-24,2025,2,9,1,6495,0.6,Low
Germany,Compactor,2025-03-03,2025,3,10,1,1120,0.85,Low
Germany,Compactor,2025-03-10,2025,3,11,6,45294,0.85,Medium
Germany,Compactor,2025-03-17,2025,3,12,2,6379,0.85,Low
Germany,Compactor,2025-03-24,2025,3,13,4,28528,0.85,Low
Germany,Compactor,2025-03-31,2025,3,14,4,27079,0.85,Low
Germany,Compactor,2025-04-07,2025,4,15,4,21379,1.3,Low
Germany,Compactor,2025-04-14,2025,4,16,7,42843,1.3,Medium
Germany,Compactor,2025-04-21,2025,4,17,4,41777,1.3,Low
Germany,Compactor,2025-04-28,2025,4,18,3,14643,1.3,Low
Germany,Compactor,2025-05-05,2025,5,19,4,40725,1.6,Low
Germany,Compactor,2025-05-12,2025,5,20,5,30882,1.6,Low
Germany,Compactor,2025-05-19,2025,5,21,7,38354,1.6,Medium
Germany,Compactor,2025-05-26,2025,5,22,3,15619,1.6,Low
Germany,Compactor,2025-06-02,2025,6,23,6,40005,1.7,Medium
Germany,Compactor,2025-06-09,2025,6,24,4,50500,1.7,Low
Germany,Compactor,2025-06-16,2025,6,25,5,23846,1.7,Low
Germany,Compactor,2025-06-23,2025,6,26,4,25510,1.7,Low
Germany,Compactor,2025-06-30,2025,6,27,7,26697,1.7,Medium
Germany,Compactor,2025-07-07,2025,7,28,4,23905,1.65,Low
Germany,Compactor,2025-07-14,2025,7,29,1,4469,1.65,Low
Germany,Compactor,2025-07-21,2025,7,30,5,39936,1.65,Low
Germany,Compactor,2025-07-28,2025,7,31,3,21039,1.65,Low
Germany,Compactor,2025-08-04,2025,8,32,4,18447,1.55,Low
Germany,Compactor,2025-08-11,2025,8,33,5,36213,1.55,Low
Germany,Compactor,2025-08-18,2025,8,34,5,23267,1.55,Low
Germany,Compactor,2025-08-25,2025,8,35,6,21280,1.55,Medium
Germany,Compactor,2025-09-01,2025,9,36,3,20040,1.4,Low
Germany,Compactor,2025-09-08,2025,9,37,2,5924,1.4,Low
Germany,Compactor,2025-09-15,2025,9,38,9,47709,1.4,Medium
Germany,Compactor,2025-09-22,2025,9,39,3,30601,1.4,Low
Germany,Compactor,2025-09-29,2025,9,40,2,5478,1.4,Low
Germany,Compactor,2025-10-06,2025,10,41,6,15246,1.2,Medium
Germany,Compactor,2025-10-13,2025,10,42,2,22528,1.2,Low
Germany,Compactor,2025-10-20,2025,10,43,5,22265,1.2,Low
Germany,Compactor,2025-10-27,2025,10,44,4,10118,1.2,Low
Germany,Compactor,2025-11-03,2025,11,45,2,8952,0.85,Low
Germany,Compactor,2025-11-10,2025,11,46,4,20130,0.85,Low
Germany,Compactor,2025-11-17,2025,11,47,3,12540,0.85,Low
Germany,Compactor,2025-11-24,2025,11,48,3,10868,0.85,Low
Germany,Compactor,2025-12-01,2025,12,49,1,3351,0.6,Low
Germany,Compactor,2025-12-15,2025,12,51,1,8255,0.6,Low
Germany,Compactor,2025-12-29,2025,12,1,1,1084,0.6,Low
Germany,Compactor,2026-01-12,2026,1,3,3,27283,0.55,Low
Germany,Compactor,2026-01-19,2026,1,4,2,14155,0.55,Low
Germany,Compactor,2026-02-02,2026,2,6,1,6114,0.6,Low
Germany,Compactor,2026-02-09,2026,2,7,2,8802,0.6,Low
Germany,Compactor,2026-02-16,2026,2,8,2,10607,0.6,Low
Germany,Compactor,2026-02-23,2026,2,9,1,3214,0.6,Low
Germany,Compactor,2026-03-02,2026,3,10,2,7733,0.85,Low
Germany,Compactor,2026-03-09,2026,3,11,5,18800,0.85,Low
Germany,Compactor,2026-03-16,2026,3,12,2,7858,0.85,Low
Germany,Compactor,2026-03-23,2026,3,13,5,22281,0.85,Low
Germany,Compactor,2026-03-30,2026,3,14,8,37683,0.85,Medium
Germany,Compactor,2026-04-06,2026,4,15,5,55412,1.3,Low
Germany,Compactor,2026-04-13,2026,4,16,7,29340,1.3,Medium
Germany,Compactor,2026-04-20,2026,4,17,5,27795,1.3,Low
Germany,Compactor,2026-04-27,2026,4,18,7,53301,1.3,Medium
Germany,Compactor,2026-05-04,2026,5,19,2,12244,1.6,Low
Germany,Compactor,2026-05-11,2026,5,20,2,10839,1.6,Low
Germany,Compactor,2026-05-18,2026,5,21,4,31983,1.6,Low
Germany,Compactor,2026-05-25,2026,5,22,6,53628,1.6,Medium
Germany,Compactor,2026-06-01,2026,6,23,5,35343,1.7,Low
Germany,Compactor,2026-06-08,2026,6,24,5,22565,1.7,Low
Germany,Compactor,2026-06-15,2026,6,25,6,38882,1.7,Medium
Germany,Compactor,2026-06-22,2026,6,26,5,34195,1.7,Low
Germany,Compactor,2026-06-29,2026,6,27,1,2260,1.7,Low
Germany,Dozer,2023-01-16,2023,1,3,2,44977,0.55,Low
Germany,Dozer,2023-01-23,2023,1,4,1,6149,0.55,Low
Germany,Dozer,2023-02-06,2023,2,6,3,48732,0.6,Low
Germany,Dozer,2023-02-27,2023,2,9,1,11123,0.6,Low
Germany,Dozer,2023-03-06,2023,3,10,3,40329,0.85,Low
Germany,Dozer,2023-03-13,2023,3,11,1,2650,0.85,Low
Germany,Dozer,2023-03-20,2023,3,12,2,27942,0.85,Low
Germany,Dozer,2023-03-27,2023,3,13,1,25872,0.85,Low
Germany,Dozer,2023-04-03,2023,4,14,2,16416,1.3,Low
Germany,Dozer,2023-04-10,2023,4,15,6,121833,1.3,Medium
Germany,Dozer,2023-04-17,2023,4,16,5,80035,1.3,Low
Germany,Dozer,2023-04-24,2023,4,17,1,10110,1.3,Low
Germany,Dozer,2023-05-01,2023,5,18,1,30774,1.6,Low
Germany,Dozer,2023-05-08,2023,5,19,5,71165,1.6,Low
Germany,Dozer,2023-05-15,2023,5,20,4,70541,1.6,Low
Germany,Dozer,2023-05-22,2023,5,21,3,58539,1.6,Low
Germany,Dozer,2023-05-29,2023,5,22,2,15352,1.6,Low
Germany,Dozer,2023-06-05,2023,6,23,3,16961,1.7,Low
Germany,Dozer,2023-06-12,2023,6,24,1,3395,1.7,Low
Germany,Dozer,2023-06-19,2023,6,25,4,77710,1.7,Low
Germany,Dozer,2023-06-26,2023,6,26,5,104123,1.7,Low
Germany,Dozer,2023-07-03,2023,7,27,1,3745,1.6,Low
Germany,Dozer,2023-07-10,2023,7,28,2,22029,1.6,Low
Germany,Dozer,2023-07-17,2023,7,29,4,78913,1.6,Low
Germany,Dozer,2023-07-24,2023,7,30,2,26420,1.6,Low
Germany,Dozer,2023-07-31,2023,7,31,6,93719,1.6,Medium
Germany,Dozer,2023-08-07,2023,8,32,3,21282,1.5,Low
Germany,Dozer,2023-08-14,2023,8,33,3,47174,1.5,Low
Germany,Dozer,2023-08-21,2023,8,34,6,74668,1.5,Medium
Germany,Dozer,2023-08-28,2023,8,35,3,44694,1.5,Low
Germany,Dozer,2023-09-04,2023,9,36,2,18652,1.4,Low
Germany,Dozer,2023-09-11,2023,9,37,4,51523,1.4,Low
Germany,Dozer,2023-09-18,2023,9,38,4,63769,1.4,Low
Germany,Dozer,2023-09-25,2023,9,39,5,51859,1.4,Low
Germany,Dozer,2023-10-09,2023,10,41,3,34895,1.2,Low
Germany,Dozer,2023-10-16,2023,10,42,5,88724,1.2,Low
Germany,Dozer,2023-10-23,2023,10,43,1,7843,1.2,Low
Germany,Dozer,2023-11-06,2023,11,45,2,21444,0.85,Low
Germany,Dozer,2023-11-13,2023,11,46,1,26146,0.85,Low
Germany,Dozer,2023-11-27,2023,11,48,4,41485,0.85,Low
Germany,Dozer,2023-12-11,2023,12,50,3,37556,0.6,Low
Germany,Dozer,2023-12-18,2023,12,51,2,11499,0.6,Low
Germany,Dozer,2024-01-08,2024,1,2,1,4659,0.55,Low
Germany,Dozer,2024-01-15,2024,1,3,1,18072,0.55,Low
Germany,Dozer,2024-02-05,2024,2,6,2,30267,0.6,Low
Germany,Dozer,2024-02-26,2024,2,9,1,29621,0.6,Low
Germany,Dozer,2024-03-04,2024,3,10,4,35132,0.85,Low
Germany,Dozer,2024-03-11,2024,3,11,1,41876,0.85,Low
Germany,Dozer,2024-03-18,2024,3,12,4,40550,0.85,Low
Germany,Dozer,2024-03-25,2024,3,13,3,61951,0.85,Low
Germany,Dozer,2024-04-01,2024,4,14,3,27482,1.3,Low
Germany,Dozer,2024-04-08,2024,4,15,3,67374,1.3,Low
Germany,Dozer,2024-04-15,2024,4,16,2,18752,1.3,Low
Germany,Dozer,2024-04-22,2024,4,17,2,23486,1.3,Low
Germany,Dozer,2024-04-29,2024,4,18,1,32116,1.3,Low
Germany,Dozer,2024-05-06,2024,5,19,3,19053,1.6,Low
Germany,Dozer,2024-05-13,2024,5,20,5,51275,1.6,Low
Germany,Dozer,2024-05-20,2024,5,21,1,7572,1.6,Low
Germany,Dozer,2024-05-27,2024,5,22,3,56687,1.6,Low
Germany,Dozer,2024-06-03,2024,6,23,3,24948,1.7,Low
Germany,Dozer,2024-06-10,2024,6,24,1,34647,1.7,Low
Germany,Dozer,2024-06-17,2024,6,25,2,5454,1.7,Low
Germany,Dozer,2024-06-24,2024,6,26,3,16329,1.7,Low
Germany,Dozer,2024-07-01,2024,7,27,6,49281,1.6,Medium
Germany,Dozer,2024-07-08,2024,7,28,3,19129,1.6,Low
Germany,Dozer,2024-07-15,2024,7,29,5,91546,1.6,Low
Germany,Dozer,2024-07-22,2024,7,30,4,62336,1.6,Low
Germany,Dozer,2024-07-29,2024,7,31,4,95567,1.6,Low
Germany,Dozer,2024-08-12,2024,8,33,4,63718,1.5,Low
Germany,Dozer,2024-08-19,2024,8,34,4,45391,1.5,Low
Germany,Dozer,2024-08-26,2024,8,35,3,25054,1.5,Low
Germany,Dozer,2024-09-02,2024,9,36,1,6439,1.4,Low
Germany,Dozer,2024-09-09,2024,9,37,3,58625,1.4,Low
Germany,Dozer,2024-09-16,2024,9,38,5,87766,1.4,Low
Germany,Dozer,2024-09-23,2024,9,39,1,27674,1.4,Low
Germany,Dozer,2024-10-07,2024,10,41,3,69117,1.2,Low
Germany,Dozer,2024-10-14,2024,10,42,1,2211,1.2,Low
Germany,Dozer,2024-10-28,2024,10,44,2,27951,1.2,Low
Germany,Dozer,2024-11-04,2024,11,45,1,27129,0.85,Low
Germany,Dozer,2024-11-11,2024,11,46,1,8293,0.85,Low
Germany,Dozer,2024-12-02,2024,12,49,1,27781,0.6,Low
Germany,Dozer,2024-12-09,2024,12,50,2,29926,0.6,Low
Germany,Dozer,2025-02-10,2025,2,7,1,2496,0.6,Low
Germany,Dozer,2025-02-24,2025,2,9,1,28575,0.6,Low
Germany,Dozer,2025-03-03,2025,3,10,2,19731,0.85,Low
Germany,Dozer,2025-03-24,2025,3,13,4,76882,0.85,Low
Germany,Dozer,2025-03-31,2025,3,14,6,44892,0.85,Medium
Germany,Dozer,2025-04-07,2025,4,15,2,33375,1.3,Low
Germany,Dozer,2025-04-14,2025,4,16,3,68700,1.3,Low
Germany,Dozer,2025-04-21,2025,4,17,4,44062,1.3,Low
Germany,Dozer,2025-04-28,2025,4,18,3,67443,1.3,Low
Germany,Dozer,2025-05-05,2025,5,19,1,19905,1.6,Low
Germany,Dozer,2025-05-12,2025,5,20,3,34493,1.6,Low
Germany,Dozer,2025-05-19,2025,5,21,3,27832,1.6,Low
Germany,Dozer,2025-06-02,2025,6,23,4,57588,1.7,Low
Germany,Dozer,2025-06-09,2025,6,24,4,35576,1.7,Low
Germany,Dozer,2025-06-16,2025,6,25,4,26562,1.7,Low
Germany,Dozer,2025-06-23,2025,6,26,4,71589,1.7,Low
Germany,Dozer,2025-06-30,2025,6,27,4,61624,1.7,Low
Germany,Dozer,2025-07-07,2025,7,28,4,56173,1.6,Low
Germany,Dozer,2025-07-14,2025,7,29,5,77786,1.6,Low
Germany,Dozer,2025-07-21,2025,7,30,2,69039,1.6,Low
Germany,Dozer,2025-07-28,2025,7,31,3,45863,1.6,Low
Germany,Dozer,2025-08-04,2025,8,32,2,58414,1.5,Low
Germany,Dozer,2025-08-11,2025,8,33,3,43980,1.5,Low
Germany,Dozer,2025-08-18,2025,8,34,1,13270,1.5,Low
Germany,Dozer,2025-08-25,2025,8,35,3,70601,1.5,Low
Germany,Dozer,2025-09-01,2025,9,36,3,37626,1.4,Low
Germany,Dozer,2025-09-08,2025,9,37,1,12413,1.4,Low
Germany,Dozer,2025-09-15,2025,9,38,3,49427,1.4,Low
Germany,Dozer,2025-09-22,2025,9,39,2,36115,1.4,Low
Germany,Dozer,2025-09-29,2025,9,40,3,29845,1.4,Low
Germany,Dozer,2025-10-06,2025,10,41,4,46113,1.2,Low
Germany,Dozer,2025-10-13,2025,10,42,1,22839,1.2,Low
Germany,Dozer,2025-10-20,2025,10,43,3,46403,1.2,Low
Germany,Dozer,2025-10-27,2025,10,44,5,114663,1.2,Low
Germany,Dozer,2025-11-10,2025,11,46,2,32744,0.85,Low
Germany,Dozer,2025-11-17,2025,11,47,1,42541,0.85,Low
Germany,Dozer,2025-11-24,2025,11,48,3,71532,0.85,Low
Germany,Dozer,2025-12-01,2025,12,49,1,2993,0.6,Low
Germany,Dozer,2025-12-29,2025,12,1,1,2551,0.6,Low
Germany,Dozer,2026-01-12,2026,1,3,1,2977,0.55,Low
Germany,Dozer,2026-02-02,2026,2,6,2,34786,0.6,Low
Germany,Dozer,2026-02-09,2026,2,7,1,2211,0.6,Low
Germany,Dozer,2026-02-23,2026,2,9,1,44340,0.6,Low
Germany,Dozer,2026-03-02,2026,3,10,3,49437,0.85,Low
Germany,Dozer,2026-03-09,2026,3,11,2,14980,0.85,Low
Germany,Dozer,2026-03-23,2026,3,13,1,29338,0.85,Low
Germany,Dozer,2026-03-30,2026,3,14,1,20789,0.85,Low
Germany,Dozer,2026-04-06,2026,4,15,4,59496,1.3,Low
Germany,Dozer,2026-04-20,2026,4,17,4,41978,1.3,Low
Germany,Dozer,2026-04-27,2026,4,18,2,17771,1.3,Low
Germany,Dozer,2026-05-04,2026,5,19,2,24336,1.6,Low
Germany,Dozer,2026-05-11,2026,5,20,5,83901,1.6,Low
Germany,Dozer,2026-05-18,2026,5,21,5,110565,1.6,Low
Germany,Dozer,2026-05-25,2026,5,22,3,97214,1.6,Low
Germany,Dozer,2026-06-08,2026,6,24,3,25654,1.7,Low
Germany,Dozer,2026-06-15,2026,6,25,5,78282,1.7,Low
Germany,Dozer,2026-06-22,2026,6,26,2,18120,1.7,Low
Germany,Dozer,2026-06-29,2026,6,27,4,26842,1.7,Low
Germany,Dump Truck,2023-01-02,2023,1,1,3,21048,0.7,Low
Germany,Dump Truck,2023-01-09,2023,1,2,1,6099,0.7,Low
Germany,Dump Truck,2023-01-16,2023,1,3,2,19703,0.7,Low
Germany,Dump Truck,2023-01-23,2023,1,4,3,16199,0.7,Low
Germany,Dump Truck,2023-01-30,2023,1,5,1,9805,0.7,Low
Germany,Dump Truck,2023-02-06,2023,2,6,2,7219,0.75,Low
Germany,Dump Truck,2023-02-13,2023,2,7,2,12610,0.75,Low
Germany,Dump Truck,2023-02-20,2023,2,8,1,9905,0.75,Low
Germany,Dump Truck,2023-02-27,2023,2,9,2,19245,0.75,Low
Germany,Dump Truck,2023-03-06,2023,3,10,5,52789,0.95,Low
Germany,Dump Truck,2023-03-13,2023,3,11,10,53560,0.95,Medium
Germany,Dump Truck,2023-03-20,2023,3,12,5,26104,0.95,Low
Germany,Dump Truck,2023-03-27,2023,3,13,3,12447,0.95,Low
Germany,Dump Truck,2023-04-03,2023,4,14,5,32036,1.25,Low
Germany,Dump Truck,2023-04-10,2023,4,15,6,43844,1.25,Medium
Germany,Dump Truck,2023-04-17,2023,4,16,5,50639,1.25,Low
Germany,Dump Truck,2023-04-24,2023,4,17,2,24745,1.25,Low
Germany,Dump Truck,2023-05-01,2023,5,18,8,53027,1.5,Medium
Germany,Dump Truck,2023-05-08,2023,5,19,7,44799,1.5,Medium
Germany,Dump Truck,2023-05-15,2023,5,20,5,22889,1.5,Low
Germany,Dump Truck,2023-05-22,2023,5,21,7,48077,1.5,Medium
Germany,Dump Truck,2023-05-29,2023,5,22,6,51538,1.5,Medium
Germany,Dump Truck,2023-06-05,2023,6,23,8,59388,1.6,Medium
Germany,Dump Truck,2023-06-12,2023,6,24,7,37812,1.6,Medium
Germany,Dump Truck,2023-06-19,2023,6,25,9,53653,1.6,Medium
Germany,Dump Truck,2023-06-26,2023,6,26,5,48702,1.6,Low
Germany,Dump Truck,2023-07-03,2023,7,27,5,20497,1.55,Low
Germany,Dump Truck,2023-07-10,2023,7,28,10,59434,1.55,Medium
Germany,Dump Truck,2023-07-17,2023,7,29,5,35885,1.55,Low
Germany,Dump Truck,2023-07-24,2023,7,30,13,92548,1.55,Medium
Germany,Dump Truck,2023-07-31,2023,7,31,7,62608,1.55,Medium
Germany,Dump Truck,2023-08-07,2023,8,32,3,15713,1.45,Low
Germany,Dump Truck,2023-08-14,2023,8,33,7,45143,1.45,Medium
Germany,Dump Truck,2023-08-21,2023,8,34,11,69477,1.45,Medium
Germany,Dump Truck,2023-08-28,2023,8,35,7,48832,1.45,Medium
Germany,Dump Truck,2023-09-04,2023,9,36,8,60806,1.35,Medium
Germany,Dump Truck,2023-09-11,2023,9,37,8,49006,1.35,Medium
Germany,Dump Truck,2023-09-18,2023,9,38,3,20948,1.35,Low
Germany,Dump Truck,2023-09-25,2023,9,39,13,81746,1.35,Medium
Germany,Dump Truck,2023-10-02,2023,10,40,10,69968,1.2,Medium
Germany,Dump Truck,2023-10-09,2023,10,41,3,10834,1.2,Low
Germany,Dump Truck,2023-10-16,2023,10,42,7,27762,1.2,Medium
Germany,Dump Truck,2023-10-23,2023,10,43,9,60753,1.2,Medium
Germany,Dump Truck,2023-10-30,2023,10,44,1,14852,1.2,Low
Germany,Dump Truck,2023-11-06,2023,11,45,2,5943,0.95,Low
Germany,Dump Truck,2023-11-13,2023,11,46,6,34745,0.95,Medium
Germany,Dump Truck,2023-11-20,2023,11,47,8,45790,0.95,Medium
Germany,Dump Truck,2023-11-27,2023,11,48,2,11321,0.95,Low
Germany,Dump Truck,2023-12-04,2023,12,49,4,21041,0.75,Low
Germany,Dump Truck,2023-12-11,2023,12,50,1,7041,0.75,Low
Germany,Dump Truck,2023-12-18,2023,12,51,4,23650,0.75,Low
Germany,Dump Truck,2023-12-25,2023,12,52,2,5705,0.75,Low
Germany,Dump Truck,2024-01-01,2024,1,1,6,28499,0.7,Medium
Germany,Dump Truck,2024-01-08,2024,1,2,5,25595,0.7,Low
Germany,Dump Truck,2024-01-15,2024,1,3,2,8176,0.7,Low
Germany,Dump Truck,2024-01-22,2024,1,4,4,30599,0.7,Low
Germany,Dump Truck,2024-01-29,2024,1,5,1,4882,0.7,Low
Germany,Dump Truck,2024-02-05,2024,2,6,6,45858,0.75,Medium
Germany,Dump Truck,2024-02-19,2024,2,8,2,8940,0.75,Low
Germany,Dump Truck,2024-02-26,2024,2,9,8,60453,0.75,Medium
Germany,Dump Truck,2024-03-04,2024,3,10,6,53067,0.95,Medium
Germany,Dump Truck,2024-03-11,2024,3,11,4,37875,0.95,Low
Germany,Dump Truck,2024-03-18,2024,3,12,4,30099,0.95,Low
Germany,Dump Truck,2024-03-25,2024,3,13,2,10960,0.95,Low
Germany,Dump Truck,2024-04-01,2024,4,14,6,33402,1.25,Medium
Germany,Dump Truck,2024-04-08,2024,4,15,3,10710,1.25,Low
Germany,Dump Truck,2024-04-15,2024,4,16,7,40759,1.25,Medium
Germany,Dump Truck,2024-04-22,2024,4,17,7,52319,1.25,Medium
Germany,Dump Truck,2024-04-29,2024,4,18,6,56552,1.25,Medium
Germany,Dump Truck,2024-05-06,2024,5,19,5,29183,1.5,Low
Germany,Dump Truck,2024-05-13,2024,5,20,9,41666,1.5,Medium
Germany,Dump Truck,2024-05-20,2024,5,21,6,28329,1.5,Medium
Germany,Dump Truck,2024-05-27,2024,5,22,10,81719,1.5,Medium
Germany,Dump Truck,2024-06-03,2024,6,23,7,38456,1.6,Medium
Germany,Dump Truck,2024-06-10,2024,6,24,7,48059,1.6,Medium
Germany,Dump Truck,2024-06-17,2024,6,25,7,63721,1.6,Medium
Germany,Dump Truck,2024-06-24,2024,6,26,8,36663,1.6,Medium
Germany,Dump Truck,2024-07-01,2024,7,27,6,33564,1.55,Medium
Germany,Dump Truck,2024-07-08,2024,7,28,4,38185,1.55,Low
Germany,Dump Truck,2024-07-15,2024,7,29,9,60714,1.55,Medium
Germany,Dump Truck,2024-07-22,2024,7,30,4,16114,1.55,Low
Germany,Dump Truck,2024-07-29,2024,7,31,13,68705,1.55,Medium
Germany,Dump Truck,2024-08-05,2024,8,32,7,51559,1.45,Medium
Germany,Dump Truck,2024-08-12,2024,8,33,9,49078,1.45,Medium
Germany,Dump Truck,2024-08-19,2024,8,34,4,16062,1.45,Low
Germany,Dump Truck,2024-08-26,2024,8,35,6,44541,1.45,Medium
Germany,Dump Truck,2024-09-02,2024,9,36,7,54155,1.35,Medium
Germany,Dump Truck,2024-09-09,2024,9,37,10,34204,1.35,Medium
Germany,Dump Truck,2024-09-16,2024,9,38,10,66713,1.35,Medium
Germany,Dump Truck,2024-09-23,2024,9,39,5,24613,1.35,Low
Germany,Dump Truck,2024-09-30,2024,9,40,3,18813,1.35,Low
Germany,Dump Truck,2024-10-07,2024,10,41,5,43847,1.2,Low
Germany,Dump Truck,2024-10-14,2024,10,42,5,29973,1.2,Low
Germany,Dump Truck,2024-10-21,2024,10,43,7,37673,1.2,Medium
Germany,Dump Truck,2024-10-28,2024,10,44,7,52134,1.2,Medium
Germany,Dump Truck,2024-11-04,2024,11,45,1,1257,0.95,Low
Germany,Dump Truck,2024-11-11,2024,11,46,4,23655,0.95,Low
Germany,Dump Truck,2024-11-18,2024,11,47,4,30675,0.95,Low
Germany,Dump Truck,2024-11-25,2024,11,48,3,19769,0.95,Low
Germany,Dump Truck,2024-12-02,2024,12,49,1,4902,0.75,Low
Germany,Dump Truck,2024-12-09,2024,12,50,3,11018,0.75,Low
Germany,Dump Truck,2024-12-16,2024,12,51,2,23151,0.75,Low
Germany,Dump Truck,2024-12-23,2024,12,52,4,17813,0.75,Low
Germany,Dump Truck,2024-12-30,2024,12,1,5,38861,0.75,Low
Germany,Dump Truck,2025-01-27,2025,1,5,3,22139,0.7,Low
Germany,Dump Truck,2025-02-03,2025,2,6,3,19559,0.75,Low
Germany,Dump Truck,2025-02-10,2025,2,7,3,12467,0.75,Low
Germany,Dump Truck,2025-02-17,2025,2,8,2,14589,0.75,Low
Germany,Dump Truck,2025-02-24,2025,2,9,3,25457,0.75,Low
Germany,Dump Truck,2025-03-03,2025,3,10,5,34893,0.95,Low
Germany,Dump Truck,2025-03-10,2025,3,11,5,38984,0.95,Low
Germany,Dump Truck,2025-03-17,2025,3,12,1,4423,0.95,Low
Germany,Dump Truck,2025-03-24,2025,3,13,4,35288,0.95,Low
Germany,Dump Truck,2025-03-31,2025,3,14,5,31507,0.95,Low
Germany,Dump Truck,2025-04-07,2025,4,15,3,17099,1.25,Low
Germany,Dump Truck,2025-04-14,2025,4,16,9,53524,1.25,Medium
Germany,Dump Truck,2025-04-21,2025,4,17,9,69334,1.25,Medium
Germany,Dump Truck,2025-04-28,2025,4,18,7,66507,1.25,Medium
Germany,Dump Truck,2025-05-05,2025,5,19,3,19975,1.5,Low
Germany,Dump Truck,2025-05-12,2025,5,20,11,65598,1.5,Medium
Germany,Dump Truck,2025-05-19,2025,5,21,9,51169,1.5,Medium
Germany,Dump Truck,2025-05-26,2025,5,22,5,30016,1.5,Low
Germany,Dump Truck,2025-06-02,2025,6,23,7,30254,1.6,Medium
Germany,Dump Truck,2025-06-09,2025,6,24,5,28689,1.6,Low
Germany,Dump Truck,2025-06-16,2025,6,25,9,59450,1.6,Medium
Germany,Dump Truck,2025-06-23,2025,6,26,8,52689,1.6,Medium
Germany,Dump Truck,2025-06-30,2025,6,27,7,56274,1.6,Medium
Germany,Dump Truck,2025-07-07,2025,7,28,8,53819,1.55,Medium
Germany,Dump Truck,2025-07-14,2025,7,29,10,61457,1.55,Medium
Germany,Dump Truck,2025-07-21,2025,7,30,7,60771,1.55,Medium
Germany,Dump Truck,2025-07-28,2025,7,31,8,73956,1.55,Medium
Germany,Dump Truck,2025-08-04,2025,8,32,5,46358,1.45,Low
Germany,Dump Truck,2025-08-11,2025,8,33,11,80397,1.45,Medium
Germany,Dump Truck,2025-08-18,2025,8,34,7,46051,1.45,Medium
Germany,Dump Truck,2025-08-25,2025,8,35,4,12873,1.45,Low
Germany,Dump Truck,2025-09-01,2025,9,36,12,60533,1.35,Medium
Germany,Dump Truck,2025-09-08,2025,9,37,7,26109,1.35,Medium
Germany,Dump Truck,2025-09-15,2025,9,38,9,51734,1.35,Medium
Germany,Dump Truck,2025-09-22,2025,9,39,7,50960,1.35,Medium
Germany,Dump Truck,2025-09-29,2025,9,40,8,39724,1.35,Medium
Germany,Dump Truck,2025-10-06,2025,10,41,11,85617,1.2,Medium
Germany,Dump Truck,2025-10-13,2025,10,42,3,24445,1.2,Low
Germany,Dump Truck,2025-10-20,2025,10,43,9,58444,1.2,Medium
Germany,Dump Truck,2025-10-27,2025,10,44,5,25668,1.2,Low
Germany,Dump Truck,2025-11-03,2025,11,45,9,53038,0.95,Medium
Germany,Dump Truck,2025-11-10,2025,11,46,6,31932,0.95,Medium
Germany,Dump Truck,2025-11-17,2025,11,47,6,57834,0.95,Medium
Germany,Dump Truck,2025-11-24,2025,11,48,9,43544,0.95,Medium
Germany,Dump Truck,2025-12-01,2025,12,49,4,17633,0.75,Low
Germany,Dump Truck,2025-12-08,2025,12,50,3,25931,0.75,Low
Germany,Dump Truck,2025-12-15,2025,12,51,3,24751,0.75,Low
Germany,Dump Truck,2025-12-22,2025,12,52,2,36560,0.75,Low
Germany,Dump Truck,2025-12-29,2025,12,1,2,12585,0.75,Low
Germany,Dump Truck,2026-01-05,2026,1,2,3,13307,0.7,Low
Germany,Dump Truck,2026-01-12,2026,1,3,4,13082,0.7,Low
Germany,Dump Truck,2026-01-26,2026,1,5,4,19007,0.7,Low
Germany,Dump Truck,2026-02-02,2026,2,6,4,23398,0.75,Low
Germany,Dump Truck,2026-02-09,2026,2,7,1,1167,0.75,Low
Germany,Dump Truck,2026-02-16,2026,2,8,4,16113,0.75,Low
Germany,Dump Truck,2026-02-23,2026,2,9,3,19776,0.75,Low
Germany,Dump Truck,2026-03-02,2026,3,10,5,36089,0.95,Low
Germany,Dump Truck,2026-03-09,2026,3,11,1,5132,0.95,Low
Germany,Dump Truck,2026-03-16,2026,3,12,4,20553,0.95,Low
Germany,Dump Truck,2026-03-23,2026,3,13,4,20712,0.95,Low
Germany,Dump Truck,2026-03-30,2026,3,14,4,24905,0.95,Low
Germany,Dump Truck,2026-04-06,2026,4,15,6,45338,1.25,Medium
Germany,Dump Truck,2026-04-13,2026,4,16,7,27021,1.25,Medium
Germany,Dump Truck,2026-04-20,2026,4,17,7,35054,1.25,Medium
Germany,Dump Truck,2026-04-27,2026,4,18,6,50918,1.25,Medium
Germany,Dump Truck,2026-05-04,2026,5,19,8,56880,1.5,Medium
Germany,Dump Truck,2026-05-11,2026,5,20,10,68800,1.5,Medium
Germany,Dump Truck,2026-05-18,2026,5,21,7,37194,1.5,Medium
Germany,Dump Truck,2026-05-25,2026,5,22,7,52390,1.5,Medium
Germany,Dump Truck,2026-06-01,2026,6,23,8,27811,1.6,Medium
Germany,Dump Truck,2026-06-08,2026,6,24,7,46724,1.6,Medium
Germany,Dump Truck,2026-06-15,2026,6,25,11,62943,1.6,Medium
Germany,Dump Truck,2026-06-22,2026,6,26,6,51779,1.6,Medium
Germany,Dump Truck,2026-06-29,2026,6,27,2,19877,1.6,Low
Germany,Excavator,2023-01-02,2023,1,1,2,8194,0.55,Low
Germany,Excavator,2023-01-16,2023,1,3,1,13885,0.55,Low
Germany,Excavator,2023-01-23,2023,1,4,2,16089,0.55,Low
Germany,Excavator,2023-01-30,2023,1,5,1,23000,0.55,Low
Germany,Excavator,2023-02-06,2023,2,6,1,28917,0.6,Low
Germany,Excavator,2023-02-13,2023,2,7,2,12247,0.6,Low
Germany,Excavator,2023-02-20,2023,2,8,3,54623,0.6,Low
Germany,Excavator,2023-02-27,2023,2,9,2,10186,0.6,Low
Germany,Excavator,2023-03-06,2023,3,10,11,121659,0.85,Medium
Germany,Excavator,2023-03-13,2023,3,11,6,73009,0.85,Medium
Germany,Excavator,2023-03-20,2023,3,12,5,37586,0.85,Low
Germany,Excavator,2023-03-27,2023,3,13,4,29117,0.85,Low
Germany,Excavator,2023-04-03,2023,4,14,7,63413,1.3,Medium
Germany,Excavator,2023-04-10,2023,4,15,8,100763,1.3,Medium
Germany,Excavator,2023-04-17,2023,4,16,8,64095,1.3,Medium
Germany,Excavator,2023-04-24,2023,4,17,6,97171,1.3,Medium
Germany,Excavator,2023-05-01,2023,5,18,9,84396,1.6,Medium
Germany,Excavator,2023-05-08,2023,5,19,10,78067,1.6,Medium
Germany,Excavator,2023-05-15,2023,5,20,11,83760,1.6,Medium
Germany,Excavator,2023-05-22,2023,5,21,7,57268,1.6,Medium
Germany,Excavator,2023-05-29,2023,5,22,9,61176,1.6,Medium
Germany,Excavator,2023-06-05,2023,6,23,18,159653,1.7,High
Germany,Excavator,2023-06-12,2023,6,24,9,86336,1.7,Medium
Germany,Excavator,2023-06-19,2023,6,25,10,99001,1.7,Medium
Germany,Excavator,2023-06-26,2023,6,26,15,176574,1.7,High
Germany,Excavator,2023-07-03,2023,7,27,7,39608,1.65,Medium
Germany,Excavator,2023-07-10,2023,7,28,14,172274,1.65,Medium
Germany,Excavator,2023-07-17,2023,7,29,9,64816,1.65,Medium
Germany,Excavator,2023-07-24,2023,7,30,12,112863,1.65,Medium
Germany,Excavator,2023-07-31,2023,7,31,10,74323,1.65,Medium
Germany,Excavator,2023-08-07,2023,8,32,9,143800,1.55,Medium
Germany,Excavator,2023-08-14,2023,8,33,13,81815,1.55,Medium
Germany,Excavator,2023-08-21,2023,8,34,10,108724,1.55,Medium
Germany,Excavator,2023-08-28,2023,8,35,13,104955,1.55,Medium
Germany,Excavator,2023-09-04,2023,9,36,10,71064,1.4,Medium
Germany,Excavator,2023-09-11,2023,9,37,12,125356,1.4,Medium
Germany,Excavator,2023-09-18,2023,9,38,9,73197,1.4,Medium
Germany,Excavator,2023-09-25,2023,9,39,12,155943,1.4,Medium
Germany,Excavator,2023-10-02,2023,10,40,5,36124,1.2,Low
Germany,Excavator,2023-10-09,2023,10,41,9,97641,1.2,Medium
Germany,Excavator,2023-10-16,2023,10,42,9,97675,1.2,Medium
Germany,Excavator,2023-10-23,2023,10,43,5,94953,1.2,Low
Germany,Excavator,2023-10-30,2023,10,44,5,30345,1.2,Low
Germany,Excavator,2023-11-06,2023,11,45,7,74707,0.9,Medium
Germany,Excavator,2023-11-13,2023,11,46,6,89477,0.9,Medium
Germany,Excavator,2023-11-20,2023,11,47,5,46857,0.9,Low
Germany,Excavator,2023-11-27,2023,11,48,10,80025,0.9,Medium
Germany,Excavator,2023-12-04,2023,12,49,2,3764,0.6,Low
Germany,Excavator,2023-12-11,2023,12,50,1,5081,0.6,Low
Germany,Excavator,2023-12-18,2023,12,51,3,25299,0.6,Low
Germany,Excavator,2023-12-25,2023,12,52,3,14867,0.6,Low
Germany,Excavator,2024-01-01,2024,1,1,1,5316,0.55,Low
Germany,Excavator,2024-01-08,2024,1,2,1,3076,0.55,Low
Germany,Excavator,2024-01-15,2024,1,3,3,24120,0.55,Low
Germany,Excavator,2024-01-22,2024,1,4,2,12250,0.55,Low
Germany,Excavator,2024-01-29,2024,1,5,2,20282,0.55,Low
Germany,Excavator,2024-02-12,2024,2,7,3,23639,0.6,Low
Germany,Excavator,2024-02-19,2024,2,8,1,1708,0.6,Low
Germany,Excavator,2024-02-26,2024,2,9,4,77000,0.6,Low
Germany,Excavator,2024-03-04,2024,3,10,4,40246,0.85,Low
Germany,Excavator,2024-03-11,2024,3,11,8,76636,0.85,Medium
Germany,Excavator,2024-03-18,2024,3,12,9,84511,0.85,Medium
Germany,Excavator,2024-03-25,2024,3,13,4,46064,0.85,Low
Germany,Excavator,2024-04-01,2024,4,14,14,139958,1.3,Medium
Germany,Excavator,2024-04-08,2024,4,15,6,53857,1.3,Medium
Germany,Excavator,2024-04-15,2024,4,16,6,61202,1.3,Medium
Germany,Excavator,2024-04-22,2024,4,17,7,86265,1.3,Medium
Germany,Excavator,2024-04-29,2024,4,18,10,102382,1.3,Medium
Germany,Excavator,2024-05-06,2024,5,19,13,132751,1.6,Medium
Germany,Excavator,2024-05-13,2024,5,20,9,101039,1.6,Medium
Germany,Excavator,2024-05-20,2024,5,21,12,92922,1.6,Medium
Germany,Excavator,2024-05-27,2024,5,22,10,85648,1.6,Medium
Germany,Excavator,2024-06-03,2024,6,23,13,87755,1.7,Medium
Germany,Excavator,2024-06-10,2024,6,24,13,169936,1.7,Medium
Germany,Excavator,2024-06-17,2024,6,25,12,127552,1.7,Medium
Germany,Excavator,2024-06-24,2024,6,26,6,64612,1.7,Medium
Germany,Excavator,2024-07-01,2024,7,27,7,68294,1.65,Medium
Germany,Excavator,2024-07-08,2024,7,28,8,97723,1.65,Medium
Germany,Excavator,2024-07-15,2024,7,29,6,33013,1.65,Medium
Germany,Excavator,2024-07-22,2024,7,30,7,37996,1.65,Medium
Germany,Excavator,2024-07-29,2024,7,31,12,90544,1.65,Medium
Germany,Excavator,2024-08-05,2024,8,32,7,73890,1.55,Medium
Germany,Excavator,2024-08-12,2024,8,33,10,87891,1.55,Medium
Germany,Excavator,2024-08-19,2024,8,34,10,95381,1.55,Medium
Germany,Excavator,2024-08-26,2024,8,35,4,36346,1.55,Low
Germany,Excavator,2024-09-02,2024,9,36,13,107960,1.4,Medium
Germany,Excavator,2024-09-09,2024,9,37,7,102150,1.4,Medium
Germany,Excavator,2024-09-16,2024,9,38,5,80412,1.4,Low
Germany,Excavator,2024-09-23,2024,9,39,13,139121,1.4,Medium
Germany,Excavator,2024-09-30,2024,9,40,5,62852,1.4,Low
Germany,Excavator,2024-10-07,2024,10,41,2,6941,1.2,Low
Germany,Excavator,2024-10-14,2024,10,42,5,69955,1.2,Low
Germany,Excavator,2024-10-21,2024,10,43,5,39596,1.2,Low
Germany,Excavator,2024-10-28,2024,10,44,4,33649,1.2,Low
Germany,Excavator,2024-11-04,2024,11,45,4,34078,0.9,Low
Germany,Excavator,2024-11-11,2024,11,46,11,86989,0.9,Medium
Germany,Excavator,2024-11-18,2024,11,47,7,95894,0.9,Medium
Germany,Excavator,2024-11-25,2024,11,48,6,36462,0.9,Medium
Germany,Excavator,2024-12-02,2024,12,49,1,4856,0.6,Low
Germany,Excavator,2024-12-09,2024,12,50,3,37392,0.6,Low
Germany,Excavator,2024-12-16,2024,12,51,2,44099,0.6,Low
Germany,Excavator,2024-12-23,2024,12,52,3,18082,0.6,Low
Germany,Excavator,2024-12-30,2024,12,1,4,56967,0.6,Low
Germany,Excavator,2025-01-06,2025,1,2,2,15498,0.55,Low
Germany,Excavator,2025-01-13,2025,1,3,3,26008,0.55,Low
Germany,Excavator,2025-01-20,2025,1,4,1,5070,0.55,Low
Germany,Excavator,2025-01-27,2025,1,5,2,8510,0.55,Low
Germany,Excavator,2025-02-03,2025,2,6,3,39332,0.6,Low
Germany,Excavator,2025-02-10,2025,2,7,1,2970,0.6,Low
Germany,Excavator,2025-02-17,2025,2,8,2,13194,0.6,Low
Germany,Excavator,2025-02-24,2025,2,9,5,32120,0.6,Low
Germany,Excavator,2025-03-03,2025,3,10,9,54507,0.85,Medium
Germany,Excavator,2025-03-10,2025,3,11,7,90913,0.85,Medium
Germany,Excavator,2025-03-17,2025,3,12,5,78053,0.85,Low
Germany,Excavator,2025-03-24,2025,3,13,9,114884,0.85,Medium
Germany,Excavator,2025-03-31,2025,3,14,4,60104,0.85,Low
Germany,Excavator,2025-04-07,2025,4,15,9,55283,1.3,Medium
Germany,Excavator,2025-04-14,2025,4,16,10,95513,1.3,Medium
Germany,Excavator,2025-04-21,2025,4,17,13,149554,1.3,Medium
Germany,Excavator,2025-04-28,2025,4,18,9,89349,1.3,Medium
Germany,Excavator,2025-05-05,2025,5,19,9,74145,1.6,Medium
Germany,Excavator,2025-05-12,2025,5,20,3,44321,1.6,Low
Germany,Excavator,2025-05-19,2025,5,21,14,166532,1.6,Medium
Germany,Excavator,2025-05-26,2025,5,22,5,63604,1.6,Low
Germany,Excavator,2025-06-02,2025,6,23,14,119646,1.7,Medium
Germany,Excavator,2025-06-09,2025,6,24,9,148123,1.7,Medium
Germany,Excavator,2025-06-16,2025,6,25,11,73730,1.7,Medium
Germany,Excavator,2025-06-23,2025,6,26,12,169720,1.7,Medium
Germany,Excavator,2025-06-30,2025,6,27,13,129453,1.7,Medium
Germany,Excavator,2025-07-07,2025,7,28,5,59255,1.65,Low
Germany,Excavator,2025-07-14,2025,7,29,8,61790,1.65,Medium
Germany,Excavator,2025-07-21,2025,7,30,12,134492,1.65,Medium
Germany,Excavator,2025-07-28,2025,7,31,7,97727,1.65,Medium
Germany,Excavator,2025-08-04,2025,8,32,6,57772,1.55,Medium
Germany,Excavator,2025-08-11,2025,8,33,8,53940,1.55,Medium
Germany,Excavator,2025-08-18,2025,8,34,10,91933,1.55,Medium
Germany,Excavator,2025-08-25,2025,8,35,11,105425,1.55,Medium
Germany,Excavator,2025-09-01,2025,9,36,9,104261,1.4,Medium
Germany,Excavator,2025-09-08,2025,9,37,12,99704,1.4,Medium
Germany,Excavator,2025-09-15,2025,9,38,9,82338,1.4,Medium
Germany,Excavator,2025-09-22,2025,9,39,14,140475,1.4,Medium
Germany,Excavator,2025-09-29,2025,9,40,6,59547,1.4,Medium
Germany,Excavator,2025-10-06,2025,10,41,4,23424,1.2,Low
Germany,Excavator,2025-10-13,2025,10,42,6,94246,1.2,Medium
Germany,Excavator,2025-10-20,2025,10,43,6,44125,1.2,Medium
Germany,Excavator,2025-10-27,2025,10,44,6,41990,1.2,Medium
Germany,Excavator,2025-11-03,2025,11,45,5,63347,0.9,Low
Germany,Excavator,2025-11-10,2025,11,46,5,32049,0.9,Low
Germany,Excavator,2025-11-17,2025,11,47,6,35932,0.9,Medium
Germany,Excavator,2025-11-24,2025,11,48,7,71364,0.9,Medium
Germany,Excavator,2025-12-01,2025,12,49,1,4320,0.6,Low
Germany,Excavator,2025-12-08,2025,12,50,1,7605,0.6,Low
Germany,Excavator,2025-12-15,2025,12,51,2,26355,0.6,Low
Germany,Excavator,2025-12-22,2025,12,52,3,35590,0.6,Low
Germany,Excavator,2025-12-29,2025,12,1,2,24953,0.6,Low
Germany,Excavator,2026-01-05,2026,1,2,1,2099,0.55,Low
Germany,Excavator,2026-01-19,2026,1,4,2,8700,0.55,Low
Germany,Excavator,2026-01-26,2026,1,5,3,26516,0.55,Low
Germany,Excavator,2026-02-02,2026,2,6,1,13754,0.6,Low
Germany,Excavator,2026-02-09,2026,2,7,2,18846,0.6,Low
Germany,Excavator,2026-02-16,2026,2,8,1,5520,0.6,Low
Germany,Excavator,2026-02-23,2026,2,9,2,13192,0.6,Low
Germany,Excavator,2026-03-02,2026,3,10,5,53942,0.85,Low
Germany,Excavator,2026-03-09,2026,3,11,8,80190,0.85,Medium
Germany,Excavator,2026-03-16,2026,3,12,2,18935,0.85,Low
Germany,Excavator,2026-03-23,2026,3,13,4,36854,0.85,Low
Germany,Excavator,2026-03-30,2026,3,14,5,35412,0.85,Low
Germany,Excavator,2026-04-06,2026,4,15,7,64754,1.3,Medium
Germany,Excavator,2026-04-13,2026,4,16,4,42197,1.3,Low
Germany,Excavator,2026-04-20,2026,4,17,10,99045,1.3,Medium
Germany,Excavator,2026-04-27,2026,4,18,12,94822,1.3,Medium
Germany,Excavator,2026-05-04,2026,5,19,6,63072,1.6,Medium
Germany,Excavator,2026-05-11,2026,5,20,8,97036,1.6,Medium
Germany,Excavator,2026-05-18,2026,5,21,8,43898,1.6,Medium
Germany,Excavator,2026-05-25,2026,5,22,6,53346,1.6,Medium
Germany,Excavator,2026-06-01,2026,6,23,8,102695,1.7,Medium
Germany,Excavator,2026-06-08,2026,6,24,12,95586,1.7,Medium
Germany,Excavator,2026-06-15,2026,6,25,12,127537,1.7,Medium
Germany,Excavator,2026-06-22,2026,6,26,10,112669,1.7,Medium
Germany,Excavator,2026-06-29,2026,6,27,2,28287,1.7,Low
Germany,Motor Grader,2023-01-02,2023,1,1,1,5340,0.6,Low
Germany,Motor Grader,2023-01-09,2023,1,2,3,17113,0.6,Low
Germany,Motor Grader,2023-01-16,2023,1,3,2,19800,0.6,Low
Germany,Motor Grader,2023-02-06,2023,2,6,1,26484,0.65,Low
Germany,Motor Grader,2023-02-13,2023,2,7,1,3859,0.65,Low
Germany,Motor Grader,2023-02-20,2023,2,8,2,10540,0.65,Low
Germany,Motor Grader,2023-02-27,2023,2,9,6,47302,0.65,Medium
Germany,Motor Grader,2023-03-06,2023,3,10,4,29643,0.9,Low
Germany,Motor Grader,2023-03-13,2023,3,11,2,16432,0.9,Low
Germany,Motor Grader,2023-03-20,2023,3,12,2,22801,0.9,Low
Germany,Motor Grader,2023-03-27,2023,3,13,2,23867,0.9,Low
Germany,Motor Grader,2023-04-03,2023,4,14,5,52239,1.3,Low
Germany,Motor Grader,2023-04-10,2023,4,15,8,66608,1.3,Medium
Germany,Motor Grader,2023-04-17,2023,4,16,3,34170,1.3,Low
Germany,Motor Grader,2023-04-24,2023,4,17,5,85870,1.3,Low
Germany,Motor Grader,2023-05-01,2023,5,18,8,86164,1.55,Medium
Germany,Motor Grader,2023-05-08,2023,5,19,8,112302,1.55,Medium
Germany,Motor Grader,2023-05-15,2023,5,20,9,122897,1.55,Medium
Germany,Motor Grader,2023-05-22,2023,5,21,6,76047,1.55,Medium
Germany,Motor Grader,2023-05-29,2023,5,22,10,139815,1.55,Medium
Germany,Motor Grader,2023-06-05,2023,6,23,4,45741,1.65,Low
Germany,Motor Grader,2023-06-12,2023,6,24,3,41543,1.65,Low
Germany,Motor Grader,2023-06-19,2023,6,25,7,51501,1.65,Medium
Germany,Motor Grader,2023-06-26,2023,6,26,3,29132,1.65,Low
Germany,Motor Grader,2023-07-03,2023,7,27,6,28930,1.6,Medium
Germany,Motor Grader,2023-07-10,2023,7,28,8,102527,1.6,Medium
Germany,Motor Grader,2023-07-17,2023,7,29,11,79780,1.6,Medium
Germany,Motor Grader,2023-07-24,2023,7,30,10,84048,1.6,Medium
Germany,Motor Grader,2023-07-31,2023,7,31,5,26720,1.6,Low
Germany,Motor Grader,2023-08-07,2023,8,32,11,86104,1.5,Medium
Germany,Motor Grader,2023-08-14,2023,8,33,4,43374,1.5,Low
Germany,Motor Grader,2023-08-21,2023,8,34,3,38736,1.5,Low
Germany,Motor Grader,2023-08-28,2023,8,35,9,46142,1.5,Medium
Germany,Motor Grader,2023-09-04,2023,9,36,9,103647,1.4,Medium
Germany,Motor Grader,2023-09-11,2023,9,37,5,40336,1.4,Low
Germany,Motor Grader,2023-09-18,2023,9,38,8,66347,1.4,Medium
Germany,Motor Grader,2023-09-25,2023,9,39,5,88865,1.4,Low
Germany,Motor Grader,2023-10-02,2023,10,40,4,24356,1.2,Low
Germany,Motor Grader,2023-10-09,2023,10,41,4,83823,1.2,Low
Germany,Motor Grader,2023-10-16,2023,10,42,4,38999,1.2,Low
Germany,Motor Grader,2023-10-23,2023,10,43,5,55144,1.2,Low
Germany,Motor Grader,2023-10-30,2023,10,44,4,29791,1.2,Low
Germany,Motor Grader,2023-11-06,2023,11,45,5,42638,0.9,Low
Germany,Motor Grader,2023-11-13,2023,11,46,2,21746,0.9,Low
Germany,Motor Grader,2023-11-20,2023,11,47,5,50526,0.9,Low
Germany,Motor Grader,2023-11-27,2023,11,48,3,37645,0.9,Low
Germany,Motor Grader,2023-12-11,2023,12,50,2,24917,0.65,Low
Germany,Motor Grader,2023-12-18,2023,12,51,1,18808,0.65,Low
Germany,Motor Grader,2023-12-25,2023,12,52,2,6997,0.65,Low
Germany,Motor Grader,2024-01-01,2024,1,1,4,54014,0.6,Low
Germany,Motor Grader,2024-01-08,2024,1,2,4,30753,0.6,Low
Germany,Motor Grader,2024-01-22,2024,1,4,1,2533,0.6,Low
Germany,Motor Grader,2024-01-29,2024,1,5,3,35274,0.6,Low
Germany,Motor Grader,2024-02-05,2024,2,6,1,1729,0.65,Low
Germany,Motor Grader,2024-02-12,2024,2,7,2,8158,0.65,Low
Germany,Motor Grader,2024-02-19,2024,2,8,3,30812,0.65,Low
Germany,Motor Grader,2024-02-26,2024,2,9,3,24848,0.65,Low
Germany,Motor Grader,2024-03-04,2024,3,10,3,21569,0.9,Low
Germany,Motor Grader,2024-03-11,2024,3,11,4,42812,0.9,Low
Germany,Motor Grader,2024-03-18,2024,3,12,7,92983,0.9,Medium
Germany,Motor Grader,2024-03-25,2024,3,13,2,6022,0.9,Low
Germany,Motor Grader,2024-04-01,2024,4,14,3,29373,1.3,Low
Germany,Motor Grader,2024-04-08,2024,4,15,7,60814,1.3,Medium
Germany,Motor Grader,2024-04-15,2024,4,16,3,38290,1.3,Low
Germany,Motor Grader,2024-04-22,2024,4,17,6,58725,1.3,Medium
Germany,Motor Grader,2024-04-29,2024,4,18,10,92012,1.3,Medium
Germany,Motor Grader,2024-05-06,2024,5,19,10,108904,1.55,Medium
Germany,Motor Grader,2024-05-13,2024,5,20,7,63192,1.55,Medium
Germany,Motor Grader,2024-05-20,2024,5,21,11,143011,1.55,Medium
Germany,Motor Grader,2024-05-27,2024,5,22,4,66816,1.55,Low
Germany,Motor Grader,2024-06-03,2024,6,23,6,78648,1.65,Medium
Germany,Motor Grader,2024-06-10,2024,6,24,6,42916,1.65,Medium
Germany,Motor Grader,2024-06-17,2024,6,25,7,60746,1.65,Medium
Germany,Motor Grader,2024-06-24,2024,6,26,7,49467,1.65,Medium
Germany,Motor Grader,2024-07-01,2024,7,27,12,132346,1.6,Medium
Germany,Motor Grader,2024-07-08,2024,7,28,8,87035,1.6,Medium
Germany,Motor Grader,2024-07-15,2024,7,29,9,85604,1.6,Medium
Germany,Motor Grader,2024-07-22,2024,7,30,10,97358,1.6,Medium
Germany,Motor Grader,2024-07-29,2024,7,31,6,60828,1.6,Medium
Germany,Motor Grader,2024-08-05,2024,8,32,6,64129,1.5,Medium
Germany,Motor Grader,2024-08-12,2024,8,33,10,93559,1.5,Medium
Germany,Motor Grader,2024-08-19,2024,8,34,7,63586,1.5,Medium
Germany,Motor Grader,2024-08-26,2024,8,35,8,65589,1.5,Medium
Germany,Motor Grader,2024-09-02,2024,9,36,9,87867,1.4,Medium
Germany,Motor Grader,2024-09-09,2024,9,37,9,84286,1.4,Medium
Germany,Motor Grader,2024-09-16,2024,9,38,7,48651,1.4,Medium
Germany,Motor Grader,2024-09-23,2024,9,39,10,73627,1.4,Medium
Germany,Motor Grader,2024-09-30,2024,9,40,10,155650,1.4,Medium
Germany,Motor Grader,2024-10-07,2024,10,41,8,78680,1.2,Medium
Germany,Motor Grader,2024-10-14,2024,10,42,5,44772,1.2,Low
Germany,Motor Grader,2024-10-21,2024,10,43,4,29668,1.2,Low
Germany,Motor Grader,2024-10-28,2024,10,44,7,60216,1.2,Medium
Germany,Motor Grader,2024-11-04,2024,11,45,5,44380,0.9,Low
Germany,Motor Grader,2024-11-11,2024,11,46,4,23981,0.9,Low
Germany,Motor Grader,2024-11-18,2024,11,47,8,84878,0.9,Medium
Germany,Motor Grader,2024-11-25,2024,11,48,2,21809,0.9,Low
Germany,Motor Grader,2024-12-02,2024,12,49,3,62015,0.65,Low
Germany,Motor Grader,2024-12-09,2024,12,50,2,21290,0.65,Low
Germany,Motor Grader,2024-12-16,2024,12,51,3,42115,0.65,Low
Germany,Motor Grader,2024-12-23,2024,12,52,2,6098,0.65,Low
Germany,Motor Grader,2024-12-30,2024,12,1,1,33354,0.65,Low
Germany,Motor Grader,2025-01-06,2025,1,2,2,28993,0.6,Low
Germany,Motor Grader,2025-01-13,2025,1,3,1,7446,0.6,Low
Germany,Motor Grader,2025-01-20,2025,1,4,2,41650,0.6,Low
Germany,Motor Grader,2025-02-10,2025,2,7,5,37298,0.65,Low
Germany,Motor Grader,2025-02-17,2025,2,8,2,23365,0.65,Low
Germany,Motor Grader,2025-02-24,2025,2,9,4,72834,0.65,Low
Germany,Motor Grader,2025-03-03,2025,3,10,1,8338,0.9,Low
Germany,Motor Grader,2025-03-10,2025,3,11,6,67970,0.9,Medium
Germany,Motor Grader,2025-03-17,2025,3,12,6,118135,0.9,Medium
Germany,Motor Grader,2025-03-24,2025,3,13,7,85622,0.9,Medium
Germany,Motor Grader,2025-03-31,2025,3,14,5,70069,0.9,Low
Germany,Motor Grader,2025-04-07,2025,4,15,2,20057,1.3,Low
Germany,Motor Grader,2025-04-14,2025,4,16,8,53450,1.3,Medium
Germany,Motor Grader,2025-04-21,2025,4,17,8,55093,1.3,Medium
Germany,Motor Grader,2025-04-28,2025,4,18,5,86128,1.3,Low
Germany,Motor Grader,2025-05-05,2025,5,19,8,76079,1.55,Medium
Germany,Motor Grader,2025-05-12,2025,5,20,5,51922,1.55,Low
Germany,Motor Grader,2025-05-19,2025,5,21,6,40615,1.55,Medium
Germany,Motor Grader,2025-05-26,2025,5,22,5,35854,1.55,Low
Germany,Motor Grader,2025-06-02,2025,6,23,8,82533,1.65,Medium
Germany,Motor Grader,2025-06-09,2025,6,24,5,35103,1.65,Low
Germany,Motor Grader,2025-06-16,2025,6,25,10,111018,1.65,Medium
Germany,Motor Grader,2025-06-23,2025,6,26,10,130795,1.65,Medium
Germany,Motor Grader,2025-06-30,2025,6,27,6,64793,1.65,Medium
Germany,Motor Grader,2025-07-07,2025,7,28,8,57335,1.6,Medium
Germany,Motor Grader,2025-07-14,2025,7,29,9,77566,1.6,Medium
Germany,Motor Grader,2025-07-21,2025,7,30,6,62868,1.6,Medium
Germany,Motor Grader,2025-07-28,2025,7,31,6,68003,1.6,Medium
Germany,Motor Grader,2025-08-04,2025,8,32,7,84058,1.5,Medium
Germany,Motor Grader,2025-08-11,2025,8,33,3,44114,1.5,Low
Germany,Motor Grader,2025-08-18,2025,8,34,5,71406,1.5,Low
Germany,Motor Grader,2025-08-25,2025,8,35,3,38717,1.5,Low
Germany,Motor Grader,2025-09-01,2025,9,36,6,51544,1.4,Medium
Germany,Motor Grader,2025-09-08,2025,9,37,3,22288,1.4,Low
Germany,Motor Grader,2025-09-15,2025,9,38,11,95438,1.4,Medium
Germany,Motor Grader,2025-09-22,2025,9,39,8,97434,1.4,Medium
Germany,Motor Grader,2025-09-29,2025,9,40,4,33959,1.4,Low
Germany,Motor Grader,2025-10-06,2025,10,41,3,57577,1.2,Low
Germany,Motor Grader,2025-10-13,2025,10,42,8,104737,1.2,Medium
Germany,Motor Grader,2025-10-20,2025,10,43,4,40624,1.2,Low
Germany,Motor Grader,2025-10-27,2025,10,44,9,109043,1.2,Medium
Germany,Motor Grader,2025-11-03,2025,11,45,4,48362,0.9,Low
Germany,Motor Grader,2025-11-10,2025,11,46,2,7882,0.9,Low
Germany,Motor Grader,2025-11-17,2025,11,47,4,54498,0.9,Low
Germany,Motor Grader,2025-11-24,2025,11,48,4,62007,0.9,Low
Germany,Motor Grader,2025-12-01,2025,12,49,4,47235,0.65,Low
Germany,Motor Grader,2025-12-08,2025,12,50,2,17159,0.65,Low
Germany,Motor Grader,2025-12-15,2025,12,51,3,58360,0.65,Low
Germany,Motor Grader,2025-12-29,2025,12,1,2,29797,0.65,Low
Germany,Motor Grader,2026-01-05,2026,1,2,1,3055,0.6,Low
Germany,Motor Grader,2026-01-12,2026,1,3,3,25844,0.6,Low
Germany,Motor Grader,2026-01-19,2026,1,4,2,15703,0.6,Low
Germany,Motor Grader,2026-01-26,2026,1,5,3,30537,0.6,Low
Germany,Motor Grader,2026-02-02,2026,2,6,1,16677,0.65,Low
Germany,Motor Grader,2026-02-09,2026,2,7,4,33458,0.65,Low
Germany,Motor Grader,2026-02-16,2026,2,8,3,33970,0.65,Low
Germany,Motor Grader,2026-02-23,2026,2,9,4,13382,0.65,Low
Germany,Motor Grader,2026-03-02,2026,3,10,6,69626,0.9,Medium
Germany,Motor Grader,2026-03-09,2026,3,11,5,57318,0.9,Low
Germany,Motor Grader,2026-03-16,2026,3,12,1,31816,0.9,Low
Germany,Motor Grader,2026-03-23,2026,3,13,3,44563,0.9,Low
Germany,Motor Grader,2026-03-30,2026,3,14,9,71317,0.9,Medium
Germany,Motor Grader,2026-04-06,2026,4,15,5,85658,1.3,Low
Germany,Motor Grader,2026-04-13,2026,4,16,3,13312,1.3,Low
Germany,Motor Grader,2026-04-20,2026,4,17,4,30051,1.3,Low
Germany,Motor Grader,2026-04-27,2026,4,18,7,66250,1.3,Medium
Germany,Motor Grader,2026-05-04,2026,5,19,4,41745,1.55,Low
Germany,Motor Grader,2026-05-11,2026,5,20,9,113910,1.55,Medium
Germany,Motor Grader,2026-05-18,2026,5,21,6,50051,1.55,Medium
Germany,Motor Grader,2026-05-25,2026,5,22,5,60041,1.55,Low
Germany,Motor Grader,2026-06-01,2026,6,23,6,84820,1.65,Medium
Germany,Motor Grader,2026-06-08,2026,6,24,11,102359,1.65,Medium
Germany,Motor Grader,2026-06-15,2026,6,25,8,80995,1.65,Medium
Germany,Motor Grader,2026-06-22,2026,6,26,9,64731,1.65,Medium
Germany,Motor Grader,2026-06-29,2026,6,27,1,16335,1.65,Low
Germany,Scraper,2023-01-02,2023,1,1,1,2232,0.55,Low
Germany,Scraper,2023-01-09,2023,1,2,3,28335,0.55,Low
Germany,Scraper,2023-01-23,2023,1,4,1,14018,0.55,Low
Germany,Scraper,2023-01-30,2023,1,5,1,9061,0.55,Low
Germany,Scraper,2023-02-06,2023,2,6,1,5832,0.6,Low
Germany,Scraper,2023-02-13,2023,2,7,2,12975,0.6,Low
Germany,Scraper,2023-02-20,2023,2,8,4,45272,0.6,Low
Germany,Scraper,2023-02-27,2023,2,9,1,15308,0.6,Low
Germany,Scraper,2023-03-13,2023,3,11,3,25193,0.85,Low
Germany,Scraper,2023-03-20,2023,3,12,1,13030,0.85,Low
Germany,Scraper,2023-03-27,2023,3,13,5,54235,0.85,Low
Germany,Scraper,2023-04-03,2023,4,14,4,73199,1.3,Low
Germany,Scraper,2023-04-10,2023,4,15,6,74189,1.3,Medium
Germany,Scraper,2023-04-17,2023,4,16,3,56640,1.3,Low
Germany,Scraper,2023-04-24,2023,4,17,4,80065,1.3,Low
Germany,Scraper,2023-05-01,2023,5,18,3,41838,1.6,Low
Germany,Scraper,2023-05-08,2023,5,19,6,54036,1.6,Medium
Germany,Scraper,2023-05-15,2023,5,20,1,8562,1.6,Low
Germany,Scraper,2023-05-22,2023,5,21,4,35847,1.6,Low
Germany,Scraper,2023-05-29,2023,5,22,7,98978,1.6,Medium
Germany,Scraper,2023-06-05,2023,6,23,2,18749,1.7,Low
Germany,Scraper,2023-06-12,2023,6,24,6,112210,1.7,Medium
Germany,Scraper,2023-06-19,2023,6,25,4,58376,1.7,Low
Germany,Scraper,2023-06-26,2023,6,26,5,37793,1.7,Low
Germany,Scraper,2023-07-03,2023,7,27,3,29716,1.6,Low
Germany,Scraper,2023-07-10,2023,7,28,3,19976,1.6,Low
Germany,Scraper,2023-07-17,2023,7,29,2,30158,1.6,Low
Germany,Scraper,2023-07-24,2023,7,30,3,32589,1.6,Low
Germany,Scraper,2023-07-31,2023,7,31,6,83981,1.6,Medium
Germany,Scraper,2023-08-07,2023,8,32,2,32035,1.5,Low
Germany,Scraper,2023-08-14,2023,8,33,4,43617,1.5,Low
Germany,Scraper,2023-08-21,2023,8,34,6,59282,1.5,Medium
Germany,Scraper,2023-08-28,2023,8,35,5,56154,1.5,Low
Germany,Scraper,2023-09-04,2023,9,36,2,23002,1.4,Low
Germany,Scraper,2023-09-11,2023,9,37,3,34232,1.4,Low
Germany,Scraper,2023-09-18,2023,9,38,3,45693,1.4,Low
Germany,Scraper,2023-09-25,2023,9,39,7,114982,1.4,Medium
Germany,Scraper,2023-10-02,2023,10,40,3,32738,1.2,Low
Germany,Scraper,2023-10-09,2023,10,41,2,29936,1.2,Low
Germany,Scraper,2023-10-16,2023,10,42,1,5800,1.2,Low
Germany,Scraper,2023-10-23,2023,10,43,1,4688,1.2,Low
Germany,Scraper,2023-10-30,2023,10,44,2,19109,1.2,Low
Germany,Scraper,2023-11-06,2023,11,45,4,40141,0.85,Low
Germany,Scraper,2023-11-13,2023,11,46,2,21025,0.85,Low
Germany,Scraper,2023-11-20,2023,11,47,4,46635,0.85,Low
Germany,Scraper,2023-11-27,2023,11,48,4,34463,0.85,Low
Germany,Scraper,2023-12-04,2023,12,49,1,9515,0.6,Low
Germany,Scraper,2023-12-25,2023,12,52,1,26528,0.6,Low
Germany,Scraper,2024-01-01,2024,1,1,3,38515,0.55,Low
Germany,Scraper,2024-01-08,2024,1,2,1,7986,0.55,Low
Germany,Scraper,2024-01-22,2024,1,4,1,10934,0.55,Low
Germany,Scraper,2024-01-29,2024,1,5,1,21027,0.55,Low
Germany,Scraper,2024-02-05,2024,2,6,1,11897,0.6,Low
Germany,Scraper,2024-02-12,2024,2,7,1,11715,0.6,Low
Germany,Scraper,2024-03-04,2024,3,10,3,23703,0.85,Low
Germany,Scraper,2024-03-11,2024,3,11,1,3361,0.85,Low
Germany,Scraper,2024-03-18,2024,3,12,3,53806,0.85,Low
Germany,Scraper,2024-03-25,2024,3,13,1,7336,0.85,Low
Germany,Scraper,2024-04-01,2024,4,14,3,31456,1.3,Low
Germany,Scraper,2024-04-08,2024,4,15,1,16865,1.3,Low
Germany,Scraper,2024-04-15,2024,4,16,3,59095,1.3,Low
Germany,Scraper,2024-04-22,2024,4,17,3,45226,1.3,Low
Germany,Scraper,2024-04-29,2024,4,18,1,5599,1.3,Low
Germany,Scraper,2024-05-06,2024,5,19,8,103237,1.6,Medium
Germany,Scraper,2024-05-20,2024,5,21,3,32738,1.6,Low
Germany,Scraper,2024-05-27,2024,5,22,8,123008,1.6,Medium
Germany,Scraper,2024-06-03,2024,6,23,2,21626,1.7,Low
Germany,Scraper,2024-06-10,2024,6,24,4,57111,1.7,Low
Germany,Scraper,2024-06-17,2024,6,25,4,51391,1.7,Low
Germany,Scraper,2024-06-24,2024,6,26,4,33472,1.7,Low
Germany,Scraper,2024-07-01,2024,7,27,4,67511,1.6,Low
Germany,Scraper,2024-07-08,2024,7,28,5,63173,1.6,Low
Germany,Scraper,2024-07-15,2024,7,29,5,34581,1.6,Low
Germany,Scraper,2024-07-22,2024,7,30,1,5516,1.6,Low
Germany,Scraper,2024-07-29,2024,7,31,5,42098,1.6,Low
Germany,Scraper,2024-08-05,2024,8,32,6,59331,1.5,Medium
Germany,Scraper,2024-08-12,2024,8,33,6,63431,1.5,Medium
Germany,Scraper,2024-08-19,2024,8,34,3,35148,1.5,Low
Germany,Scraper,2024-08-26,2024,8,35,6,95820,1.5,Medium
Germany,Scraper,2024-09-09,2024,9,37,5,71383,1.4,Low
Germany,Scraper,2024-09-16,2024,9,38,6,62176,1.4,Medium
Germany,Scraper,2024-09-23,2024,9,39,4,26932,1.4,Low
Germany,Scraper,2024-09-30,2024,9,40,3,77632,1.4,Low
Germany,Scraper,2024-10-07,2024,10,41,3,68110,1.2,Low
Germany,Scraper,2024-10-14,2024,10,42,2,15646,1.2,Low
Germany,Scraper,2024-10-21,2024,10,43,2,17169,1.2,Low
Germany,Scraper,2024-10-28,2024,10,44,4,64962,1.2,Low
Germany,Scraper,2024-11-04,2024,11,45,4,30259,0.85,Low
Germany,Scraper,2024-11-11,2024,11,46,3,42067,0.85,Low
Germany,Scraper,2024-11-18,2024,11,47,5,55861,0.85,Low
Germany,Scraper,2024-12-23,2024,12,52,2,35935,0.6,Low
Germany,Scraper,2024-12-30,2024,12,1,1,13934,0.6,Low
Germany,Scraper,2025-01-13,2025,1,3,2,9321,0.55,Low
Germany,Scraper,2025-01-20,2025,1,4,1,1866,0.55,Low
Germany,Scraper,2025-02-10,2025,2,7,2,15271,0.6,Low
Germany,Scraper,2025-02-17,2025,2,8,2,8720,0.6,Low
Germany,Scraper,2025-02-24,2025,2,9,1,8191,0.6,Low
Germany,Scraper,2025-03-03,2025,3,10,4,29904,0.85,Low
Germany,Scraper,2025-03-10,2025,3,11,2,12494,0.85,Low
Germany,Scraper,2025-03-17,2025,3,12,5,81266,0.85,Low
Germany,Scraper,2025-03-24,2025,3,13,3,63542,0.85,Low
Germany,Scraper,2025-03-31,2025,3,14,1,17173,0.85,Low
Germany,Scraper,2025-04-07,2025,4,15,8,79957,1.3,Medium
Germany,Scraper,2025-04-14,2025,4,16,4,48062,1.3,Low
Germany,Scraper,2025-04-21,2025,4,17,4,29762,1.3,Low
Germany,Scraper,2025-04-28,2025,4,18,8,104954,1.3,Medium
Germany,Scraper,2025-05-05,2025,5,19,1,5860,1.6,Low
Germany,Scraper,2025-05-12,2025,5,20,5,54769,1.6,Low
Germany,Scraper,2025-05-19,2025,5,21,3,18459,1.6,Low
Germany,Scraper,2025-06-02,2025,6,23,4,37184,1.7,Low
Germany,Scraper,2025-06-09,2025,6,24,5,29882,1.7,Low
Germany,Scraper,2025-06-16,2025,6,25,4,54703,1.7,Low
Germany,Scraper,2025-06-23,2025,6,26,1,8326,1.7,Low
Germany,Scraper,2025-06-30,2025,6,27,6,89057,1.7,Medium
Germany,Scraper,2025-07-07,2025,7,28,5,80825,1.6,Low
Germany,Scraper,2025-07-14,2025,7,29,6,59111,1.6,Medium
Germany,Scraper,2025-07-21,2025,7,30,4,73283,1.6,Low
Germany,Scraper,2025-07-28,2025,7,31,3,41062,1.6,Low
Germany,Scraper,2025-08-04,2025,8,32,5,62668,1.5,Low
Germany,Scraper,2025-08-11,2025,8,33,2,41272,1.5,Low
Germany,Scraper,2025-08-18,2025,8,34,2,52163,1.5,Low
Germany,Scraper,2025-08-25,2025,8,35,7,73144,1.5,Medium
Germany,Scraper,2025-09-01,2025,9,36,4,64395,1.4,Low
Germany,Scraper,2025-09-08,2025,9,37,7,88606,1.4,Medium
Germany,Scraper,2025-09-15,2025,9,38,2,37784,1.4,Low
Germany,Scraper,2025-09-22,2025,9,39,4,38117,1.4,Low
Germany,Scraper,2025-09-29,2025,9,40,5,44276,1.4,Low
Germany,Scraper,2025-10-06,2025,10,41,5,66614,1.2,Low
Germany,Scraper,2025-10-13,2025,10,42,4,26107,1.2,Low
Germany,Scraper,2025-10-20,2025,10,43,5,69318,1.2,Low
Germany,Scraper,2025-10-27,2025,10,44,3,40438,1.2,Low
Germany,Scraper,2025-11-03,2025,11,45,2,6974,0.85,Low
Germany,Scraper,2025-11-10,2025,11,46,5,53298,0.85,Low
Germany,Scraper,2025-11-17,2025,11,47,2,30190,0.85,Low
Germany,Scraper,2025-11-24,2025,11,48,2,33203,0.85,Low
Germany,Scraper,2025-12-08,2025,12,50,1,2140,0.6,Low
Germany,Scraper,2025-12-15,2025,12,51,2,27159,0.6,Low
Germany,Scraper,2025-12-22,2025,12,52,2,38580,0.6,Low
Germany,Scraper,2025-12-29,2025,12,1,1,34623,0.6,Low
Germany,Scraper,2026-01-12,2026,1,3,1,6906,0.55,Low
Germany,Scraper,2026-01-19,2026,1,4,1,5663,0.55,Low
Germany,Scraper,2026-02-02,2026,2,6,2,22739,0.6,Low
Germany,Scraper,2026-02-09,2026,2,7,2,26038,0.6,Low
Germany,Scraper,2026-02-16,2026,2,8,1,7582,0.6,Low
Germany,Scraper,2026-02-23,2026,2,9,2,22287,0.6,Low
Germany,Scraper,2026-03-02,2026,3,10,3,31748,0.85,Low
Germany,Scraper,2026-03-09,2026,3,11,3,36376,0.85,Low
Germany,Scraper,2026-03-16,2026,3,12,4,23358,0.85,Low
Germany,Scraper,2026-03-23,2026,3,13,3,58733,0.85,Low
Germany,Scraper,2026-03-30,2026,3,14,2,24866,0.85,Low
Germany,Scraper,2026-04-06,2026,4,15,5,42154,1.3,Low
Germany,Scraper,2026-04-13,2026,4,16,2,13710,1.3,Low
Germany,Scraper,2026-04-20,2026,4,17,4,36761,1.3,Low
Germany,Scraper,2026-04-27,2026,4,18,4,79777,1.3,Low
Germany,Scraper,2026-05-04,2026,5,19,5,42375,1.6,Low
Germany,Scraper,2026-05-11,2026,5,20,3,26416,1.6,Low
Germany,Scraper,2026-05-18,2026,5,21,4,30981,1.6,Low
Germany,Scraper,2026-05-25,2026,5,22,8,97423,1.6,Medium
Germany,Scraper,2026-06-01,2026,6,23,2,5651,1.7,Low
Germany,Scraper,2026-06-08,2026,6,24,6,113876,1.7,Medium
Germany,Scraper,2026-06-15,2026,6,25,5,65516,1.7,Low
Germany,Scraper,2026-06-22,2026,6,26,3,29914,1.7,Low
Germany,Scraper,2026-06-29,2026,6,27,1,10833,1.7,Low
Germany,Skid Steer Loader,2023-01-02,2023,1,1,1,2335,0.7,Low
Germany,Skid Steer Loader,2023-01-09,2023,1,2,2,5556,0.7,Low
Germany,Skid Steer Loader,2023-01-16,2023,1,3,4,18244,0.7,Low
Germany,Skid Steer Loader,2023-01-23,2023,1,4,1,7906,0.7,Low
Germany,Skid Steer Loader,2023-01-30,2023,1,5,2,6207,0.7,Low
Germany,Skid Steer Loader,2023-02-06,2023,2,6,3,14433,0.75,Low
Germany,Skid Steer Loader,2023-02-13,2023,2,7,1,1852,0.75,Low
Germany,Skid Steer Loader,2023-02-20,2023,2,8,1,3437,0.75,Low
Germany,Skid Steer Loader,2023-02-27,2023,2,9,1,7743,0.75,Low
Germany,Skid Steer Loader,2023-03-06,2023,3,10,3,14901,0.95,Low
Germany,Skid Steer Loader,2023-03-13,2023,3,11,3,18534,0.95,Low
Germany,Skid Steer Loader,2023-03-20,2023,3,12,9,34288,0.95,Medium
Germany,Skid Steer Loader,2023-03-27,2023,3,13,6,18998,0.95,Medium
Germany,Skid Steer Loader,2023-04-03,2023,4,14,7,14985,1.25,Medium
Germany,Skid Steer Loader,2023-04-10,2023,4,15,5,14819,1.25,Low
Germany,Skid Steer Loader,2023-04-17,2023,4,16,5,6684,1.25,Low
Germany,Skid Steer Loader,2023-04-24,2023,4,17,8,33413,1.25,Medium
Germany,Skid Steer Loader,2023-05-01,2023,5,18,5,10899,1.45,Low
Germany,Skid Steer Loader,2023-05-08,2023,5,19,6,16565,1.45,Medium
Germany,Skid Steer Loader,2023-05-15,2023,5,20,9,19234,1.45,Medium
Germany,Skid Steer Loader,2023-05-22,2023,5,21,10,28551,1.45,Medium
Germany,Skid Steer Loader,2023-05-29,2023,5,22,8,20135,1.45,Medium
Germany,Skid Steer Loader,2023-06-05,2023,6,23,5,22937,1.5,Low
Germany,Skid Steer Loader,2023-06-12,2023,6,24,7,21700,1.5,Medium
Germany,Skid Steer Loader,2023-06-19,2023,6,25,5,16658,1.5,Low
Germany,Skid Steer Loader,2023-06-26,2023,6,26,6,15971,1.5,Medium
Germany,Skid Steer Loader,2023-07-03,2023,7,27,7,21577,1.45,Medium
Germany,Skid Steer Loader,2023-07-10,2023,7,28,4,14001,1.45,Low
Germany,Skid Steer Loader,2023-07-17,2023,7,29,7,29662,1.45,Medium
Germany,Skid Steer Loader,2023-07-24,2023,7,30,6,21729,1.45,Medium
Germany,Skid Steer Loader,2023-07-31,2023,7,31,10,26540,1.45,Medium
Germany,Skid Steer Loader,2023-08-07,2023,8,32,5,16671,1.4,Low
Germany,Skid Steer Loader,2023-08-14,2023,8,33,7,31086,1.4,Medium
Germany,Skid Steer Loader,2023-08-21,2023,8,34,7,15522,1.4,Medium
Germany,Skid Steer Loader,2023-08-28,2023,8,35,6,16185,1.4,Medium
Germany,Skid Steer Loader,2023-09-04,2023,9,36,8,33335,1.3,Medium
Germany,Skid Steer Loader,2023-09-11,2023,9,37,6,16972,1.3,Medium
Germany,Skid Steer Loader,2023-09-18,2023,9,38,3,11716,1.3,Low
Germany,Skid Steer Loader,2023-09-25,2023,9,39,7,18951,1.3,Medium
Germany,Skid Steer Loader,2023-10-02,2023,10,40,6,20688,1.15,Medium
Germany,Skid Steer Loader,2023-10-09,2023,10,41,7,22363,1.15,Medium
Germany,Skid Steer Loader,2023-10-16,2023,10,42,7,25531,1.15,Medium
Germany,Skid Steer Loader,2023-10-23,2023,10,43,5,12979,1.15,Low
Germany,Skid Steer Loader,2023-10-30,2023,10,44,7,18810,1.15,Medium
Germany,Skid Steer Loader,2023-11-06,2023,11,45,1,4039,0.9,Low
Germany,Skid Steer Loader,2023-11-13,2023,11,46,7,25546,0.9,Medium
Germany,Skid Steer Loader,2023-11-20,2023,11,47,3,6270,0.9,Low
Germany,Skid Steer Loader,2023-11-27,2023,11,48,3,8233,0.9,Low
Germany,Skid Steer Loader,2023-12-04,2023,12,49,4,6404,0.7,Low
Germany,Skid Steer Loader,2023-12-18,2023,12,51,4,9399,0.7,Low
Germany,Skid Steer Loader,2024-01-08,2024,1,2,3,9919,0.7,Low
Germany,Skid Steer Loader,2024-01-15,2024,1,3,1,5623,0.7,Low
Germany,Skid Steer Loader,2024-01-29,2024,1,5,2,9595,0.7,Low
Germany,Skid Steer Loader,2024-02-05,2024,2,6,1,922,0.75,Low
Germany,Skid Steer Loader,2024-02-12,2024,2,7,9,32249,0.75,Medium
Germany,Skid Steer Loader,2024-02-19,2024,2,8,3,8093,0.75,Low
Germany,Skid Steer Loader,2024-02-26,2024,2,9,4,9786,0.75,Low
Germany,Skid Steer Loader,2024-03-04,2024,3,10,4,17625,0.95,Low
Germany,Skid Steer Loader,2024-03-11,2024,3,11,5,16490,0.95,Low
Germany,Skid Steer Loader,2024-03-18,2024,3,12,4,9343,0.95,Low
Germany,Skid Steer Loader,2024-03-25,2024,3,13,4,12750,0.95,Low
Germany,Skid Steer Loader,2024-04-01,2024,4,14,10,28272,1.25,Medium
Germany,Skid Steer Loader,2024-04-08,2024,4,15,7,21371,1.25,Medium
Germany,Skid Steer Loader,2024-04-15,2024,4,16,3,8819,1.25,Low
Germany,Skid Steer Loader,2024-04-22,2024,4,17,7,20859,1.25,Medium
Germany,Skid Steer Loader,2024-04-29,2024,4,18,2,4519,1.25,Low
Germany,Skid Steer Loader,2024-05-06,2024,5,19,7,22975,1.45,Medium
Germany,Skid Steer Loader,2024-05-13,2024,5,20,10,30457,1.45,Medium
Germany,Skid Steer Loader,2024-05-20,2024,5,21,7,25126,1.45,Medium
Germany,Skid Steer Loader,2024-05-27,2024,5,22,6,20738,1.45,Medium
Germany,Skid Steer Loader,2024-06-03,2024,6,23,7,19447,1.5,Medium
Germany,Skid Steer Loader,2024-06-10,2024,6,24,7,28597,1.5,Medium
Germany,Skid Steer Loader,2024-06-17,2024,6,25,8,29335,1.5,Medium
Germany,Skid Steer Loader,2024-06-24,2024,6,26,9,38828,1.5,Medium
Germany,Skid Steer Loader,2024-07-01,2024,7,27,4,10003,1.45,Low
Germany,Skid Steer Loader,2024-07-08,2024,7,28,9,19884,1.45,Medium
Germany,Skid Steer Loader,2024-07-15,2024,7,29,5,16258,1.45,Low
Germany,Skid Steer Loader,2024-07-22,2024,7,30,8,28599,1.45,Medium
Germany,Skid Steer Loader,2024-07-29,2024,7,31,8,23504,1.45,Medium
Germany,Skid Steer Loader,2024-08-05,2024,8,32,5,11512,1.4,Low
Germany,Skid Steer Loader,2024-08-12,2024,8,33,7,24167,1.4,Medium
Germany,Skid Steer Loader,2024-08-19,2024,8,34,5,19935,1.4,Low
Germany,Skid Steer Loader,2024-08-26,2024,8,35,7,14705,1.4,Medium
Germany,Skid Steer Loader,2024-09-02,2024,9,36,3,9820,1.3,Low
Germany,Skid Steer Loader,2024-09-09,2024,9,37,8,31789,1.3,Medium
Germany,Skid Steer Loader,2024-09-16,2024,9,38,6,13825,1.3,Medium
Germany,Skid Steer Loader,2024-09-23,2024,9,39,4,16077,1.3,Low
Germany,Skid Steer Loader,2024-09-30,2024,9,40,4,14619,1.3,Low
Germany,Skid Steer Loader,2024-10-07,2024,10,41,5,12427,1.15,Low
Germany,Skid Steer Loader,2024-10-14,2024,10,42,9,30600,1.15,Medium
Germany,Skid Steer Loader,2024-10-21,2024,10,43,5,15571,1.15,Low
Germany,Skid Steer Loader,2024-10-28,2024,10,44,5,11197,1.15,Low
Germany,Skid Steer Loader,2024-11-04,2024,11,45,4,13144,0.9,Low
Germany,Skid Steer Loader,2024-11-11,2024,11,46,2,6534,0.9,Low
Germany,Skid Steer Loader,2024-11-18,2024,11,47,5,9593,0.9,Low
Germany,Skid Steer Loader,2024-11-25,2024,11,48,6,19224,0.9,Medium
Germany,Skid Steer Loader,2024-12-09,2024,12,50,3,16615,0.7,Low
Germany,Skid Steer Loader,2024-12-16,2024,12,51,4,13310,0.7,Low
Germany,Skid Steer Loader,2024-12-23,2024,12,52,4,8097,0.7,Low
Germany,Skid Steer Loader,2024-12-30,2024,12,1,1,3201,0.7,Low
Germany,Skid Steer Loader,2025-01-06,2025,1,2,2,4165,0.7,Low
Germany,Skid Steer Loader,2025-01-13,2025,1,3,2,2882,0.7,Low
Germany,Skid Steer Loader,2025-01-20,2025,1,4,3,4256,0.7,Low
Germany,Skid Steer Loader,2025-01-27,2025,1,5,4,7550,0.7,Low
Germany,Skid Steer Loader,2025-02-03,2025,2,6,2,8645,0.75,Low
Germany,Skid Steer Loader,2025-02-10,2025,2,7,5,9712,0.75,Low
Germany,Skid Steer Loader,2025-02-17,2025,2,8,3,4049,0.75,Low
Germany,Skid Steer Loader,2025-02-24,2025,2,9,6,21481,0.75,Medium
Germany,Skid Steer Loader,2025-03-03,2025,3,10,5,18970,0.95,Low
Germany,Skid Steer Loader,2025-03-10,2025,3,11,4,15463,0.95,Low
Germany,Skid Steer Loader,2025-03-17,2025,3,12,4,6552,0.95,Low
Germany,Skid Steer Loader,2025-03-24,2025,3,13,7,26251,0.95,Medium
Germany,Skid Steer Loader,2025-03-31,2025,3,14,7,18781,0.95,Medium
Germany,Skid Steer Loader,2025-04-07,2025,4,15,8,25825,1.25,Medium
Germany,Skid Steer Loader,2025-04-14,2025,4,16,5,18060,1.25,Low
Germany,Skid Steer Loader,2025-04-21,2025,4,17,5,19514,1.25,Low
Germany,Skid Steer Loader,2025-04-28,2025,4,18,5,17018,1.25,Low
Germany,Skid Steer Loader,2025-05-05,2025,5,19,5,17508,1.45,Low
Germany,Skid Steer Loader,2025-05-12,2025,5,20,4,7113,1.45,Low
Germany,Skid Steer Loader,2025-05-19,2025,5,21,8,28230,1.45,Medium
Germany,Skid Steer Loader,2025-05-26,2025,5,22,3,5636,1.45,Low
Germany,Skid Steer Loader,2025-06-02,2025,6,23,9,32124,1.5,Medium
Germany,Skid Steer Loader,2025-06-09,2025,6,24,8,41258,1.5,Medium
Germany,Skid Steer Loader,2025-06-16,2025,6,25,6,20632,1.5,Medium
Germany,Skid Steer Loader,2025-06-23,2025,6,26,5,14882,1.5,Low
Germany,Skid Steer Loader,2025-06-30,2025,6,27,8,25877,1.5,Medium
Germany,Skid Steer Loader,2025-07-07,2025,7,28,8,19705,1.45,Medium
Germany,Skid Steer Loader,2025-07-14,2025,7,29,5,11719,1.45,Low
Germany,Skid Steer Loader,2025-07-21,2025,7,30,5,7270,1.45,Low
Germany,Skid Steer Loader,2025-07-28,2025,7,31,5,17502,1.45,Low
Germany,Skid Steer Loader,2025-08-04,2025,8,32,9,33999,1.4,Medium
Germany,Skid Steer Loader,2025-08-11,2025,8,33,9,31948,1.4,Medium
Germany,Skid Steer Loader,2025-08-18,2025,8,34,9,32857,1.4,Medium
Germany,Skid Steer Loader,2025-08-25,2025,8,35,4,9350,1.4,Low
Germany,Skid Steer Loader,2025-09-01,2025,9,36,8,21467,1.3,Medium
Germany,Skid Steer Loader,2025-09-08,2025,9,37,6,22723,1.3,Medium
Germany,Skid Steer Loader,2025-09-15,2025,9,38,7,19902,1.3,Medium
Germany,Skid Steer Loader,2025-09-22,2025,9,39,7,23825,1.3,Medium
Germany,Skid Steer Loader,2025-09-29,2025,9,40,3,8383,1.3,Low
Germany,Skid Steer Loader,2025-10-06,2025,10,41,2,1382,1.15,Low
Germany,Skid Steer Loader,2025-10-13,2025,10,42,7,26994,1.15,Medium
Germany,Skid Steer Loader,2025-10-20,2025,10,43,5,20699,1.15,Low
Germany,Skid Steer Loader,2025-10-27,2025,10,44,4,11392,1.15,Low
Germany,Skid Steer Loader,2025-11-03,2025,11,45,4,15377,0.9,Low
Germany,Skid Steer Loader,2025-11-10,2025,11,46,6,13835,0.9,Medium
Germany,Skid Steer Loader,2025-11-17,2025,11,47,4,7847,0.9,Low
Germany,Skid Steer Loader,2025-12-01,2025,12,49,3,6954,0.7,Low
Germany,Skid Steer Loader,2025-12-08,2025,12,50,5,26373,0.7,Low
Germany,Skid Steer Loader,2025-12-15,2025,12,51,5,16766,0.7,Low
Germany,Skid Steer Loader,2025-12-22,2025,12,52,2,8157,0.7,Low
Germany,Skid Steer Loader,2025-12-29,2025,12,1,3,7755,0.7,Low
Germany,Skid Steer Loader,2026-01-05,2026,1,2,4,19139,0.7,Low
Germany,Skid Steer Loader,2026-01-12,2026,1,3,3,5241,0.7,Low
Germany,Skid Steer Loader,2026-01-19,2026,1,4,4,4873,0.7,Low
Germany,Skid Steer Loader,2026-01-26,2026,1,5,3,11165,0.7,Low
Germany,Skid Steer Loader,2026-02-02,2026,2,6,2,10455,0.75,Low
Germany,Skid Steer Loader,2026-02-09,2026,2,7,2,3344,0.75,Low
Germany,Skid Steer Loader,2026-02-16,2026,2,8,3,9849,0.75,Low
Germany,Skid Steer Loader,2026-02-23,2026,2,9,5,21630,0.75,Low
Germany,Skid Steer Loader,2026-03-02,2026,3,10,4,9738,0.95,Low
Germany,Skid Steer Loader,2026-03-09,2026,3,11,3,8635,0.95,Low
Germany,Skid Steer Loader,2026-03-16,2026,3,12,2,13237,0.95,Low
Germany,Skid Steer Loader,2026-03-23,2026,3,13,4,15077,0.95,Low
Germany,Skid Steer Loader,2026-03-30,2026,3,14,5,17703,0.95,Low
Germany,Skid Steer Loader,2026-04-06,2026,4,15,4,6485,1.25,Low
Germany,Skid Steer Loader,2026-04-13,2026,4,16,10,24367,1.25,Medium
Germany,Skid Steer Loader,2026-04-20,2026,4,17,7,19251,1.25,Medium
Germany,Skid Steer Loader,2026-04-27,2026,4,18,1,2207,1.25,Low
Germany,Skid Steer Loader,2026-05-04,2026,5,19,5,19181,1.45,Low
Germany,Skid Steer Loader,2026-05-11,2026,5,20,4,18358,1.45,Low
Germany,Skid Steer Loader,2026-05-18,2026,5,21,5,17985,1.45,Low
Germany,Skid Steer Loader,2026-05-25,2026,5,22,8,35134,1.45,Medium
Germany,Skid Steer Loader,2026-06-01,2026,6,23,7,19143,1.5,Medium
Germany,Skid Steer Loader,2026-06-08,2026,6,24,8,27376,1.5,Medium
Germany,Skid Steer Loader,2026-06-15,2026,6,25,4,11764,1.5,Low
Germany,Skid Steer Loader,2026-06-22,2026,6,26,4,10195,1.5,Low
Germany,Wheel Loader,2023-01-02,2023,1,1,1,7238,0.6,Low
Germany,Wheel Loader,2023-01-09,2023,1,2,1,2243,0.6,Low
Germany,Wheel Loader,2023-01-16,2023,1,3,3,25480,0.6,Low
Germany,Wheel Loader,2023-01-23,2023,1,4,3,17615,0.6,Low
Germany,Wheel Loader,2023-01-30,2023,1,5,2,11149,0.6,Low
Germany,Wheel Loader,2023-02-06,2023,2,6,3,65825,0.65,Low
Germany,Wheel Loader,2023-02-13,2023,2,7,1,7814,0.65,Low
Germany,Wheel Loader,2023-02-27,2023,2,9,2,16317,0.65,Low
Germany,Wheel Loader,2023-03-06,2023,3,10,6,58587,0.9,Medium
Germany,Wheel Loader,2023-03-13,2023,3,11,2,22516,0.9,Low
Germany,Wheel Loader,2023-03-20,2023,3,12,2,36040,0.9,Low
Germany,Wheel Loader,2023-03-27,2023,3,13,6,38574,0.9,Medium
Germany,Wheel Loader,2023-04-03,2023,4,14,4,37979,1.3,Low
Germany,Wheel Loader,2023-04-10,2023,4,15,9,68091,1.3,Medium
Germany,Wheel Loader,2023-04-17,2023,4,16,1,18034,1.3,Low
Germany,Wheel Loader,2023-04-24,2023,4,17,4,39441,1.3,Low
Germany,Wheel Loader,2023-05-01,2023,5,18,4,18748,1.55,Low
Germany,Wheel Loader,2023-05-08,2023,5,19,10,82347,1.55,Medium
Germany,Wheel Loader,2023-05-15,2023,5,20,7,54837,1.55,Medium
Germany,Wheel Loader,2023-05-22,2023,5,21,6,31776,1.55,Medium
Germany,Wheel Loader,2023-05-29,2023,5,22,3,27204,1.55,Low
Germany,Wheel Loader,2023-06-05,2023,6,23,6,56242,1.65,Medium
Germany,Wheel Loader,2023-06-12,2023,6,24,5,41409,1.65,Low
Germany,Wheel Loader,2023-06-19,2023,6,25,6,66048,1.65,Medium
Germany,Wheel Loader,2023-06-26,2023,6,26,6,46110,1.65,Medium
Germany,Wheel Loader,2023-07-03,2023,7,27,7,26643,1.6,Medium
Germany,Wheel Loader,2023-07-10,2023,7,28,6,42516,1.6,Medium
Germany,Wheel Loader,2023-07-17,2023,7,29,6,45489,1.6,Medium
Germany,Wheel Loader,2023-07-24,2023,7,30,2,18542,1.6,Low
Germany,Wheel Loader,2023-07-31,2023,7,31,3,28430,1.6,Low
Germany,Wheel Loader,2023-08-07,2023,8,32,9,95090,1.5,Medium
Germany,Wheel Loader,2023-08-14,2023,8,33,6,43051,1.5,Medium
Germany,Wheel Loader,2023-08-21,2023,8,34,4,46028,1.5,Low
Germany,Wheel Loader,2023-08-28,2023,8,35,7,61826,1.5,Medium
Germany,Wheel Loader,2023-09-04,2023,9,36,6,49596,1.4,Medium
Germany,Wheel Loader,2023-09-11,2023,9,37,6,64317,1.4,Medium
Germany,Wheel Loader,2023-09-18,2023,9,38,5,58295,1.4,Low
Germany,Wheel Loader,2023-09-25,2023,9,39,4,62773,1.4,Low
Germany,Wheel Loader,2023-10-02,2023,10,40,5,30235,1.2,Low
Germany,Wheel Loader,2023-10-09,2023,10,41,5,50821,1.2,Low
Germany,Wheel Loader,2023-10-16,2023,10,42,9,58481,1.2,Medium
Germany,Wheel Loader,2023-10-23,2023,10,43,5,34574,1.2,Low
Germany,Wheel Loader,2023-10-30,2023,10,44,5,40681,1.2,Low
Germany,Wheel Loader,2023-11-06,2023,11,45,1,5915,0.9,Low
Germany,Wheel Loader,2023-11-13,2023,11,46,4,23268,0.9,Low
Germany,Wheel Loader,2023-11-20,2023,11,47,3,21393,0.9,Low
Germany,Wheel Loader,2023-11-27,2023,11,48,1,1480,0.9,Low
Germany,Wheel Loader,2023-12-04,2023,12,49,3,34423,0.65,Low
Germany,Wheel Loader,2023-12-11,2023,12,50,1,5888,0.65,Low
Germany,Wheel Loader,2023-12-18,2023,12,51,3,16264,0.65,Low
Germany,Wheel Loader,2023-12-25,2023,12,52,3,35022,0.65,Low
Germany,Wheel Loader,2024-01-01,2024,1,1,4,38931,0.6,Low
Germany,Wheel Loader,2024-01-08,2024,1,2,1,1365,0.6,Low
Germany,Wheel Loader,2024-01-15,2024,1,3,1,8367,0.6,Low
Germany,Wheel Loader,2024-01-22,2024,1,4,3,18458,0.6,Low
Germany,Wheel Loader,2024-01-29,2024,1,5,2,9560,0.6,Low
Germany,Wheel Loader,2024-02-05,2024,2,6,4,40784,0.65,Low
Germany,Wheel Loader,2024-02-19,2024,2,8,1,7093,0.65,Low
Germany,Wheel Loader,2024-02-26,2024,2,9,2,36808,0.65,Low
Germany,Wheel Loader,2024-03-04,2024,3,10,5,32392,0.9,Low
Germany,Wheel Loader,2024-03-11,2024,3,11,2,28417,0.9,Low
Germany,Wheel Loader,2024-03-18,2024,3,12,4,33897,0.9,Low
Germany,Wheel Loader,2024-03-25,2024,3,13,5,28233,0.9,Low
Germany,Wheel Loader,2024-04-01,2024,4,14,4,28993,1.3,Low
Germany,Wheel Loader,2024-04-08,2024,4,15,5,31892,1.3,Low
Germany,Wheel Loader,2024-04-15,2024,4,16,3,28468,1.3,Low
Germany,Wheel Loader,2024-04-22,2024,4,17,4,25848,1.3,Low
Germany,Wheel Loader,2024-04-29,2024,4,18,4,38333,1.3,Low
Germany,Wheel Loader,2024-05-06,2024,5,19,6,39786,1.55,Medium
Germany,Wheel Loader,2024-05-13,2024,5,20,5,56615,1.55,Low
Germany,Wheel Loader,2024-05-20,2024,5,21,7,52416,1.55,Medium
Germany,Wheel Loader,2024-05-27,2024,5,22,5,54600,1.55,Low
Germany,Wheel Loader,2024-06-03,2024,6,23,5,31838,1.65,Low
Germany,Wheel Loader,2024-06-10,2024,6,24,7,74570,1.65,Medium
Germany,Wheel Loader,2024-06-17,2024,6,25,5,39164,1.65,Low
Germany,Wheel Loader,2024-06-24,2024,6,26,8,79198,1.65,Medium
Germany,Wheel Loader,2024-07-01,2024,7,27,7,59170,1.6,Medium
Germany,Wheel Loader,2024-07-08,2024,7,28,6,62477,1.6,Medium
Germany,Wheel Loader,2024-07-15,2024,7,29,6,51095,1.6,Medium
Germany,Wheel Loader,2024-07-22,2024,7,30,6,46453,1.6,Medium
Germany,Wheel Loader,2024-07-29,2024,7,31,3,25347,1.6,Low
Germany,Wheel Loader,2024-08-05,2024,8,32,5,45373,1.5,Low
Germany,Wheel Loader,2024-08-12,2024,8,33,4,25712,1.5,Low
Germany,Wheel Loader,2024-08-19,2024,8,34,4,18572,1.5,Low
Germany,Wheel Loader,2024-08-26,2024,8,35,9,70281,1.5,Medium
Germany,Wheel Loader,2024-09-02,2024,9,36,8,110712,1.4,Medium
Germany,Wheel Loader,2024-09-09,2024,9,37,4,42775,1.4,Low
Germany,Wheel Loader,2024-09-16,2024,9,38,6,44571,1.4,Medium
Germany,Wheel Loader,2024-09-23,2024,9,39,2,24611,1.4,Low
Germany,Wheel Loader,2024-09-30,2024,9,40,4,42909,1.4,Low
Germany,Wheel Loader,2024-10-07,2024,10,41,7,79095,1.2,Medium
Germany,Wheel Loader,2024-10-14,2024,10,42,3,15757,1.2,Low
Germany,Wheel Loader,2024-10-21,2024,10,43,4,33691,1.2,Low
Germany,Wheel Loader,2024-10-28,2024,10,44,8,66808,1.2,Medium
Germany,Wheel Loader,2024-11-04,2024,11,45,5,58308,0.9,Low
Germany,Wheel Loader,2024-11-11,2024,11,46,2,16900,0.9,Low
Germany,Wheel Loader,2024-11-18,2024,11,47,1,5253,0.9,Low
Germany,Wheel Loader,2024-11-25,2024,11,48,4,48092,0.9,Low
Germany,Wheel Loader,2024-12-02,2024,12,49,2,8385,0.65,Low
Germany,Wheel Loader,2024-12-09,2024,12,50,2,12555,0.65,Low
Germany,Wheel Loader,2024-12-16,2024,12,51,2,28003,0.65,Low
Germany,Wheel Loader,2024-12-23,2024,12,52,1,14003,0.65,Low
Germany,Wheel Loader,2024-12-30,2024,12,1,1,6113,0.65,Low
Germany,Wheel Loader,2025-01-06,2025,1,2,2,5161,0.6,Low
Germany,Wheel Loader,2025-01-13,2025,1,3,1,13520,0.6,Low
Germany,Wheel Loader,2025-01-20,2025,1,4,2,14025,0.6,Low
Germany,Wheel Loader,2025-01-27,2025,1,5,1,15707,0.6,Low
Germany,Wheel Loader,2025-02-03,2025,2,6,2,18520,0.65,Low
Germany,Wheel Loader,2025-02-10,2025,2,7,1,1999,0.65,Low
Germany,Wheel Loader,2025-02-24,2025,2,9,4,26172,0.65,Low
Germany,Wheel Loader,2025-03-03,2025,3,10,4,14795,0.9,Low
Germany,Wheel Loader,2025-03-10,2025,3,11,7,74001,0.9,Medium
Germany,Wheel Loader,2025-03-17,2025,3,12,6,33785,0.9,Medium
Germany,Wheel Loader,2025-03-24,2025,3,13,1,2960,0.9,Low
Germany,Wheel Loader,2025-03-31,2025,3,14,5,21157,0.9,Low
Germany,Wheel Loader,2025-04-07,2025,4,15,2,8781,1.3,Low
Germany,Wheel Loader,2025-04-14,2025,4,16,8,66598,1.3,Medium
Germany,Wheel Loader,2025-04-21,2025,4,17,3,23844,1.3,Low
Germany,Wheel Loader,2025-04-28,2025,4,18,5,85644,1.3,Low
Germany,Wheel Loader,2025-05-05,2025,5,19,8,69141,1.55,Medium
Germany,Wheel Loader,2025-05-12,2025,5,20,6,36480,1.55,Medium
Germany,Wheel Loader,2025-05-19,2025,5,21,5,41152,1.55,Low
Germany,Wheel Loader,2025-05-26,2025,5,22,6,41746,1.55,Medium
Germany,Wheel Loader,2025-06-02,2025,6,23,3,25747,1.65,Low
Germany,Wheel Loader,2025-06-09,2025,6,24,5,43599,1.65,Low
Germany,Wheel Loader,2025-06-16,2025,6,25,6,60988,1.65,Medium
Germany,Wheel Loader,2025-06-23,2025,6,26,8,48253,1.65,Medium
Germany,Wheel Loader,2025-06-30,2025,6,27,4,47743,1.65,Low
Germany,Wheel Loader,2025-07-07,2025,7,28,5,34411,1.6,Low
Germany,Wheel Loader,2025-07-14,2025,7,29,8,84807,1.6,Medium
Germany,Wheel Loader,2025-07-21,2025,7,30,5,46697,1.6,Low
Germany,Wheel Loader,2025-07-28,2025,7,31,6,52794,1.6,Medium
Germany,Wheel Loader,2025-08-04,2025,8,32,1,16902,1.5,Low
Germany,Wheel Loader,2025-08-11,2025,8,33,8,50598,1.5,Medium
Germany,Wheel Loader,2025-08-18,2025,8,34,1,5952,1.5,Low
Germany,Wheel Loader,2025-08-25,2025,8,35,5,53461,1.5,Low
Germany,Wheel Loader,2025-09-01,2025,9,36,4,35740,1.4,Low
Germany,Wheel Loader,2025-09-08,2025,9,37,6,38085,1.4,Medium
Germany,Wheel Loader,2025-09-15,2025,9,38,5,58786,1.4,Low
Germany,Wheel Loader,2025-09-22,2025,9,39,6,38856,1.4,Medium
Germany,Wheel Loader,2025-09-29,2025,9,40,7,43900,1.4,Medium
Germany,Wheel Loader,2025-10-06,2025,10,41,4,45196,1.2,Low
Germany,Wheel Loader,2025-10-13,2025,10,42,2,10026,1.2,Low
Germany,Wheel Loader,2025-10-20,2025,10,43,6,40929,1.2,Medium
Germany,Wheel Loader,2025-10-27,2025,10,44,9,66907,1.2,Medium
Germany,Wheel Loader,2025-11-03,2025,11,45,2,8162,0.9,Low
Germany,Wheel Loader,2025-11-10,2025,11,46,8,66930,0.9,Medium
Germany,Wheel Loader,2025-11-17,2025,11,47,9,70197,0.9,Medium
Germany,Wheel Loader,2025-11-24,2025,11,48,2,5616,0.9,Low
Germany,Wheel Loader,2025-12-01,2025,12,49,4,34257,0.65,Low
Germany,Wheel Loader,2025-12-08,2025,12,50,2,32062,0.65,Low
Germany,Wheel Loader,2025-12-15,2025,12,51,3,22175,0.65,Low
Germany,Wheel Loader,2025-12-22,2025,12,52,1,7506,0.65,Low
Germany,Wheel Loader,2026-01-05,2026,1,2,1,11169,0.6,Low
Germany,Wheel Loader,2026-01-19,2026,1,4,3,28620,0.6,Low
Germany,Wheel Loader,2026-02-02,2026,2,6,2,11814,0.65,Low
Germany,Wheel Loader,2026-02-09,2026,2,7,1,7769,0.65,Low
Germany,Wheel Loader,2026-02-16,2026,2,8,1,3492,0.65,Low
Germany,Wheel Loader,2026-02-23,2026,2,9,3,11099,0.65,Low
Germany,Wheel Loader,2026-03-02,2026,3,10,7,56237,0.9,Medium
Germany,Wheel Loader,2026-03-09,2026,3,11,1,11719,0.9,Low
Germany,Wheel Loader,2026-03-16,2026,3,12,3,12073,0.9,Low
Germany,Wheel Loader,2026-03-30,2026,3,14,4,20829,0.9,Low
Germany,Wheel Loader,2026-04-06,2026,4,15,5,73683,1.3,Low
Germany,Wheel Loader,2026-04-13,2026,4,16,5,51734,1.3,Low
Germany,Wheel Loader,2026-04-20,2026,4,17,7,33018,1.3,Medium
Germany,Wheel Loader,2026-04-27,2026,4,18,7,73947,1.3,Medium
Germany,Wheel Loader,2026-05-04,2026,5,19,5,24302,1.55,Low
Germany,Wheel Loader,2026-05-11,2026,5,20,6,46102,1.55,Medium
Germany,Wheel Loader,2026-05-18,2026,5,21,6,47741,1.55,Medium
Germany,Wheel Loader,2026-05-25,2026,5,22,7,58664,1.55,Medium
Germany,Wheel Loader,2026-06-01,2026,6,23,6,56538,1.65,Medium
Germany,Wheel Loader,2026-06-08,2026,6,24,4,42191,1.65,Low
Germany,Wheel Loader,2026-06-15,2026,6,25,7,53419,1.65,Medium
Germany,Wheel Loader,2026-06-22,2026,6,26,5,30048,1.65,Low
Germany,Wheel Loader,2026-06-29,2026,6,27,4,28195,1.65,Low
India,Backhoe Loader,2022-12-26,2022,12,52,1,1639,1.5,Low
India,Backhoe Loader,2023-01-02,2023,1,1,17,31848,1.4,High
India,Backhoe Loader,2023-01-09,2023,1,2,15,42843,1.4,High
India,Backhoe Loader,2023-01-16,2023,1,3,17,51304,1.4,High
India,Backhoe Loader,2023-01-23,2023,1,4,15,41705,1.4,High
India,Backhoe Loader,2023-01-30,2023,1,5,16,37361,1.4,High
India,Backhoe Loader,2023-02-06,2023,2,6,14,39448,1.5,Medium
India,Backhoe Loader,2023-02-13,2023,2,7,14,36143,1.5,Medium
India,Backhoe Loader,2023-02-20,2023,2,8,21,54355,1.5,High
India,Backhoe Loader,2023-02-27,2023,2,9,15,38592,1.5,High
India,Backhoe Loader,2023-03-06,2023,3,10,10,29638,1.55,Medium
India,Backhoe Loader,2023-03-13,2023,3,11,18,42927,1.55,High
India,Backhoe Loader,2023-03-20,2023,3,12,19,41781,1.55,High
India,Backhoe Loader,2023-03-27,2023,3,13,14,31482,1.55,Medium
India,Backhoe Loader,2023-04-03,2023,4,14,14,38489,1.4,Medium
India,Backhoe Loader,2023-04-10,2023,4,15,6,19596,1.4,Medium
India,Backhoe Loader,2023-04-17,2023,4,16,9,26158,1.4,Medium
India,Backhoe Loader,2023-04-24,2023,4,17,16,28777,1.4,High
India,Backhoe Loader,2023-05-01,2023,5,18,6,16449,1.1,Medium
India,Backhoe Loader,2023-05-08,2023,5,19,7,14927,1.1,Medium
India,Backhoe Loader,2023-05-15,2023,5,20,15,36906,1.1,High
India,Backhoe Loader,2023-05-22,2023,5,21,12,18232,1.1,Medium
India,Backhoe Loader,2023-05-29,2023,5,22,6,20328,1.1,Medium
India,Backhoe Loader,2023-06-05,2023,6,23,6,18728,0.6,Medium
India,Backhoe Loader,2023-06-12,2023,6,24,5,15700,0.6,Low
India,Backhoe Loader,2023-06-19,2023,6,25,6,18374,0.6,Medium
India,Backhoe Loader,2023-06-26,2023,6,26,6,12535,0.6,Medium
India,Backhoe Loader,2023-07-03,2023,7,27,7,20755,0.45,Medium
India,Backhoe Loader,2023-07-10,2023,7,28,8,18252,0.45,Medium
India,Backhoe Loader,2023-07-17,2023,7,29,6,11514,0.45,Medium
India,Backhoe Loader,2023-07-24,2023,7,30,6,10104,0.45,Medium
India,Backhoe Loader,2023-07-31,2023,7,31,5,7189,0.45,Low
India,Backhoe Loader,2023-08-07,2023,8,32,5,18651,0.45,Low
India,Backhoe Loader,2023-08-14,2023,8,33,1,3094,0.45,Low
India,Backhoe Loader,2023-08-21,2023,8,34,2,3489,0.45,Low
India,Backhoe Loader,2023-08-28,2023,8,35,4,6743,0.45,Low
India,Backhoe Loader,2023-09-04,2023,9,36,6,7491,0.7,Medium
India,Backhoe Loader,2023-09-11,2023,9,37,5,18931,0.7,Low
India,Backhoe Loader,2023-09-18,2023,9,38,5,17130,0.7,Low
India,Backhoe Loader,2023-09-25,2023,9,39,4,5669,0.7,Low
India,Backhoe Loader,2023-10-02,2023,10,40,7,13932,1.35,Medium
India,Backhoe Loader,2023-10-09,2023,10,41,8,21013,1.35,Medium
India,Backhoe Loader,2023-10-16,2023,10,42,10,21772,1.35,Medium
India,Backhoe Loader,2023-10-23,2023,10,43,9,23630,1.35,Medium
India,Backhoe Loader,2023-10-30,2023,10,44,10,24440,1.35,Medium
India,Backhoe Loader,2023-11-06,2023,11,45,7,21189,1.55,Medium
India,Backhoe Loader,2023-11-13,2023,11,46,10,27852,1.55,Medium
India,Backhoe Loader,2023-11-20,2023,11,47,3,6223,1.55,Low
India,Backhoe Loader,2023-11-27,2023,11,48,10,26208,1.55,Medium
India,Backhoe Loader,2023-12-04,2023,12,49,11,25999,1.5,Medium
India,Backhoe Loader,2023-12-11,2023,12,50,9,23697,1.5,Medium
India,Backhoe Loader,2023-12-18,2023,12,51,7,15170,1.5,Medium
India,Backhoe Loader,2023-12-25,2023,12,52,8,16397,1.5,Medium
India,Backhoe Loader,2024-01-01,2024,1,1,11,24416,1.4,Medium
India,Backhoe Loader,2024-01-08,2024,1,2,16,40273,1.4,High
India,Backhoe Loader,2024-01-15,2024,1,3,19,43318,1.4,High
India,Backhoe Loader,2024-01-22,2024,1,4,11,32053,1.4,Medium
India,Backhoe Loader,2024-01-29,2024,1,5,14,47288,1.4,Medium
India,Backhoe Loader,2024-02-05,2024,2,6,17,28176,1.5,High
India,Backhoe Loader,2024-02-12,2024,2,7,20,58983,1.5,High
India,Backhoe Loader,2024-02-19,2024,2,8,17,41667,1.5,High
India,Backhoe Loader,2024-02-26,2024,2,9,11,36040,1.5,Medium
India,Backhoe Loader,2024-03-04,2024,3,10,17,42275,1.55,High
India,Backhoe Loader,2024-03-11,2024,3,11,18,56914,1.55,High
India,Backhoe Loader,2024-03-18,2024,3,12,16,44193,1.55,High
India,Backhoe Loader,2024-03-25,2024,3,13,13,35560,1.55,Medium
India,Backhoe Loader,2024-04-01,2024,4,14,14,33760,1.4,Medium
India,Backhoe Loader,2024-04-08,2024,4,15,13,32001,1.4,Medium
India,Backhoe Loader,2024-04-15,2024,4,16,10,28296,1.4,Medium
India,Backhoe Loader,2024-04-22,2024,4,17,9,26244,1.4,Medium
India,Backhoe Loader,2024-04-29,2024,4,18,11,24008,1.4,Medium
India,Backhoe Loader,2024-05-06,2024,5,19,11,25676,1.1,Medium
India,Backhoe Loader,2024-05-13,2024,5,20,17,42420,1.1,High
India,Backhoe Loader,2024-05-20,2024,5,21,6,20628,1.1,Medium
India,Backhoe Loader,2024-05-27,2024,5,22,15,39059,1.1,High
India,Backhoe Loader,2024-06-03,2024,6,23,4,7665,0.6,Low
India,Backhoe Loader,2024-06-10,2024,6,24,5,11696,0.6,Low
India,Backhoe Loader,2024-06-17,2024,6,25,7,21296,0.6,Medium
India,Backhoe Loader,2024-06-24,2024,6,26,3,3970,0.6,Low
India,Backhoe Loader,2024-07-01,2024,7,27,5,17510,0.45,Low
India,Backhoe Loader,2024-07-08,2024,7,28,6,16200,0.45,Medium
India,Backhoe Loader,2024-07-15,2024,7,29,3,8863,0.45,Low
India,Backhoe Loader,2024-07-22,2024,7,30,6,12597,0.45,Medium
India,Backhoe Loader,2024-07-29,2024,7,31,4,6920,0.45,Low
India,Backhoe Loader,2024-08-05,2024,8,32,3,7881,0.45,Low
India,Backhoe Loader,2024-08-12,2024,8,33,1,1269,0.45,Low
India,Backhoe Loader,2024-08-19,2024,8,34,6,11894,0.45,Medium
India,Backhoe Loader,2024-08-26,2024,8,35,3,8924,0.45,Low
India,Backhoe Loader,2024-09-02,2024,9,36,5,16073,0.7,Low
India,Backhoe Loader,2024-09-09,2024,9,37,4,8105,0.7,Low
India,Backhoe Loader,2024-09-16,2024,9,38,6,14868,0.7,Medium
India,Backhoe Loader,2024-09-23,2024,9,39,4,16027,0.7,Low
India,Backhoe Loader,2024-09-30,2024,9,40,4,8625,0.7,Low
India,Backhoe Loader,2024-10-07,2024,10,41,6,12431,1.35,Medium
India,Backhoe Loader,2024-10-14,2024,10,42,7,13876,1.35,Medium
India,Backhoe Loader,2024-10-21,2024,10,43,7,27534,1.35,Medium
India,Backhoe Loader,2024-10-28,2024,10,44,13,29558,1.35,Medium
India,Backhoe Loader,2024-11-04,2024,11,45,8,23744,1.55,Medium
India,Backhoe Loader,2024-11-11,2024,11,46,9,21403,1.55,Medium
India,Backhoe Loader,2024-11-18,2024,11,47,10,26306,1.55,Medium
India,Backhoe Loader,2024-11-25,2024,11,48,5,12845,1.55,Low
India,Backhoe Loader,2024-12-02,2024,12,49,3,8373,1.5,Low
India,Backhoe Loader,2024-12-09,2024,12,50,13,44223,1.5,Medium
India,Backhoe Loader,2024-12-16,2024,12,51,11,23471,1.5,Medium
India,Backhoe Loader,2024-12-23,2024,12,52,9,20104,1.5,Medium
India,Backhoe Loader,2024-12-30,2024,12,1,14,33376,1.5,Medium
India,Backhoe Loader,2025-01-06,2025,1,2,13,37332,1.4,Medium
India,Backhoe Loader,2025-01-13,2025,1,3,16,37327,1.4,High
India,Backhoe Loader,2025-01-20,2025,1,4,12,32253,1.4,Medium
India,Backhoe Loader,2025-01-27,2025,1,5,17,29104,1.4,High
India,Backhoe Loader,2025-02-03,2025,2,6,13,30199,1.5,Medium
India,Backhoe Loader,2025-02-10,2025,2,7,15,32023,1.5,High
India,Backhoe Loader,2025-02-17,2025,2,8,5,15994,1.5,Low
India,Backhoe Loader,2025-02-24,2025,2,9,15,42246,1.5,High
India,Backhoe Loader,2025-03-03,2025,3,10,16,58930,1.55,High
India,Backhoe Loader,2025-03-10,2025,3,11,13,39585,1.55,Medium
India,Backhoe Loader,2025-03-17,2025,3,12,19,50178,1.55,High
India,Backhoe Loader,2025-03-24,2025,3,13,13,33442,1.55,Medium
India,Backhoe Loader,2025-03-31,2025,3,14,15,27696,1.55,High
India,Backhoe Loader,2025-04-07,2025,4,15,14,53359,1.4,Medium
India,Backhoe Loader,2025-04-14,2025,4,16,20,46857,1.4,High
India,Backhoe Loader,2025-04-21,2025,4,17,13,37775,1.4,Medium
India,Backhoe Loader,2025-04-28,2025,4,18,15,33089,1.4,High
India,Backhoe Loader,2025-05-05,2025,5,19,13,33234,1.1,Medium
India,Backhoe Loader,2025-05-12,2025,5,20,15,42213,1.1,High
India,Backhoe Loader,2025-05-19,2025,5,21,7,18661,1.1,Medium
India,Backhoe Loader,2025-05-26,2025,5,22,7,18037,1.1,Medium
India,Backhoe Loader,2025-06-02,2025,6,23,7,18195,0.6,Medium
India,Backhoe Loader,2025-06-09,2025,6,24,8,30239,0.6,Medium
India,Backhoe Loader,2025-06-16,2025,6,25,15,43862,0.6,High
India,Backhoe Loader,2025-06-23,2025,6,26,8,13698,0.6,Medium
India,Backhoe Loader,2025-06-30,2025,6,27,5,16066,0.6,Low
India,Backhoe Loader,2025-07-07,2025,7,28,6,12459,0.45,Medium
India,Backhoe Loader,2025-07-14,2025,7,29,5,9634,0.45,Low
India,Backhoe Loader,2025-07-21,2025,7,30,5,8550,0.45,Low
India,Backhoe Loader,2025-07-28,2025,7,31,3,5155,0.45,Low
India,Backhoe Loader,2025-08-04,2025,8,32,4,11758,0.45,Low
India,Backhoe Loader,2025-08-18,2025,8,34,6,23035,0.45,Medium
India,Backhoe Loader,2025-09-01,2025,9,36,3,8685,0.7,Low
India,Backhoe Loader,2025-09-08,2025,9,37,4,6501,0.7,Low
India,Backhoe Loader,2025-09-15,2025,9,38,1,2027,0.7,Low
India,Backhoe Loader,2025-09-22,2025,9,39,7,14159,0.7,Medium
India,Backhoe Loader,2025-09-29,2025,9,40,5,12973,0.7,Low
India,Backhoe Loader,2025-10-06,2025,10,41,5,8683,1.35,Low
India,Backhoe Loader,2025-10-13,2025,10,42,7,11941,1.35,Medium
India,Backhoe Loader,2025-10-20,2025,10,43,5,9667,1.35,Low
India,Backhoe Loader,2025-10-27,2025,10,44,7,11377,1.35,Medium
India,Backhoe Loader,2025-11-03,2025,11,45,5,18932,1.55,Low
India,Backhoe Loader,2025-11-10,2025,11,46,6,18692,1.55,Medium
India,Backhoe Loader,2025-11-17,2025,11,47,10,23849,1.55,Medium
India,Backhoe Loader,2025-11-24,2025,11,48,11,27897,1.55,Medium
India,Backhoe Loader,2025-12-01,2025,12,49,14,31889,1.5,Medium
India,Backhoe Loader,2025-12-08,2025,12,50,9,27773,1.5,Medium
India,Backhoe Loader,2025-12-15,2025,12,51,13,36411,1.5,Medium
India,Backhoe Loader,2025-12-22,2025,12,52,8,21310,1.5,Medium
India,Backhoe Loader,2025-12-29,2025,12,1,12,36989,1.5,Medium
India,Backhoe Loader,2026-01-05,2026,1,2,13,26633,1.4,Medium
India,Backhoe Loader,2026-01-12,2026,1,3,10,23146,1.4,Medium
India,Backhoe Loader,2026-01-19,2026,1,4,15,47381,1.4,High
India,Backhoe Loader,2026-01-26,2026,1,5,17,32874,1.4,High
India,Backhoe Loader,2026-02-02,2026,2,6,18,52397,1.5,High
India,Backhoe Loader,2026-02-09,2026,2,7,15,49760,1.5,High
India,Backhoe Loader,2026-02-16,2026,2,8,10,31288,1.5,Medium
India,Backhoe Loader,2026-02-23,2026,2,9,10,26016,1.5,Medium
India,Backhoe Loader,2026-03-02,2026,3,10,11,21872,1.55,Medium
India,Backhoe Loader,2026-03-09,2026,3,11,17,51707,1.55,High
India,Backhoe Loader,2026-03-16,2026,3,12,11,24538,1.55,Medium
India,Backhoe Loader,2026-03-23,2026,3,13,21,59883,1.55,High
India,Backhoe Loader,2026-03-30,2026,3,14,8,19443,1.55,Medium
India,Backhoe Loader,2026-04-06,2026,4,15,11,39000,1.4,Medium
India,Backhoe Loader,2026-04-13,2026,4,16,16,57373,1.4,High
India,Backhoe Loader,2026-04-20,2026,4,17,17,42310,1.4,High
India,Backhoe Loader,2026-04-27,2026,4,18,10,26764,1.4,Medium
India,Backhoe Loader,2026-05-04,2026,5,19,7,21493,1.1,Medium
India,Backhoe Loader,2026-05-11,2026,5,20,6,12109,1.1,Medium
India,Backhoe Loader,2026-05-18,2026,5,21,10,29511,1.1,Medium
India,Backhoe Loader,2026-05-25,2026,5,22,13,28272,1.1,Medium
India,Backhoe Loader,2026-06-01,2026,6,23,3,8398,0.6,Low
India,Backhoe Loader,2026-06-08,2026,6,24,7,26115,0.6,Medium
India,Backhoe Loader,2026-06-15,2026,6,25,12,36300,0.6,Medium
India,Backhoe Loader,2026-06-22,2026,6,26,5,14747,0.6,Low
India,Backhoe Loader,2026-06-29,2026,6,27,5,17339,0.6,Low
India,Compactor,2023-01-02,2023,1,1,9,26537,1.6,Medium
India,Compactor,2023-01-09,2023,1,2,12,27652,1.6,Medium
India,Compactor,2023-01-16,2023,1,3,12,35632,1.6,Medium
India,Compactor,2023-01-23,2023,1,4,7,23387,1.6,Medium
India,Compactor,2023-01-30,2023,1,5,10,30646,1.6,Medium
India,Compactor,2023-02-06,2023,2,6,4,8538,1.65,Low
India,Compactor,2023-02-13,2023,2,7,11,39112,1.65,Medium
India,Compactor,2023-02-20,2023,2,8,8,22565,1.65,Medium
India,Compactor,2023-02-27,2023,2,9,7,14848,1.65,Medium
India,Compactor,2023-03-06,2023,3,10,10,30483,1.5,Medium
India,Compactor,2023-03-13,2023,3,11,8,21591,1.5,Medium
India,Compactor,2023-03-20,2023,3,12,3,14015,1.5,Low
India,Compactor,2023-03-27,2023,3,13,3,8612,1.5,Low
India,Compactor,2023-04-03,2023,4,14,10,28125,1.25,Medium
India,Compactor,2023-04-10,2023,4,15,9,15941,1.25,Medium
India,Compactor,2023-04-17,2023,4,16,6,16768,1.25,Medium
India,Compactor,2023-04-24,2023,4,17,5,7411,1.25,Low
India,Compactor,2023-05-01,2023,5,18,7,38621,0.85,Medium
India,Compactor,2023-05-08,2023,5,19,4,11274,0.85,Low
India,Compactor,2023-05-15,2023,5,20,4,5938,0.85,Low
India,Compactor,2023-05-22,2023,5,21,6,15530,0.85,Medium
India,Compactor,2023-06-05,2023,6,23,1,1920,0.3,Low
India,Compactor,2023-06-19,2023,6,25,2,5179,0.3,Low
India,Compactor,2023-06-26,2023,6,26,4,6850,0.3,Low
India,Compactor,2023-07-03,2023,7,27,1,521,0.2,Low
India,Compactor,2023-07-17,2023,7,29,1,828,0.2,Low
India,Compactor,2023-07-24,2023,7,30,1,3158,0.2,Low
India,Compactor,2023-08-07,2023,8,32,2,8737,0.2,Low
India,Compactor,2023-08-28,2023,8,35,3,11408,0.2,Low
India,Compactor,2023-09-11,2023,9,37,1,1351,0.45,Low
India,Compactor,2023-09-18,2023,9,38,1,4057,0.45,Low
India,Compactor,2023-10-02,2023,10,40,4,7075,1.5,Low
India,Compactor,2023-10-09,2023,10,41,3,8159,1.5,Low
India,Compactor,2023-10-23,2023,10,43,6,12583,1.5,Medium
India,Compactor,2023-10-30,2023,10,44,2,7319,1.5,Low
India,Compactor,2023-11-06,2023,11,45,7,22879,1.7,Medium
India,Compactor,2023-11-13,2023,11,46,5,14232,1.7,Low
India,Compactor,2023-11-20,2023,11,47,9,19712,1.7,Medium
India,Compactor,2023-11-27,2023,11,48,6,19986,1.7,Medium
India,Compactor,2023-12-04,2023,12,49,9,27438,1.65,Medium
India,Compactor,2023-12-11,2023,12,50,3,6192,1.65,Low
India,Compactor,2023-12-18,2023,12,51,4,7199,1.65,Low
India,Compactor,2023-12-25,2023,12,52,7,15799,1.65,Medium
India,Compactor,2024-01-01,2024,1,1,10,36996,1.6,Medium
India,Compactor,2024-01-08,2024,1,2,4,9671,1.6,Low
India,Compactor,2024-01-15,2024,1,3,7,17664,1.6,Medium
India,Compactor,2024-01-22,2024,1,4,6,23567,1.6,Medium
India,Compactor,2024-01-29,2024,1,5,7,18575,1.6,Medium
India,Compactor,2024-02-05,2024,2,6,6,19803,1.65,Medium
India,Compactor,2024-02-12,2024,2,7,10,46366,1.65,Medium
India,Compactor,2024-02-19,2024,2,8,9,23014,1.65,Medium
India,Compactor,2024-02-26,2024,2,9,6,12397,1.65,Medium
India,Compactor,2024-03-04,2024,3,10,3,9492,1.5,Low
India,Compactor,2024-03-11,2024,3,11,12,33219,1.5,Medium
India,Compactor,2024-03-18,2024,3,12,4,11152,1.5,Low
India,Compactor,2024-03-25,2024,3,13,8,22284,1.5,Medium
India,Compactor,2024-04-01,2024,4,14,7,31976,1.25,Medium
India,Compactor,2024-04-08,2024,4,15,7,20432,1.25,Medium
India,Compactor,2024-04-15,2024,4,16,7,18825,1.25,Medium
India,Compactor,2024-04-22,2024,4,17,12,31089,1.25,Medium
India,Compactor,2024-04-29,2024,4,18,8,21853,1.25,Medium
India,Compactor,2024-05-06,2024,5,19,4,8061,0.85,Low
India,Compactor,2024-05-13,2024,5,20,10,36419,0.85,Medium
India,Compactor,2024-05-20,2024,5,21,6,23095,0.85,Medium
India,Compactor,2024-05-27,2024,5,22,1,1351,0.85,Low
India,Compactor,2024-06-03,2024,6,23,1,1657,0.3,Low
India,Compactor,2024-06-10,2024,6,24,3,15515,0.3,Low
India,Compactor,2024-06-17,2024,6,25,2,2234,0.3,Low
India,Compactor,2024-06-24,2024,6,26,1,537,0.3,Low
India,Compactor,2024-07-15,2024,7,29,3,2324,0.2,Low
India,Compactor,2024-07-22,2024,7,30,1,6650,0.2,Low
India,Compactor,2024-07-29,2024,7,31,1,1367,0.2,Low
India,Compactor,2024-08-19,2024,8,34,1,865,0.2,Low
India,Compactor,2024-08-26,2024,8,35,1,4381,0.2,Low
India,Compactor,2024-09-23,2024,9,39,3,2646,0.45,Low
India,Compactor,2024-09-30,2024,9,40,1,2650,0.45,Low
India,Compactor,2024-10-07,2024,10,41,5,14117,1.5,Low
India,Compactor,2024-10-14,2024,10,42,4,7212,1.5,Low
India,Compactor,2024-10-21,2024,10,43,6,19538,1.5,Medium
India,Compactor,2024-10-28,2024,10,44,6,16830,1.5,Medium
India,Compactor,2024-11-04,2024,11,45,4,13270,1.7,Low
India,Compactor,2024-11-11,2024,11,46,3,3900,1.7,Low
India,Compactor,2024-11-18,2024,11,47,8,21356,1.7,Medium
India,Compactor,2024-11-25,2024,11,48,5,15352,1.7,Low
India,Compactor,2024-12-02,2024,12,49,8,17302,1.65,Medium
India,Compactor,2024-12-09,2024,12,50,3,14695,1.65,Low
India,Compactor,2024-12-16,2024,12,51,4,10843,1.65,Low
India,Compactor,2024-12-23,2024,12,52,12,28109,1.65,Medium
India,Compactor,2024-12-30,2024,12,1,11,28903,1.65,Medium
India,Compactor,2025-01-06,2025,1,2,8,20053,1.6,Medium
India,Compactor,2025-01-13,2025,1,3,4,11732,1.6,Low
India,Compactor,2025-01-20,2025,1,4,9,32742,1.6,Medium
India,Compactor,2025-01-27,2025,1,5,10,27500,1.6,Medium
India,Compactor,2025-02-03,2025,2,6,7,24468,1.65,Medium
India,Compactor,2025-02-10,2025,2,7,6,15659,1.65,Medium
India,Compactor,2025-02-17,2025,2,8,13,33693,1.65,Medium
India,Compactor,2025-02-24,2025,2,9,11,27604,1.65,Medium
India,Compactor,2025-03-03,2025,3,10,6,25186,1.5,Medium
India,Compactor,2025-03-10,2025,3,11,6,16136,1.5,Medium
India,Compactor,2025-03-17,2025,3,12,10,17193,1.5,Medium
India,Compactor,2025-03-24,2025,3,13,3,10821,1.5,Low
India,Compactor,2025-03-31,2025,3,14,7,17101,1.5,Medium
India,Compactor,2025-04-07,2025,4,15,5,17329,1.25,Low
India,Compactor,2025-04-14,2025,4,16,6,20297,1.25,Medium
India,Compactor,2025-04-21,2025,4,17,7,26148,1.25,Medium
India,Compactor,2025-04-28,2025,4,18,7,13316,1.25,Medium
India,Compactor,2025-05-05,2025,5,19,3,4861,0.85,Low
India,Compactor,2025-05-12,2025,5,20,4,6359,0.85,Low
India,Compactor,2025-05-19,2025,5,21,4,6957,0.85,Low
India,Compactor,2025-05-26,2025,5,22,4,7254,0.85,Low
India,Compactor,2025-06-02,2025,6,23,3,6322,0.3,Low
India,Compactor,2025-06-09,2025,6,24,1,5168,0.3,Low
India,Compactor,2025-06-16,2025,6,25,2,5295,0.3,Low
India,Compactor,2025-06-23,2025,6,26,1,1400,0.3,Low
India,Compactor,2025-06-30,2025,6,27,2,10408,0.3,Low
India,Compactor,2025-07-07,2025,7,28,3,6641,0.2,Low
India,Compactor,2025-07-14,2025,7,29,1,558,0.2,Low
India,Compactor,2025-07-21,2025,7,30,2,8222,0.2,Low
India,Compactor,2025-07-28,2025,7,31,4,21284,0.2,Low
India,Compactor,2025-08-04,2025,8,32,1,4928,0.2,Low
India,Compactor,2025-08-11,2025,8,33,2,5878,0.2,Low
India,Compactor,2025-08-25,2025,8,35,1,1675,0.2,Low
India,Compactor,2025-09-01,2025,9,36,1,1958,0.45,Low
India,Compactor,2025-09-08,2025,9,37,3,7679,0.45,Low
India,Compactor,2025-09-15,2025,9,38,2,5466,0.45,Low
India,Compactor,2025-09-22,2025,9,39,1,846,0.45,Low
India,Compactor,2025-09-29,2025,9,40,1,497,0.45,Low
India,Compactor,2025-10-06,2025,10,41,4,8806,1.5,Low
India,Compactor,2025-10-13,2025,10,42,4,12548,1.5,Low
India,Compactor,2025-10-20,2025,10,43,4,16689,1.5,Low
India,Compactor,2025-10-27,2025,10,44,6,14226,1.5,Medium
India,Compactor,2025-11-03,2025,11,45,4,10283,1.7,Low
India,Compactor,2025-11-10,2025,11,46,5,20768,1.7,Low
India,Compactor,2025-11-17,2025,11,47,5,32491,1.7,Low
India,Compactor,2025-11-24,2025,11,48,3,4691,1.7,Low
India,Compactor,2025-12-01,2025,12,49,3,8993,1.65,Low
India,Compactor,2025-12-08,2025,12,50,3,6420,1.65,Low
India,Compactor,2025-12-15,2025,12,51,4,8573,1.65,Low
India,Compactor,2025-12-22,2025,12,52,5,17014,1.65,Low
India,Compactor,2025-12-29,2025,12,1,6,19130,1.65,Medium
India,Compactor,2026-01-05,2026,1,2,11,37755,1.6,Medium
India,Compactor,2026-01-12,2026,1,3,7,20367,1.6,Medium
India,Compactor,2026-01-19,2026,1,4,11,32606,1.6,Medium
India,Compactor,2026-01-26,2026,1,5,8,18233,1.6,Medium
India,Compactor,2026-02-02,2026,2,6,8,35738,1.65,Medium
India,Compactor,2026-02-09,2026,2,7,9,22824,1.65,Medium
India,Compactor,2026-02-16,2026,2,8,8,26452,1.65,Medium
India,Compactor,2026-02-23,2026,2,9,10,33471,1.65,Medium
India,Compactor,2026-03-02,2026,3,10,7,28724,1.5,Medium
India,Compactor,2026-03-09,2026,3,11,9,22677,1.5,Medium
India,Compactor,2026-03-16,2026,3,12,10,35888,1.5,Medium
India,Compactor,2026-03-23,2026,3,13,9,23696,1.5,Medium
India,Compactor,2026-03-30,2026,3,14,5,11252,1.5,Low
India,Compactor,2026-04-06,2026,4,15,8,24425,1.25,Medium
India,Compactor,2026-04-13,2026,4,16,3,5193,1.25,Low
India,Compactor,2026-04-20,2026,4,17,9,21361,1.25,Medium
India,Compactor,2026-04-27,2026,4,18,7,17254,1.25,Medium
India,Compactor,2026-05-04,2026,5,19,8,20570,0.85,Medium
India,Compactor,2026-05-11,2026,5,20,4,4606,0.85,Low
India,Compactor,2026-05-18,2026,5,21,7,22412,0.85,Medium
India,Compactor,2026-05-25,2026,5,22,7,27273,0.85,Medium
India,Compactor,2026-06-08,2026,6,24,2,11467,0.3,Low
India,Compactor,2026-06-15,2026,6,25,5,16185,0.3,Low
India,Compactor,2026-06-29,2026,6,27,2,1879,0.3,Low
India,Dozer,2022-12-26,2022,12,52,2,13002,1.5,Low
India,Dozer,2023-01-02,2023,1,1,2,29176,1.3,Low
India,Dozer,2023-01-09,2023,1,2,8,43865,1.3,Medium
India,Dozer,2023-01-16,2023,1,3,10,72460,1.3,Medium
India,Dozer,2023-01-23,2023,1,4,2,12204,1.3,Low
India,Dozer,2023-01-30,2023,1,5,9,51016,1.3,Medium
India,Dozer,2023-02-06,2023,2,6,6,31060,1.45,Medium
India,Dozer,2023-02-13,2023,2,7,6,42925,1.45,Medium
India,Dozer,2023-02-20,2023,2,8,6,44074,1.45,Medium
India,Dozer,2023-02-27,2023,2,9,10,67398,1.45,Medium
India,Dozer,2023-03-06,2023,3,10,8,57603,1.55,Medium
India,Dozer,2023-03-13,2023,3,11,7,52720,1.55,Medium
India,Dozer,2023-03-20,2023,3,12,8,69471,1.55,Medium
India,Dozer,2023-03-27,2023,3,13,9,54562,1.55,Medium
India,Dozer,2023-04-03,2023,4,14,4,46074,1.3,Low
India,Dozer,2023-04-10,2023,4,15,1,3488,1.3,Low
India,Dozer,2023-04-17,2023,4,16,7,43952,1.3,Medium
India,Dozer,2023-04-24,2023,4,17,8,61226,1.3,Medium
India,Dozer,2023-05-01,2023,5,18,7,45833,0.95,Medium
India,Dozer,2023-05-08,2023,5,19,5,15899,0.95,Low
India,Dozer,2023-05-15,2023,5,20,6,40653,0.95,Medium
India,Dozer,2023-05-22,2023,5,21,9,55384,0.95,Medium
India,Dozer,2023-05-29,2023,5,22,4,20325,0.95,Low
India,Dozer,2023-06-05,2023,6,23,5,10511,0.45,Low
India,Dozer,2023-06-12,2023,6,24,2,11734,0.45,Low
India,Dozer,2023-06-19,2023,6,25,3,16856,0.45,Low
India,Dozer,2023-06-26,2023,6,26,1,5174,0.45,Low
India,Dozer,2023-07-03,2023,7,27,3,9028,0.3,Low
India,Dozer,2023-07-10,2023,7,28,5,25983,0.3,Low
India,Dozer,2023-07-17,2023,7,29,2,31937,0.3,Low
India,Dozer,2023-07-31,2023,7,31,2,21177,0.3,Low
India,Dozer,2023-08-07,2023,8,32,2,15221,0.3,Low
India,Dozer,2023-08-21,2023,8,34,2,16526,0.3,Low
India,Dozer,2023-08-28,2023,8,35,2,20756,0.3,Low
India,Dozer,2023-09-04,2023,9,36,3,14078,0.5,Low
India,Dozer,2023-09-11,2023,9,37,1,8764,0.5,Low
India,Dozer,2023-09-18,2023,9,38,1,12988,0.5,Low
India,Dozer,2023-09-25,2023,9,39,1,1409,0.5,Low
India,Dozer,2023-10-02,2023,10,40,3,30771,1.3,Low
India,Dozer,2023-10-09,2023,10,41,4,22982,1.3,Low
India,Dozer,2023-10-16,2023,10,42,2,22021,1.3,Low
India,Dozer,2023-10-23,2023,10,43,1,7779,1.3,Low
India,Dozer,2023-10-30,2023,10,44,4,38053,1.3,Low
India,Dozer,2023-11-06,2023,11,45,7,43145,1.55,Medium
India,Dozer,2023-11-13,2023,11,46,6,42030,1.55,Medium
India,Dozer,2023-11-20,2023,11,47,2,13277,1.55,Low
India,Dozer,2023-11-27,2023,11,48,3,13637,1.55,Low
India,Dozer,2023-12-04,2023,12,49,5,33636,1.5,Low
India,Dozer,2023-12-11,2023,12,50,5,34976,1.5,Low
India,Dozer,2023-12-18,2023,12,51,6,41279,1.5,Medium
India,Dozer,2023-12-25,2023,12,52,4,14359,1.5,Low
India,Dozer,2024-01-01,2024,1,1,6,19867,1.3,Medium
India,Dozer,2024-01-08,2024,1,2,3,9283,1.3,Low
India,Dozer,2024-01-15,2024,1,3,5,53710,1.3,Low
India,Dozer,2024-01-22,2024,1,4,7,35590,1.3,Medium
India,Dozer,2024-01-29,2024,1,5,8,55258,1.3,Medium
India,Dozer,2024-02-05,2024,2,6,11,65113,1.45,Medium
India,Dozer,2024-02-12,2024,2,7,5,33240,1.45,Low
India,Dozer,2024-02-19,2024,2,8,7,31513,1.45,Medium
India,Dozer,2024-02-26,2024,2,9,6,33456,1.45,Medium
India,Dozer,2024-03-04,2024,3,10,8,66230,1.55,Medium
India,Dozer,2024-03-11,2024,3,11,8,55058,1.55,Medium
India,Dozer,2024-03-18,2024,3,12,8,44605,1.55,Medium
India,Dozer,2024-03-25,2024,3,13,10,101736,1.55,Medium
India,Dozer,2024-04-01,2024,4,14,3,36136,1.3,Low
India,Dozer,2024-04-08,2024,4,15,4,23840,1.3,Low
India,Dozer,2024-04-15,2024,4,16,9,95145,1.3,Medium
India,Dozer,2024-04-22,2024,4,17,3,27404,1.3,Low
India,Dozer,2024-04-29,2024,4,18,5,27563,1.3,Low
India,Dozer,2024-05-06,2024,5,19,4,31273,0.95,Low
India,Dozer,2024-05-13,2024,5,20,4,25721,0.95,Low
India,Dozer,2024-05-20,2024,5,21,4,21412,0.95,Low
India,Dozer,2024-05-27,2024,5,22,4,20937,0.95,Low
India,Dozer,2024-06-03,2024,6,23,2,8060,0.45,Low
India,Dozer,2024-06-10,2024,6,24,1,4112,0.45,Low
India,Dozer,2024-06-17,2024,6,25,3,51631,0.45,Low
India,Dozer,2024-07-01,2024,7,27,2,5826,0.3,Low
India,Dozer,2024-07-08,2024,7,28,1,3645,0.3,Low
India,Dozer,2024-07-15,2024,7,29,3,21787,0.3,Low
India,Dozer,2024-07-22,2024,7,30,3,12210,0.3,Low
India,Dozer,2024-08-05,2024,8,32,1,8433,0.3,Low
India,Dozer,2024-08-26,2024,8,35,2,17873,0.3,Low
India,Dozer,2024-09-02,2024,9,36,3,15424,0.5,Low
India,Dozer,2024-09-09,2024,9,37,3,16257,0.5,Low
India,Dozer,2024-09-16,2024,9,38,3,8425,0.5,Low
India,Dozer,2024-09-23,2024,9,39,3,22654,0.5,Low
India,Dozer,2024-09-30,2024,9,40,5,40358,0.5,Low
India,Dozer,2024-10-07,2024,10,41,7,39783,1.3,Medium
India,Dozer,2024-10-14,2024,10,42,8,36639,1.3,Medium
India,Dozer,2024-10-21,2024,10,43,2,20275,1.3,Low
India,Dozer,2024-10-28,2024,10,44,4,30048,1.3,Low
India,Dozer,2024-11-04,2024,11,45,4,39677,1.55,Low
India,Dozer,2024-11-11,2024,11,46,5,25105,1.55,Low
India,Dozer,2024-11-18,2024,11,47,5,27783,1.55,Low
India,Dozer,2024-11-25,2024,11,48,3,6556,1.55,Low
India,Dozer,2024-12-02,2024,12,49,6,40989,1.5,Medium
India,Dozer,2024-12-09,2024,12,50,4,50612,1.5,Low
India,Dozer,2024-12-16,2024,12,51,4,15510,1.5,Low
India,Dozer,2024-12-23,2024,12,52,4,43093,1.5,Low
India,Dozer,2024-12-30,2024,12,1,5,33425,1.5,Low
India,Dozer,2025-01-06,2025,1,2,4,44627,1.3,Low
India,Dozer,2025-01-13,2025,1,3,10,61650,1.3,Medium
India,Dozer,2025-01-20,2025,1,4,6,41531,1.3,Medium
India,Dozer,2025-01-27,2025,1,5,4,42000,1.3,Low
India,Dozer,2025-02-03,2025,2,6,11,45623,1.45,Medium
India,Dozer,2025-02-10,2025,2,7,11,90479,1.45,Medium
India,Dozer,2025-02-17,2025,2,8,4,21174,1.45,Low
India,Dozer,2025-02-24,2025,2,9,7,28081,1.45,Medium
India,Dozer,2025-03-03,2025,3,10,6,31903,1.55,Medium
India,Dozer,2025-03-10,2025,3,11,5,33577,1.55,Low
India,Dozer,2025-03-17,2025,3,12,10,43978,1.55,Medium
India,Dozer,2025-03-24,2025,3,13,4,19520,1.55,Low
India,Dozer,2025-03-31,2025,3,14,5,29706,1.55,Low
India,Dozer,2025-04-07,2025,4,15,9,99389,1.3,Medium
India,Dozer,2025-04-14,2025,4,16,3,20079,1.3,Low
India,Dozer,2025-04-21,2025,4,17,9,80580,1.3,Medium
India,Dozer,2025-04-28,2025,4,18,2,10937,1.3,Low
India,Dozer,2025-05-05,2025,5,19,5,44827,0.95,Low
India,Dozer,2025-05-12,2025,5,20,5,52820,0.95,Low
India,Dozer,2025-05-19,2025,5,21,8,60218,0.95,Medium
India,Dozer,2025-05-26,2025,5,22,3,26169,0.95,Low
India,Dozer,2025-06-02,2025,6,23,1,6072,0.45,Low
India,Dozer,2025-06-09,2025,6,24,2,15128,0.45,Low
India,Dozer,2025-06-16,2025,6,25,1,3060,0.45,Low
India,Dozer,2025-06-23,2025,6,26,4,26580,0.45,Low
India,Dozer,2025-06-30,2025,6,27,1,3831,0.45,Low
India,Dozer,2025-07-07,2025,7,28,4,13597,0.3,Low
India,Dozer,2025-07-14,2025,7,29,1,7774,0.3,Low
India,Dozer,2025-07-21,2025,7,30,3,17296,0.3,Low
India,Dozer,2025-08-04,2025,8,32,1,11857,0.3,Low
India,Dozer,2025-08-25,2025,8,35,1,5668,0.3,Low
India,Dozer,2025-09-08,2025,9,37,1,11383,0.5,Low
India,Dozer,2025-09-15,2025,9,38,2,8369,0.5,Low
India,Dozer,2025-09-22,2025,9,39,3,15126,0.5,Low
India,Dozer,2025-10-06,2025,10,41,4,23169,1.3,Low
India,Dozer,2025-10-13,2025,10,42,7,28992,1.3,Medium
India,Dozer,2025-10-20,2025,10,43,4,27830,1.3,Low
India,Dozer,2025-10-27,2025,10,44,1,4196,1.3,Low
India,Dozer,2025-11-03,2025,11,45,3,21129,1.55,Low
India,Dozer,2025-11-10,2025,11,46,5,37932,1.55,Low
India,Dozer,2025-11-17,2025,11,47,7,46209,1.55,Medium
India,Dozer,2025-11-24,2025,11,48,8,57514,1.55,Medium
India,Dozer,2025-12-01,2025,12,49,7,58446,1.5,Medium
India,Dozer,2025-12-08,2025,12,50,5,30545,1.5,Low
India,Dozer,2025-12-15,2025,12,51,4,35906,1.5,Low
India,Dozer,2025-12-22,2025,12,52,3,23316,1.5,Low
India,Dozer,2025-12-29,2025,12,1,4,47647,1.5,Low
India,Dozer,2026-01-05,2026,1,2,7,42790,1.3,Medium
India,Dozer,2026-01-12,2026,1,3,1,8221,1.3,Low
India,Dozer,2026-01-19,2026,1,4,6,40280,1.3,Medium
India,Dozer,2026-01-26,2026,1,5,6,58228,1.3,Medium
India,Dozer,2026-02-02,2026,2,6,11,98772,1.45,Medium
India,Dozer,2026-02-09,2026,2,7,2,14143,1.45,Low
India,Dozer,2026-02-16,2026,2,8,9,79927,1.45,Medium
India,Dozer,2026-02-23,2026,2,9,9,39898,1.45,Medium
India,Dozer,2026-03-02,2026,3,10,9,53493,1.55,Medium
India,Dozer,2026-03-09,2026,3,11,8,35649,1.55,Medium
India,Dozer,2026-03-16,2026,3,12,9,57897,1.55,Medium
India,Dozer,2026-03-23,2026,3,13,10,59869,1.55,Medium
India,Dozer,2026-03-30,2026,3,14,7,35543,1.55,Medium
India,Dozer,2026-04-06,2026,4,15,9,56675,1.3,Medium
India,Dozer,2026-04-13,2026,4,16,6,43508,1.3,Medium
India,Dozer,2026-04-20,2026,4,17,6,27325,1.3,Medium
India,Dozer,2026-04-27,2026,4,18,7,44092,1.3,Medium
India,Dozer,2026-05-04,2026,5,19,7,33896,0.95,Medium
India,Dozer,2026-05-11,2026,5,20,2,10202,0.95,Low
India,Dozer,2026-05-18,2026,5,21,6,84827,0.95,Medium
India,Dozer,2026-05-25,2026,5,22,7,37416,0.95,Medium
India,Dozer,2026-06-08,2026,6,24,3,22948,0.45,Low
India,Dozer,2026-06-15,2026,6,25,3,10444,0.45,Low
India,Dozer,2026-06-22,2026,6,26,4,37944,0.45,Low
India,Dump Truck,2022-12-26,2022,12,52,1,1785,1.45,Low
India,Dump Truck,2023-01-02,2023,1,1,11,20233,1.35,Medium
India,Dump Truck,2023-01-09,2023,1,2,9,26534,1.35,Medium
India,Dump Truck,2023-01-16,2023,1,3,10,30031,1.35,Medium
India,Dump Truck,2023-01-23,2023,1,4,15,39806,1.35,High
India,Dump Truck,2023-01-30,2023,1,5,15,42068,1.35,High
India,Dump Truck,2023-02-06,2023,2,6,11,35903,1.4,Medium
India,Dump Truck,2023-02-13,2023,2,7,12,49024,1.4,Medium
India,Dump Truck,2023-02-20,2023,2,8,7,19222,1.4,Medium
India,Dump Truck,2023-02-27,2023,2,9,11,28109,1.4,Medium
India,Dump Truck,2023-03-06,2023,3,10,8,21730,1.5,Medium
India,Dump Truck,2023-03-13,2023,3,11,9,30773,1.5,Medium
India,Dump Truck,2023-03-20,2023,3,12,7,29485,1.5,Medium
India,Dump Truck,2023-03-27,2023,3,13,7,34510,1.5,Medium
India,Dump Truck,2023-04-03,2023,4,14,10,36092,1.35,Medium
India,Dump Truck,2023-04-10,2023,4,15,6,14237,1.35,Medium
India,Dump Truck,2023-04-17,2023,4,16,9,28276,1.35,Medium
India,Dump Truck,2023-04-24,2023,4,17,9,31028,1.35,Medium
India,Dump Truck,2023-05-01,2023,5,18,8,28285,1.0,Medium
India,Dump Truck,2023-05-08,2023,5,19,6,19257,1.0,Medium
India,Dump Truck,2023-05-15,2023,5,20,9,47355,1.0,Medium
India,Dump Truck,2023-05-22,2023,5,21,6,15630,1.0,Medium
India,Dump Truck,2023-05-29,2023,5,22,5,22071,1.0,Low
India,Dump Truck,2023-06-05,2023,6,23,4,7639,0.5,Low
India,Dump Truck,2023-06-12,2023,6,24,7,23816,0.5,Medium
India,Dump Truck,2023-06-19,2023,6,25,3,7951,0.5,Low
India,Dump Truck,2023-06-26,2023,6,26,2,10457,0.5,Low
India,Dump Truck,2023-07-03,2023,7,27,1,4146,0.35,Low
India,Dump Truck,2023-07-17,2023,7,29,1,747,0.35,Low
India,Dump Truck,2023-07-24,2023,7,30,3,11006,0.35,Low
India,Dump Truck,2023-07-31,2023,7,31,5,14795,0.35,Low
India,Dump Truck,2023-08-07,2023,8,32,2,3269,0.35,Low
India,Dump Truck,2023-08-14,2023,8,33,2,5015,0.35,Low
India,Dump Truck,2023-08-21,2023,8,34,1,4054,0.35,Low
India,Dump Truck,2023-08-28,2023,8,35,2,8062,0.35,Low
India,Dump Truck,2023-09-04,2023,9,36,2,3280,0.55,Low
India,Dump Truck,2023-09-11,2023,9,37,1,2377,0.55,Low
India,Dump Truck,2023-09-18,2023,9,38,3,6161,0.55,Low
India,Dump Truck,2023-09-25,2023,9,39,1,2194,0.55,Low
India,Dump Truck,2023-10-02,2023,10,40,4,8611,1.3,Low
India,Dump Truck,2023-10-09,2023,10,41,10,31401,1.3,Medium
India,Dump Truck,2023-10-16,2023,10,42,4,14215,1.3,Low
India,Dump Truck,2023-10-23,2023,10,43,2,7653,1.3,Low
India,Dump Truck,2023-10-30,2023,10,44,8,25533,1.3,Medium
India,Dump Truck,2023-11-06,2023,11,45,10,30655,1.5,Medium
India,Dump Truck,2023-11-13,2023,11,46,10,35509,1.5,Medium
India,Dump Truck,2023-11-20,2023,11,47,5,12544,1.5,Low
India,Dump Truck,2023-11-27,2023,11,48,8,22605,1.5,Medium
India,Dump Truck,2023-12-04,2023,12,49,3,7356,1.45,Low
India,Dump Truck,2023-12-11,2023,12,50,6,22367,1.45,Medium
India,Dump Truck,2023-12-18,2023,12,51,11,26300,1.45,Medium
India,Dump Truck,2023-12-25,2023,12,52,2,7588,1.45,Low
India,Dump Truck,2024-01-01,2024,1,1,9,23978,1.35,Medium
India,Dump Truck,2024-01-08,2024,1,2,9,20122,1.35,Medium
India,Dump Truck,2024-01-15,2024,1,3,12,39740,1.35,Medium
India,Dump Truck,2024-01-22,2024,1,4,8,30781,1.35,Medium
India,Dump Truck,2024-01-29,2024,1,5,8,36464,1.35,Medium
India,Dump Truck,2024-02-05,2024,2,6,12,32253,1.4,Medium
India,Dump Truck,2024-02-12,2024,2,7,10,55584,1.4,Medium
India,Dump Truck,2024-02-19,2024,2,8,11,26821,1.4,Medium
India,Dump Truck,2024-02-26,2024,2,9,6,15673,1.4,Medium
India,Dump Truck,2024-03-04,2024,3,10,10,24660,1.5,Medium
India,Dump Truck,2024-03-11,2024,3,11,14,34166,1.5,Medium
India,Dump Truck,2024-03-18,2024,3,12,9,27642,1.5,Medium
India,Dump Truck,2024-03-25,2024,3,13,7,22521,1.5,Medium
India,Dump Truck,2024-04-01,2024,4,14,11,40296,1.35,Medium
India,Dump Truck,2024-04-08,2024,4,15,8,28134,1.35,Medium
India,Dump Truck,2024-04-15,2024,4,16,6,19321,1.35,Medium
India,Dump Truck,2024-04-22,2024,4,17,9,27098,1.35,Medium
India,Dump Truck,2024-04-29,2024,4,18,8,27239,1.35,Medium
India,Dump Truck,2024-05-06,2024,5,19,10,21866,1.0,Medium
India,Dump Truck,2024-05-13,2024,5,20,3,3766,1.0,Low
India,Dump Truck,2024-05-20,2024,5,21,6,21560,1.0,Medium
India,Dump Truck,2024-05-27,2024,5,22,8,28880,1.0,Medium
India,Dump Truck,2024-06-03,2024,6,23,1,6204,0.5,Low
India,Dump Truck,2024-06-10,2024,6,24,4,9767,0.5,Low
India,Dump Truck,2024-06-17,2024,6,25,4,17253,0.5,Low
India,Dump Truck,2024-06-24,2024,6,26,1,4181,0.5,Low
India,Dump Truck,2024-07-01,2024,7,27,2,2778,0.35,Low
India,Dump Truck,2024-07-08,2024,7,28,2,9442,0.35,Low
India,Dump Truck,2024-07-22,2024,7,30,1,2843,0.35,Low
India,Dump Truck,2024-07-29,2024,7,31,1,2574,0.35,Low
India,Dump Truck,2024-08-19,2024,8,34,2,4668,0.35,Low
India,Dump Truck,2024-08-26,2024,8,35,1,12540,0.35,Low
India,Dump Truck,2024-09-09,2024,9,37,2,6345,0.55,Low
India,Dump Truck,2024-09-16,2024,9,38,2,1967,0.55,Low
India,Dump Truck,2024-09-30,2024,9,40,4,9473,0.55,Low
India,Dump Truck,2024-10-07,2024,10,41,3,9332,1.3,Low
India,Dump Truck,2024-10-14,2024,10,42,7,20906,1.3,Medium
India,Dump Truck,2024-10-21,2024,10,43,2,7322,1.3,Low
India,Dump Truck,2024-10-28,2024,10,44,6,14657,1.3,Medium
India,Dump Truck,2024-11-04,2024,11,45,6,17214,1.5,Medium
India,Dump Truck,2024-11-11,2024,11,46,7,10210,1.5,Medium
India,Dump Truck,2024-11-18,2024,11,47,3,9439,1.5,Low
India,Dump Truck,2024-11-25,2024,11,48,5,16572,1.5,Low
India,Dump Truck,2024-12-02,2024,12,49,8,31880,1.45,Medium
India,Dump Truck,2024-12-09,2024,12,50,12,45671,1.45,Medium
India,Dump Truck,2024-12-16,2024,12,51,8,31039,1.45,Medium
India,Dump Truck,2024-12-23,2024,12,52,5,6438,1.45,Low
India,Dump Truck,2024-12-30,2024,12,1,7,28855,1.45,Medium
India,Dump Truck,2025-01-06,2025,1,2,15,43659,1.35,High
India,Dump Truck,2025-01-13,2025,1,3,4,11191,1.35,Low
India,Dump Truck,2025-01-20,2025,1,4,12,37551,1.35,Medium
India,Dump Truck,2025-01-27,2025,1,5,7,21129,1.35,Medium
India,Dump Truck,2025-02-03,2025,2,6,11,30059,1.4,Medium
India,Dump Truck,2025-02-10,2025,2,7,11,28360,1.4,Medium
India,Dump Truck,2025-02-17,2025,2,8,13,45896,1.4,Medium
India,Dump Truck,2025-02-24,2025,2,9,8,28411,1.4,Medium
India,Dump Truck,2025-03-03,2025,3,10,9,25743,1.5,Medium
India,Dump Truck,2025-03-10,2025,3,11,8,16374,1.5,Medium
India,Dump Truck,2025-03-17,2025,3,12,7,23222,1.5,Medium
India,Dump Truck,2025-03-24,2025,3,13,12,35754,1.5,Medium
India,Dump Truck,2025-03-31,2025,3,14,7,17842,1.5,Medium
India,Dump Truck,2025-04-07,2025,4,15,14,39264,1.35,Medium
India,Dump Truck,2025-04-14,2025,4,16,16,56032,1.35,High
India,Dump Truck,2025-04-21,2025,4,17,8,28506,1.35,Medium
India,Dump Truck,2025-04-28,2025,4,18,5,30978,1.35,Low
India,Dump Truck,2025-05-05,2025,5,19,6,9361,1.0,Medium
India,Dump Truck,2025-05-12,2025,5,20,4,12152,1.0,Low
India,Dump Truck,2025-05-19,2025,5,21,11,35610,1.0,Medium
India,Dump Truck,2025-05-26,2025,5,22,5,21938,1.0,Low
India,Dump Truck,2025-06-02,2025,6,23,6,12877,0.5,Medium
India,Dump Truck,2025-06-09,2025,6,24,2,4243,0.5,Low
India,Dump Truck,2025-06-16,2025,6,25,2,3539,0.5,Low
India,Dump Truck,2025-06-23,2025,6,26,4,12424,0.5,Low
India,Dump Truck,2025-07-07,2025,7,28,2,9167,0.35,Low
India,Dump Truck,2025-07-14,2025,7,29,1,7081,0.35,Low
India,Dump Truck,2025-07-21,2025,7,30,2,5850,0.35,Low
India,Dump Truck,2025-07-28,2025,7,31,6,13584,0.35,Medium
India,Dump Truck,2025-08-04,2025,8,32,2,4220,0.35,Low
India,Dump Truck,2025-08-11,2025,8,33,1,2399,0.35,Low
India,Dump Truck,2025-08-18,2025,8,34,1,1670,0.35,Low
India,Dump Truck,2025-08-25,2025,8,35,1,5014,0.35,Low
India,Dump Truck,2025-09-01,2025,9,36,5,21509,0.55,Low
India,Dump Truck,2025-09-15,2025,9,38,1,7404,0.55,Low
India,Dump Truck,2025-09-22,2025,9,39,3,10197,0.55,Low
India,Dump Truck,2025-09-29,2025,9,40,5,10139,0.55,Low
India,Dump Truck,2025-10-06,2025,10,41,11,39006,1.3,Medium
India,Dump Truck,2025-10-13,2025,10,42,8,38047,1.3,Medium
India,Dump Truck,2025-10-20,2025,10,43,2,3381,1.3,Low
India,Dump Truck,2025-10-27,2025,10,44,6,20563,1.3,Medium
India,Dump Truck,2025-11-03,2025,11,45,11,46564,1.5,Medium
India,Dump Truck,2025-11-10,2025,11,46,9,32062,1.5,Medium
India,Dump Truck,2025-11-17,2025,11,47,8,23023,1.5,Medium
India,Dump Truck,2025-11-24,2025,11,48,8,37140,1.5,Medium
India,Dump Truck,2025-12-01,2025,12,49,5,23722,1.45,Low
India,Dump Truck,2025-12-08,2025,12,50,10,29668,1.45,Medium
India,Dump Truck,2025-12-15,2025,12,51,8,26053,1.45,Medium
India,Dump Truck,2025-12-22,2025,12,52,7,16177,1.45,Medium
India,Dump Truck,2025-12-29,2025,12,1,8,18370,1.45,Medium
India,Dump Truck,2026-01-05,2026,1,2,10,39791,1.35,Medium
India,Dump Truck,2026-01-12,2026,1,3,9,22001,1.35,Medium
India,Dump Truck,2026-01-19,2026,1,4,12,45671,1.35,Medium
India,Dump Truck,2026-01-26,2026,1,5,5,25142,1.35,Low
India,Dump Truck,2026-02-02,2026,2,6,9,31136,1.4,Medium
India,Dump Truck,2026-02-09,2026,2,7,8,25856,1.4,Medium
India,Dump Truck,2026-02-16,2026,2,8,8,28362,1.4,Medium
India,Dump Truck,2026-02-23,2026,2,9,14,54809,1.4,Medium
India,Dump Truck,2026-03-02,2026,3,10,7,18431,1.5,Medium
India,Dump Truck,2026-03-09,2026,3,11,10,32100,1.5,Medium
India,Dump Truck,2026-03-16,2026,3,12,10,26932,1.5,Medium
India,Dump Truck,2026-03-23,2026,3,13,14,53249,1.5,Medium
India,Dump Truck,2026-03-30,2026,3,14,9,26867,1.5,Medium
India,Dump Truck,2026-04-06,2026,4,15,12,35274,1.35,Medium
India,Dump Truck,2026-04-13,2026,4,16,5,13079,1.35,Low
India,Dump Truck,2026-04-20,2026,4,17,7,19315,1.35,Medium
India,Dump Truck,2026-04-27,2026,4,18,7,27913,1.35,Medium
India,Dump Truck,2026-05-04,2026,5,19,9,30558,1.0,Medium
India,Dump Truck,2026-05-11,2026,5,20,10,40503,1.0,Medium
India,Dump Truck,2026-05-18,2026,5,21,11,29431,1.0,Medium
India,Dump Truck,2026-05-25,2026,5,22,6,25136,1.0,Medium
India,Dump Truck,2026-06-01,2026,6,23,6,22786,0.5,Medium
India,Dump Truck,2026-06-08,2026,6,24,3,5436,0.5,Low
India,Dump Truck,2026-06-15,2026,6,25,3,8524,0.5,Low
India,Dump Truck,2026-06-22,2026,6,26,5,22840,0.5,Low
India,Excavator,2022-12-26,2022,12,52,2,3338,1.55,Low
India,Excavator,2023-01-02,2023,1,1,13,59032,1.4,Medium
India,Excavator,2023-01-09,2023,1,2,15,53859,1.4,High
India,Excavator,2023-01-16,2023,1,3,16,75862,1.4,High
India,Excavator,2023-01-23,2023,1,4,9,38084,1.4,Medium
India,Excavator,2023-01-30,2023,1,5,14,77658,1.4,Medium
India,Excavator,2023-02-06,2023,2,6,12,43873,1.5,Medium
India,Excavator,2023-02-13,2023,2,7,11,61623,1.5,Medium
India,Excavator,2023-02-20,2023,2,8,18,88459,1.5,High
India,Excavator,2023-02-27,2023,2,9,17,64114,1.5,High
India,Excavator,2023-03-06,2023,3,10,15,80238,1.6,High
India,Excavator,2023-03-13,2023,3,11,18,100338,1.6,High
India,Excavator,2023-03-20,2023,3,12,17,85365,1.6,High
India,Excavator,2023-03-27,2023,3,13,14,59747,1.6,Medium
India,Excavator,2023-04-03,2023,4,14,9,38995,1.4,Medium
India,Excavator,2023-04-10,2023,4,15,10,78086,1.4,Medium
India,Excavator,2023-04-17,2023,4,16,21,87295,1.4,High
India,Excavator,2023-04-24,2023,4,17,12,62758,1.4,Medium
India,Excavator,2023-05-01,2023,5,18,11,39850,1.0,Medium
India,Excavator,2023-05-08,2023,5,19,8,43560,1.0,Medium
India,Excavator,2023-05-15,2023,5,20,5,18073,1.0,Low
India,Excavator,2023-05-22,2023,5,21,11,46039,1.0,Medium
India,Excavator,2023-05-29,2023,5,22,5,14220,1.0,Low
India,Excavator,2023-06-05,2023,6,23,1,7638,0.5,Low
India,Excavator,2023-06-12,2023,6,24,6,21777,0.5,Medium
India,Excavator,2023-06-19,2023,6,25,4,17896,0.5,Low
India,Excavator,2023-06-26,2023,6,26,6,18456,0.5,Medium
India,Excavator,2023-07-03,2023,7,27,2,6983,0.35,Low
India,Excavator,2023-07-10,2023,7,28,3,14272,0.35,Low
India,Excavator,2023-07-17,2023,7,29,5,22901,0.35,Low
India,Excavator,2023-07-24,2023,7,30,6,25550,0.35,Medium
India,Excavator,2023-07-31,2023,7,31,3,7685,0.35,Low
India,Excavator,2023-08-07,2023,8,32,4,17851,0.35,Low
India,Excavator,2023-08-14,2023,8,33,2,2944,0.35,Low
India,Excavator,2023-08-21,2023,8,34,4,24630,0.35,Low
India,Excavator,2023-08-28,2023,8,35,4,11449,0.35,Low
India,Excavator,2023-09-04,2023,9,36,1,10762,0.55,Low
India,Excavator,2023-09-11,2023,9,37,2,5106,0.55,Low
India,Excavator,2023-09-18,2023,9,38,6,41821,0.55,Medium
India,Excavator,2023-09-25,2023,9,39,2,5238,0.55,Low
India,Excavator,2023-10-02,2023,10,40,4,19079,1.35,Low
India,Excavator,2023-10-09,2023,10,41,13,74934,1.35,Medium
India,Excavator,2023-10-16,2023,10,42,4,23540,1.35,Low
India,Excavator,2023-10-23,2023,10,43,9,58148,1.35,Medium
India,Excavator,2023-10-30,2023,10,44,6,25013,1.35,Medium
India,Excavator,2023-11-06,2023,11,45,5,43392,1.6,Low
India,Excavator,2023-11-13,2023,11,46,10,45239,1.6,Medium
India,Excavator,2023-11-20,2023,11,47,10,63443,1.6,Medium
India,Excavator,2023-11-27,2023,11,48,7,34950,1.6,Medium
India,Excavator,2023-12-04,2023,12,49,9,33202,1.55,Medium
India,Excavator,2023-12-11,2023,12,50,4,21179,1.55,Low
India,Excavator,2023-12-18,2023,12,51,12,48317,1.55,Medium
India,Excavator,2023-12-25,2023,12,52,7,25173,1.55,Medium
India,Excavator,2024-01-01,2024,1,1,4,10243,1.4,Low
India,Excavator,2024-01-08,2024,1,2,10,49795,1.4,Medium
India,Excavator,2024-01-15,2024,1,3,16,67558,1.4,High
India,Excavator,2024-01-22,2024,1,4,13,65634,1.4,Medium
India,Excavator,2024-01-29,2024,1,5,6,39488,1.4,Medium
India,Excavator,2024-02-05,2024,2,6,11,46221,1.5,Medium
India,Excavator,2024-02-12,2024,2,7,14,44967,1.5,Medium
India,Excavator,2024-02-19,2024,2,8,16,81105,1.5,High
India,Excavator,2024-02-26,2024,2,9,19,68813,1.5,High
India,Excavator,2024-03-04,2024,3,10,12,40662,1.6,Medium
India,Excavator,2024-03-11,2024,3,11,15,71467,1.6,High
India,Excavator,2024-03-18,2024,3,12,14,81453,1.6,Medium
India,Excavator,2024-03-25,2024,3,13,12,57175,1.6,Medium
India,Excavator,2024-04-01,2024,4,14,14,77948,1.4,Medium
India,Excavator,2024-04-08,2024,4,15,10,47917,1.4,Medium
India,Excavator,2024-04-15,2024,4,16,13,51386,1.4,Medium
India,Excavator,2024-04-22,2024,4,17,16,58030,1.4,High
India,Excavator,2024-04-29,2024,4,18,15,82417,1.4,High
India,Excavator,2024-05-06,2024,5,19,14,87079,1.0,Medium
India,Excavator,2024-05-13,2024,5,20,10,36830,1.0,Medium
India,Excavator,2024-05-20,2024,5,21,9,31321,1.0,Medium
India,Excavator,2024-05-27,2024,5,22,11,60835,1.0,Medium
India,Excavator,2024-06-03,2024,6,23,2,17018,0.5,Low
India,Excavator,2024-06-10,2024,6,24,10,51171,0.5,Medium
India,Excavator,2024-06-17,2024,6,25,5,20065,0.5,Low
India,Excavator,2024-06-24,2024,6,26,7,35442,0.5,Medium
India,Excavator,2024-07-01,2024,7,27,3,18102,0.35,Low
India,Excavator,2024-07-08,2024,7,28,5,15741,0.35,Low
India,Excavator,2024-07-15,2024,7,29,2,9715,0.35,Low
India,Excavator,2024-07-22,2024,7,30,6,13588,0.35,Medium
India,Excavator,2024-07-29,2024,7,31,3,26474,0.35,Low
India,Excavator,2024-08-05,2024,8,32,3,6985,0.35,Low
India,Excavator,2024-08-12,2024,8,33,1,1756,0.35,Low
India,Excavator,2024-08-19,2024,8,34,3,14603,0.35,Low
India,Excavator,2024-08-26,2024,8,35,1,8656,0.35,Low
India,Excavator,2024-09-02,2024,9,36,2,10978,0.55,Low
India,Excavator,2024-09-09,2024,9,37,4,20992,0.55,Low
India,Excavator,2024-09-16,2024,9,38,3,13623,0.55,Low
India,Excavator,2024-09-23,2024,9,39,1,8847,0.55,Low
India,Excavator,2024-09-30,2024,9,40,7,29247,0.55,Medium
India,Excavator,2024-10-07,2024,10,41,14,60039,1.35,Medium
India,Excavator,2024-10-14,2024,10,42,7,52323,1.35,Medium
India,Excavator,2024-10-21,2024,10,43,6,19123,1.35,Medium
India,Excavator,2024-10-28,2024,10,44,4,23294,1.35,Low
India,Excavator,2024-11-04,2024,11,45,7,35750,1.6,Medium
India,Excavator,2024-11-11,2024,11,46,4,11561,1.6,Low
India,Excavator,2024-11-18,2024,11,47,6,27059,1.6,Medium
India,Excavator,2024-11-25,2024,11,48,7,23850,1.6,Medium
India,Excavator,2024-12-02,2024,12,49,11,58243,1.55,Medium
India,Excavator,2024-12-09,2024,12,50,10,50247,1.55,Medium
India,Excavator,2024-12-16,2024,12,51,9,41682,1.55,Medium
India,Excavator,2024-12-23,2024,12,52,7,30096,1.55,Medium
India,Excavator,2024-12-30,2024,12,1,18,84118,1.55,High
India,Excavator,2025-01-06,2025,1,2,17,67420,1.4,High
India,Excavator,2025-01-13,2025,1,3,8,23136,1.4,Medium
India,Excavator,2025-01-20,2025,1,4,17,69794,1.4,High
India,Excavator,2025-01-27,2025,1,5,12,48710,1.4,Medium
India,Excavator,2025-02-03,2025,2,6,17,65563,1.5,High
India,Excavator,2025-02-10,2025,2,7,10,64344,1.5,Medium
India,Excavator,2025-02-17,2025,2,8,15,85664,1.5,High
India,Excavator,2025-02-24,2025,2,9,10,35738,1.5,Medium
India,Excavator,2025-03-03,2025,3,10,26,134581,1.6,High
India,Excavator,2025-03-10,2025,3,11,15,67813,1.6,High
India,Excavator,2025-03-17,2025,3,12,17,82237,1.6,High
India,Excavator,2025-03-24,2025,3,13,18,82383,1.6,High
India,Excavator,2025-03-31,2025,3,14,18,89565,1.6,High
India,Excavator,2025-04-07,2025,4,15,13,68415,1.4,Medium
India,Excavator,2025-04-14,2025,4,16,14,62675,1.4,Medium
India,Excavator,2025-04-21,2025,4,17,10,47785,1.4,Medium
India,Excavator,2025-04-28,2025,4,18,16,80783,1.4,High
India,Excavator,2025-05-05,2025,5,19,5,25342,1.0,Low
India,Excavator,2025-05-12,2025,5,20,7,41083,1.0,Medium
India,Excavator,2025-05-19,2025,5,21,18,94223,1.0,High
India,Excavator,2025-05-26,2025,5,22,10,44316,1.0,Medium
India,Excavator,2025-06-02,2025,6,23,5,22540,0.5,Low
India,Excavator,2025-06-09,2025,6,24,5,43522,0.5,Low
India,Excavator,2025-06-16,2025,6,25,2,13288,0.5,Low
India,Excavator,2025-06-23,2025,6,26,4,15842,0.5,Low
India,Excavator,2025-06-30,2025,6,27,4,12928,0.5,Low
India,Excavator,2025-07-07,2025,7,28,2,18114,0.35,Low
India,Excavator,2025-07-21,2025,7,30,2,11753,0.35,Low
India,Excavator,2025-07-28,2025,7,31,4,19137,0.35,Low
India,Excavator,2025-08-04,2025,8,32,2,7666,0.35,Low
India,Excavator,2025-08-11,2025,8,33,2,15103,0.35,Low
India,Excavator,2025-08-18,2025,8,34,2,8267,0.35,Low
India,Excavator,2025-08-25,2025,8,35,4,12785,0.35,Low
India,Excavator,2025-09-01,2025,9,36,3,16194,0.55,Low
India,Excavator,2025-09-08,2025,9,37,4,14452,0.55,Low
India,Excavator,2025-09-15,2025,9,38,3,4262,0.55,Low
India,Excavator,2025-09-22,2025,9,39,2,6604,0.55,Low
India,Excavator,2025-09-29,2025,9,40,6,26886,0.55,Medium
India,Excavator,2025-10-06,2025,10,41,11,43864,1.35,Medium
India,Excavator,2025-10-13,2025,10,42,7,38181,1.35,Medium
India,Excavator,2025-10-20,2025,10,43,8,35461,1.35,Medium
India,Excavator,2025-10-27,2025,10,44,8,27158,1.35,Medium
India,Excavator,2025-11-03,2025,11,45,10,53793,1.6,Medium
India,Excavator,2025-11-10,2025,11,46,8,49626,1.6,Medium
India,Excavator,2025-11-17,2025,11,47,4,23660,1.6,Low
India,Excavator,2025-11-24,2025,11,48,7,29099,1.6,Medium
India,Excavator,2025-12-01,2025,12,49,5,21253,1.55,Low
India,Excavator,2025-12-08,2025,12,50,9,43685,1.55,Medium
India,Excavator,2025-12-15,2025,12,51,11,48085,1.55,Medium
India,Excavator,2025-12-22,2025,12,52,3,3342,1.55,Low
India,Excavator,2025-12-29,2025,12,1,12,54916,1.55,Medium
India,Excavator,2026-01-05,2026,1,2,21,94720,1.4,High
India,Excavator,2026-01-12,2026,1,3,17,120299,1.4,High
India,Excavator,2026-01-19,2026,1,4,8,40842,1.4,Medium
India,Excavator,2026-01-26,2026,1,5,17,70208,1.4,High
India,Excavator,2026-02-02,2026,2,6,18,102090,1.5,High
India,Excavator,2026-02-09,2026,2,7,13,68691,1.5,Medium
India,Excavator,2026-02-16,2026,2,8,10,56023,1.5,Medium
India,Excavator,2026-02-23,2026,2,9,17,72442,1.5,High
India,Excavator,2026-03-02,2026,3,10,18,84940,1.6,High
India,Excavator,2026-03-09,2026,3,11,13,56483,1.6,Medium
India,Excavator,2026-03-16,2026,3,12,11,47547,1.6,Medium
India,Excavator,2026-03-23,2026,3,13,12,49161,1.6,Medium
India,Excavator,2026-03-30,2026,3,14,11,59820,1.6,Medium
India,Excavator,2026-04-06,2026,4,15,14,47002,1.4,Medium
India,Excavator,2026-04-13,2026,4,16,16,55767,1.4,High
India,Excavator,2026-04-20,2026,4,17,16,77170,1.4,High
India,Excavator,2026-04-27,2026,4,18,15,80441,1.4,High
India,Excavator,2026-05-04,2026,5,19,10,47202,1.0,Medium
India,Excavator,2026-05-11,2026,5,20,11,47302,1.0,Medium
India,Excavator,2026-05-18,2026,5,21,14,71032,1.0,Medium
India,Excavator,2026-05-25,2026,5,22,7,39694,1.0,Medium
India,Excavator,2026-06-01,2026,6,23,3,10501,0.5,Low
India,Excavator,2026-06-08,2026,6,24,3,22374,0.5,Low
India,Excavator,2026-06-15,2026,6,25,3,12230,0.5,Low
India,Excavator,2026-06-22,2026,6,26,5,25776,0.5,Low
India,Excavator,2026-06-29,2026,6,27,1,3215,0.5,Low
India,Motor Grader,2022-12-26,2022,12,52,1,3024,1.55,Low
India,Motor Grader,2023-01-02,2023,1,1,6,19930,1.5,Medium
India,Motor Grader,2023-01-09,2023,1,2,4,17360,1.5,Low
India,Motor Grader,2023-01-16,2023,1,3,10,41110,1.5,Medium
India,Motor Grader,2023-01-23,2023,1,4,11,51497,1.5,Medium
India,Motor Grader,2023-01-30,2023,1,5,6,24163,1.5,Medium
India,Motor Grader,2023-02-06,2023,2,6,8,54358,1.55,Medium
India,Motor Grader,2023-02-13,2023,2,7,9,32825,1.55,Medium
India,Motor Grader,2023-02-20,2023,2,8,10,58375,1.55,Medium
India,Motor Grader,2023-02-27,2023,2,9,5,25404,1.55,Low
India,Motor Grader,2023-03-06,2023,3,10,10,68732,1.55,Medium
India,Motor Grader,2023-03-13,2023,3,11,4,17095,1.55,Low
India,Motor Grader,2023-03-20,2023,3,12,3,7993,1.55,Low
India,Motor Grader,2023-03-27,2023,3,13,10,86743,1.55,Medium
India,Motor Grader,2023-04-03,2023,4,14,6,36896,1.35,Medium
India,Motor Grader,2023-04-10,2023,4,15,5,16788,1.35,Low
India,Motor Grader,2023-04-17,2023,4,16,2,11555,1.35,Low
India,Motor Grader,2023-04-24,2023,4,17,5,22025,1.35,Low
India,Motor Grader,2023-05-01,2023,5,18,5,23412,1.0,Low
India,Motor Grader,2023-05-08,2023,5,19,3,10417,1.0,Low
India,Motor Grader,2023-05-15,2023,5,20,6,11541,1.0,Medium
India,Motor Grader,2023-05-22,2023,5,21,3,19001,1.0,Low
India,Motor Grader,2023-05-29,2023,5,22,2,13491,1.0,Low
India,Motor Grader,2023-06-05,2023,6,23,3,21940,0.4,Low
India,Motor Grader,2023-06-12,2023,6,24,2,9816,0.4,Low
India,Motor Grader,2023-06-19,2023,6,25,2,9598,0.4,Low
India,Motor Grader,2023-07-03,2023,7,27,2,8775,0.25,Low
India,Motor Grader,2023-07-10,2023,7,28,1,1062,0.25,Low
India,Motor Grader,2023-07-17,2023,7,29,1,6801,0.25,Low
India,Motor Grader,2023-07-24,2023,7,30,1,7607,0.25,Low
India,Motor Grader,2023-07-31,2023,7,31,1,3099,0.25,Low
India,Motor Grader,2023-08-07,2023,8,32,4,10028,0.25,Low
India,Motor Grader,2023-09-11,2023,9,37,3,17458,0.5,Low
India,Motor Grader,2023-09-18,2023,9,38,2,13222,0.5,Low
India,Motor Grader,2023-09-25,2023,9,39,2,11765,0.5,Low
India,Motor Grader,2023-10-02,2023,10,40,5,32442,1.4,Low
India,Motor Grader,2023-10-09,2023,10,41,6,18499,1.4,Medium
India,Motor Grader,2023-10-16,2023,10,42,3,8588,1.4,Low
India,Motor Grader,2023-10-23,2023,10,43,1,9928,1.4,Low
India,Motor Grader,2023-10-30,2023,10,44,3,11926,1.4,Low
India,Motor Grader,2023-11-06,2023,11,45,4,8976,1.6,Low
India,Motor Grader,2023-11-13,2023,11,46,3,14685,1.6,Low
India,Motor Grader,2023-11-20,2023,11,47,5,21892,1.6,Low
India,Motor Grader,2023-11-27,2023,11,48,5,14652,1.6,Low
India,Motor Grader,2023-12-04,2023,12,49,4,15465,1.55,Low
India,Motor Grader,2023-12-11,2023,12,50,3,16566,1.55,Low
India,Motor Grader,2023-12-18,2023,12,51,4,17302,1.55,Low
India,Motor Grader,2023-12-25,2023,12,52,6,33404,1.55,Medium
India,Motor Grader,2024-01-01,2024,1,1,4,20853,1.5,Low
India,Motor Grader,2024-01-08,2024,1,2,15,71177,1.5,High
India,Motor Grader,2024-01-15,2024,1,3,8,38406,1.5,Medium
India,Motor Grader,2024-01-22,2024,1,4,7,36649,1.5,Medium
India,Motor Grader,2024-01-29,2024,1,5,4,20125,1.5,Low
India,Motor Grader,2024-02-05,2024,2,6,7,26751,1.55,Medium
India,Motor Grader,2024-02-12,2024,2,7,12,60579,1.55,Medium
India,Motor Grader,2024-02-19,2024,2,8,10,33562,1.55,Medium
India,Motor Grader,2024-02-26,2024,2,9,10,65461,1.55,Medium
India,Motor Grader,2024-03-04,2024,3,10,5,16179,1.55,Low
India,Motor Grader,2024-03-11,2024,3,11,9,37473,1.55,Medium
India,Motor Grader,2024-03-18,2024,3,12,12,73457,1.55,Medium
India,Motor Grader,2024-03-25,2024,3,13,3,17363,1.55,Low
India,Motor Grader,2024-04-01,2024,4,14,6,40488,1.35,Medium
India,Motor Grader,2024-04-08,2024,4,15,5,32404,1.35,Low
India,Motor Grader,2024-04-15,2024,4,16,4,25573,1.35,Low
India,Motor Grader,2024-04-22,2024,4,17,7,45539,1.35,Medium
India,Motor Grader,2024-04-29,2024,4,18,1,6972,1.35,Low
India,Motor Grader,2024-05-06,2024,5,19,3,15431,1.0,Low
India,Motor Grader,2024-05-13,2024,5,20,3,19378,1.0,Low
India,Motor Grader,2024-05-20,2024,5,21,6,20924,1.0,Medium
India,Motor Grader,2024-05-27,2024,5,22,8,45024,1.0,Medium
India,Motor Grader,2024-06-03,2024,6,23,1,8085,0.4,Low
India,Motor Grader,2024-06-10,2024,6,24,4,12380,0.4,Low
India,Motor Grader,2024-07-01,2024,7,27,2,4604,0.25,Low
India,Motor Grader,2024-07-08,2024,7,28,3,12351,0.25,Low
India,Motor Grader,2024-07-29,2024,7,31,2,6012,0.25,Low
India,Motor Grader,2024-08-05,2024,8,32,1,828,0.25,Low
India,Motor Grader,2024-08-12,2024,8,33,3,8889,0.25,Low
India,Motor Grader,2024-09-02,2024,9,36,2,8964,0.5,Low
India,Motor Grader,2024-09-09,2024,9,37,3,5148,0.5,Low
India,Motor Grader,2024-09-23,2024,9,39,2,11985,0.5,Low
India,Motor Grader,2024-09-30,2024,9,40,3,12322,0.5,Low
India,Motor Grader,2024-10-07,2024,10,41,5,20667,1.4,Low
India,Motor Grader,2024-10-14,2024,10,42,4,36330,1.4,Low
India,Motor Grader,2024-10-21,2024,10,43,4,14947,1.4,Low
India,Motor Grader,2024-10-28,2024,10,44,5,36097,1.4,Low
India,Motor Grader,2024-11-04,2024,11,45,2,7188,1.6,Low
India,Motor Grader,2024-11-11,2024,11,46,4,10236,1.6,Low
India,Motor Grader,2024-11-25,2024,11,48,6,22447,1.6,Medium
India,Motor Grader,2024-12-02,2024,12,49,4,12565,1.55,Low
India,Motor Grader,2024-12-09,2024,12,50,3,9205,1.55,Low
India,Motor Grader,2024-12-16,2024,12,51,5,21216,1.55,Low
India,Motor Grader,2024-12-23,2024,12,52,4,10114,1.55,Low
India,Motor Grader,2024-12-30,2024,12,1,4,20143,1.55,Low
India,Motor Grader,2025-01-06,2025,1,2,8,39976,1.5,Medium
India,Motor Grader,2025-01-13,2025,1,3,3,12566,1.5,Low
India,Motor Grader,2025-01-20,2025,1,4,9,55993,1.5,Medium
India,Motor Grader,2025-01-27,2025,1,5,8,49861,1.5,Medium
India,Motor Grader,2025-02-03,2025,2,6,4,27994,1.55,Low
India,Motor Grader,2025-02-10,2025,2,7,6,25744,1.55,Medium
India,Motor Grader,2025-02-17,2025,2,8,8,33984,1.55,Medium
India,Motor Grader,2025-02-24,2025,2,9,9,35617,1.55,Medium
India,Motor Grader,2025-03-03,2025,3,10,6,17546,1.55,Medium
India,Motor Grader,2025-03-10,2025,3,11,11,42918,1.55,Medium
India,Motor Grader,2025-03-17,2025,3,12,7,27623,1.55,Medium
India,Motor Grader,2025-03-24,2025,3,13,9,48526,1.55,Medium
India,Motor Grader,2025-03-31,2025,3,14,4,23037,1.55,Low
India,Motor Grader,2025-04-07,2025,4,15,6,57223,1.35,Medium
India,Motor Grader,2025-04-14,2025,4,16,7,55724,1.35,Medium
India,Motor Grader,2025-04-21,2025,4,17,4,27574,1.35,Low
India,Motor Grader,2025-04-28,2025,4,18,3,20884,1.35,Low
India,Motor Grader,2025-05-05,2025,5,19,4,17064,1.0,Low
India,Motor Grader,2025-05-12,2025,5,20,5,27927,1.0,Low
India,Motor Grader,2025-05-19,2025,5,21,2,4843,1.0,Low
India,Motor Grader,2025-05-26,2025,5,22,5,33063,1.0,Low
India,Motor Grader,2025-06-02,2025,6,23,1,1375,0.4,Low
India,Motor Grader,2025-06-09,2025,6,24,2,8728,0.4,Low
India,Motor Grader,2025-06-16,2025,6,25,2,9124,0.4,Low
India,Motor Grader,2025-06-23,2025,6,26,1,7948,0.4,Low
India,Motor Grader,2025-06-30,2025,6,27,2,11376,0.4,Low
India,Motor Grader,2025-07-14,2025,7,29,1,3284,0.25,Low
India,Motor Grader,2025-07-21,2025,7,30,2,16635,0.25,Low
India,Motor Grader,2025-07-28,2025,7,31,1,8176,0.25,Low
India,Motor Grader,2025-08-11,2025,8,33,1,5402,0.25,Low
India,Motor Grader,2025-08-18,2025,8,34,1,5368,0.25,Low
India,Motor Grader,2025-09-01,2025,9,36,4,22363,0.5,Low
India,Motor Grader,2025-09-08,2025,9,37,1,5400,0.5,Low
India,Motor Grader,2025-09-15,2025,9,38,1,855,0.5,Low
India,Motor Grader,2025-09-22,2025,9,39,4,30955,0.5,Low
India,Motor Grader,2025-09-29,2025,9,40,3,7558,0.5,Low
India,Motor Grader,2025-10-06,2025,10,41,4,19786,1.4,Low
India,Motor Grader,2025-10-13,2025,10,42,2,11476,1.4,Low
India,Motor Grader,2025-10-20,2025,10,43,4,7725,1.4,Low
India,Motor Grader,2025-10-27,2025,10,44,5,18549,1.4,Low
India,Motor Grader,2025-11-03,2025,11,45,3,25076,1.6,Low
India,Motor Grader,2025-11-10,2025,11,46,4,24999,1.6,Low
India,Motor Grader,2025-11-17,2025,11,47,4,8170,1.6,Low
India,Motor Grader,2025-11-24,2025,11,48,9,63851,1.6,Medium
India,Motor Grader,2025-12-01,2025,12,49,6,26316,1.55,Medium
India,Motor Grader,2025-12-08,2025,12,50,5,25853,1.55,Low
India,Motor Grader,2025-12-15,2025,12,51,9,54613,1.55,Medium
India,Motor Grader,2025-12-22,2025,12,52,2,4203,1.55,Low
India,Motor Grader,2025-12-29,2025,12,1,4,27191,1.55,Low
India,Motor Grader,2026-01-05,2026,1,2,10,58775,1.5,Medium
India,Motor Grader,2026-01-12,2026,1,3,3,17650,1.5,Low
India,Motor Grader,2026-01-19,2026,1,4,9,46189,1.5,Medium
India,Motor Grader,2026-01-26,2026,1,5,9,37078,1.5,Medium
India,Motor Grader,2026-02-02,2026,2,6,4,12094,1.55,Low
India,Motor Grader,2026-02-09,2026,2,7,11,57977,1.55,Medium
India,Motor Grader,2026-02-16,2026,2,8,6,37893,1.55,Medium
India,Motor Grader,2026-02-23,2026,2,9,9,46210,1.55,Medium
India,Motor Grader,2026-03-02,2026,3,10,6,38487,1.55,Medium
India,Motor Grader,2026-03-09,2026,3,11,9,42412,1.55,Medium
India,Motor Grader,2026-03-16,2026,3,12,5,21918,1.55,Low
India,Motor Grader,2026-03-23,2026,3,13,11,31184,1.55,Medium
India,Motor Grader,2026-03-30,2026,3,14,6,25781,1.55,Medium
India,Motor Grader,2026-04-06,2026,4,15,9,76685,1.35,Medium
India,Motor Grader,2026-04-13,2026,4,16,3,9943,1.35,Low
India,Motor Grader,2026-04-20,2026,4,17,7,58421,1.35,Medium
India,Motor Grader,2026-04-27,2026,4,18,8,32445,1.35,Medium
India,Motor Grader,2026-05-04,2026,5,19,3,6216,1.0,Low
India,Motor Grader,2026-05-11,2026,5,20,4,24431,1.0,Low
India,Motor Grader,2026-05-18,2026,5,21,10,49376,1.0,Medium
India,Motor Grader,2026-05-25,2026,5,22,6,40343,1.0,Medium
India,Motor Grader,2026-06-01,2026,6,23,1,4801,0.4,Low
India,Motor Grader,2026-06-08,2026,6,24,3,13059,0.4,Low
India,Motor Grader,2026-06-15,2026,6,25,3,6769,0.4,Low
India,Motor Grader,2026-06-22,2026,6,26,2,16650,0.4,Low
India,Motor Grader,2026-06-29,2026,6,27,1,3969,0.4,Low
India,Scraper,2023-01-02,2023,1,1,7,43989,1.35,Medium
India,Scraper,2023-01-09,2023,1,2,9,54940,1.35,Medium
India,Scraper,2023-01-16,2023,1,3,7,20682,1.35,Medium
India,Scraper,2023-01-23,2023,1,4,7,75745,1.35,Medium
India,Scraper,2023-01-30,2023,1,5,3,27995,1.35,Low
India,Scraper,2023-02-06,2023,2,6,3,14331,1.45,Low
India,Scraper,2023-02-13,2023,2,7,7,47386,1.45,Medium
India,Scraper,2023-02-20,2023,2,8,8,37113,1.45,Medium
India,Scraper,2023-02-27,2023,2,9,7,36871,1.45,Medium
India,Scraper,2023-03-06,2023,3,10,4,19908,1.55,Low
India,Scraper,2023-03-13,2023,3,11,4,32877,1.55,Low
India,Scraper,2023-03-20,2023,3,12,12,77123,1.55,Medium
India,Scraper,2023-03-27,2023,3,13,6,23748,1.55,Medium
India,Scraper,2023-04-03,2023,4,14,4,17803,1.35,Low
India,Scraper,2023-04-10,2023,4,15,5,41499,1.35,Low
India,Scraper,2023-04-17,2023,4,16,9,58116,1.35,Medium
India,Scraper,2023-04-24,2023,4,17,5,23973,1.35,Low
India,Scraper,2023-05-01,2023,5,18,6,25793,1.0,Medium
India,Scraper,2023-05-08,2023,5,19,3,29272,1.0,Low
India,Scraper,2023-05-15,2023,5,20,8,49596,1.0,Medium
India,Scraper,2023-05-22,2023,5,21,5,19635,1.0,Low
India,Scraper,2023-05-29,2023,5,22,3,24300,1.0,Low
India,Scraper,2023-06-05,2023,6,23,1,2690,0.45,Low
India,Scraper,2023-07-03,2023,7,27,2,8243,0.3,Low
India,Scraper,2023-07-10,2023,7,28,4,25248,0.3,Low
India,Scraper,2023-07-17,2023,7,29,3,11617,0.3,Low
India,Scraper,2023-09-04,2023,9,36,1,3480,0.5,Low
India,Scraper,2023-09-18,2023,9,38,1,7114,0.5,Low
India,Scraper,2023-10-02,2023,10,40,3,9162,1.35,Low
India,Scraper,2023-10-09,2023,10,41,2,12626,1.35,Low
India,Scraper,2023-10-16,2023,10,42,4,17490,1.35,Low
India,Scraper,2023-10-23,2023,10,43,5,36416,1.35,Low
India,Scraper,2023-10-30,2023,10,44,1,1817,1.35,Low
India,Scraper,2023-11-06,2023,11,45,7,35203,1.55,Medium
India,Scraper,2023-11-13,2023,11,46,7,70438,1.55,Medium
India,Scraper,2023-11-20,2023,11,47,3,29204,1.55,Low
India,Scraper,2023-11-27,2023,11,48,3,8894,1.55,Low
India,Scraper,2023-12-04,2023,12,49,3,24704,1.5,Low
India,Scraper,2023-12-11,2023,12,50,2,23972,1.5,Low
India,Scraper,2023-12-18,2023,12,51,4,25304,1.5,Low
India,Scraper,2023-12-25,2023,12,52,1,4627,1.5,Low
India,Scraper,2024-01-01,2024,1,1,4,17119,1.35,Low
India,Scraper,2024-01-08,2024,1,2,2,7660,1.35,Low
India,Scraper,2024-01-15,2024,1,3,9,46263,1.35,Medium
India,Scraper,2024-01-22,2024,1,4,12,79550,1.35,Medium
India,Scraper,2024-01-29,2024,1,5,4,12272,1.35,Low
India,Scraper,2024-02-05,2024,2,6,2,4677,1.45,Low
India,Scraper,2024-02-12,2024,2,7,6,37608,1.45,Medium
India,Scraper,2024-02-19,2024,2,8,11,57466,1.45,Medium
India,Scraper,2024-02-26,2024,2,9,3,18773,1.45,Low
India,Scraper,2024-03-04,2024,3,10,6,32433,1.55,Medium
India,Scraper,2024-03-11,2024,3,11,5,26696,1.55,Low
India,Scraper,2024-03-18,2024,3,12,7,59738,1.55,Medium
India,Scraper,2024-03-25,2024,3,13,2,21609,1.55,Low
India,Scraper,2024-04-01,2024,4,14,4,20163,1.35,Low
India,Scraper,2024-04-08,2024,4,15,7,34047,1.35,Medium
India,Scraper,2024-04-15,2024,4,16,9,44615,1.35,Medium
India,Scraper,2024-04-22,2024,4,17,13,69022,1.35,Medium
India,Scraper,2024-04-29,2024,4,18,5,33204,1.35,Low
India,Scraper,2024-05-06,2024,5,19,1,14160,1.0,Low
India,Scraper,2024-05-13,2024,5,20,3,25102,1.0,Low
India,Scraper,2024-05-20,2024,5,21,7,33379,1.0,Medium
India,Scraper,2024-05-27,2024,5,22,5,23123,1.0,Low
India,Scraper,2024-06-10,2024,6,24,3,11356,0.45,Low
India,Scraper,2024-06-17,2024,6,25,1,4306,0.45,Low
India,Scraper,2024-06-24,2024,6,26,1,1824,0.45,Low
India,Scraper,2024-07-01,2024,7,27,2,28325,0.3,Low
India,Scraper,2024-07-08,2024,7,28,1,6859,0.3,Low
India,Scraper,2024-07-15,2024,7,29,1,10476,0.3,Low
India,Scraper,2024-08-05,2024,8,32,1,5253,0.3,Low
India,Scraper,2024-08-12,2024,8,33,1,6655,0.3,Low
India,Scraper,2024-09-02,2024,9,36,1,5868,0.5,Low
India,Scraper,2024-09-09,2024,9,37,2,14977,0.5,Low
India,Scraper,2024-09-16,2024,9,38,2,25275,0.5,Low
India,Scraper,2024-09-30,2024,9,40,6,24211,0.5,Medium
India,Scraper,2024-10-07,2024,10,41,5,46599,1.35,Low
India,Scraper,2024-10-14,2024,10,42,3,10441,1.35,Low
India,Scraper,2024-10-21,2024,10,43,4,41090,1.35,Low
India,Scraper,2024-10-28,2024,10,44,2,17168,1.35,Low
India,Scraper,2024-11-04,2024,11,45,3,24669,1.55,Low
India,Scraper,2024-11-11,2024,11,46,2,7403,1.55,Low
India,Scraper,2024-11-18,2024,11,47,4,20997,1.55,Low
India,Scraper,2024-11-25,2024,11,48,3,22349,1.55,Low
India,Scraper,2024-12-02,2024,12,49,2,24625,1.5,Low
India,Scraper,2024-12-09,2024,12,50,5,32432,1.5,Low
India,Scraper,2024-12-16,2024,12,51,5,16644,1.5,Low
India,Scraper,2024-12-23,2024,12,52,6,37396,1.5,Medium
India,Scraper,2024-12-30,2024,12,1,5,20077,1.5,Low
India,Scraper,2025-01-06,2025,1,2,8,36968,1.35,Medium
India,Scraper,2025-01-13,2025,1,3,7,30201,1.35,Medium
India,Scraper,2025-01-20,2025,1,4,8,63450,1.35,Medium
India,Scraper,2025-01-27,2025,1,5,6,51864,1.35,Medium
India,Scraper,2025-02-03,2025,2,6,7,36436,1.45,Medium
India,Scraper,2025-02-10,2025,2,7,8,42891,1.45,Medium
India,Scraper,2025-02-17,2025,2,8,4,27965,1.45,Low
India,Scraper,2025-02-24,2025,2,9,10,46636,1.45,Medium
India,Scraper,2025-03-03,2025,3,10,2,9193,1.55,Low
India,Scraper,2025-03-10,2025,3,11,6,36849,1.55,Medium
India,Scraper,2025-03-17,2025,3,12,6,50782,1.55,Medium
India,Scraper,2025-03-24,2025,3,13,9,65380,1.55,Medium
India,Scraper,2025-03-31,2025,3,14,3,20599,1.55,Low
India,Scraper,2025-04-07,2025,4,15,10,63663,1.35,Medium
India,Scraper,2025-04-14,2025,4,16,4,11554,1.35,Low
India,Scraper,2025-04-21,2025,4,17,10,84565,1.35,Medium
India,Scraper,2025-04-28,2025,4,18,4,30979,1.35,Low
India,Scraper,2025-05-05,2025,5,19,3,33959,1.0,Low
India,Scraper,2025-05-12,2025,5,20,3,11101,1.0,Low
India,Scraper,2025-05-19,2025,5,21,1,1766,1.0,Low
India,Scraper,2025-05-26,2025,5,22,2,19107,1.0,Low
India,Scraper,2025-06-02,2025,6,23,1,8987,0.45,Low
India,Scraper,2025-06-09,2025,6,24,3,13948,0.45,Low
India,Scraper,2025-06-16,2025,6,25,6,40137,0.45,Medium
India,Scraper,2025-06-23,2025,6,26,2,15652,0.45,Low
India,Scraper,2025-06-30,2025,6,27,2,22096,0.45,Low
India,Scraper,2025-07-07,2025,7,28,1,11779,0.3,Low
India,Scraper,2025-07-14,2025,7,29,1,3090,0.3,Low
India,Scraper,2025-07-21,2025,7,30,3,22273,0.3,Low
India,Scraper,2025-07-28,2025,7,31,2,9191,0.3,Low
India,Scraper,2025-08-25,2025,8,35,3,9011,0.3,Low
India,Scraper,2025-09-01,2025,9,36,2,15504,0.5,Low
India,Scraper,2025-09-15,2025,9,38,3,16795,0.5,Low
India,Scraper,2025-09-22,2025,9,39,1,3964,0.5,Low
India,Scraper,2025-09-29,2025,9,40,3,17879,0.5,Low
India,Scraper,2025-10-06,2025,10,41,4,21752,1.35,Low
India,Scraper,2025-10-13,2025,10,42,5,21842,1.35,Low
India,Scraper,2025-10-20,2025,10,43,5,24858,1.35,Low
India,Scraper,2025-10-27,2025,10,44,1,7477,1.35,Low
India,Scraper,2025-11-03,2025,11,45,3,45194,1.55,Low
India,Scraper,2025-11-10,2025,11,46,2,5729,1.55,Low
India,Scraper,2025-11-17,2025,11,47,2,12749,1.55,Low
India,Scraper,2025-11-24,2025,11,48,4,28314,1.55,Low
India,Scraper,2025-12-01,2025,12,49,2,14717,1.5,Low
India,Scraper,2025-12-08,2025,12,50,3,28091,1.5,Low
India,Scraper,2025-12-15,2025,12,51,8,59209,1.5,Medium
India,Scraper,2025-12-29,2025,12,1,3,24189,1.5,Low
India,Scraper,2026-01-05,2026,1,2,4,19955,1.35,Low
India,Scraper,2026-01-12,2026,1,3,7,43431,1.35,Medium
India,Scraper,2026-01-19,2026,1,4,8,44250,1.35,Medium
India,Scraper,2026-01-26,2026,1,5,7,46894,1.35,Medium
India,Scraper,2026-02-02,2026,2,6,9,67646,1.45,Medium
India,Scraper,2026-02-09,2026,2,7,6,62059,1.45,Medium
India,Scraper,2026-02-16,2026,2,8,5,32322,1.45,Low
India,Scraper,2026-02-23,2026,2,9,4,39889,1.45,Low
India,Scraper,2026-03-02,2026,3,10,5,33266,1.55,Low
India,Scraper,2026-03-09,2026,3,11,8,51380,1.55,Medium
India,Scraper,2026-03-16,2026,3,12,5,30731,1.55,Low
India,Scraper,2026-03-23,2026,3,13,2,9100,1.55,Low
India,Scraper,2026-03-30,2026,3,14,7,59695,1.55,Medium
India,Scraper,2026-04-06,2026,4,15,6,30687,1.35,Medium
India,Scraper,2026-04-13,2026,4,16,2,3993,1.35,Low
India,Scraper,2026-04-20,2026,4,17,6,42927,1.35,Medium
India,Scraper,2026-04-27,2026,4,18,6,30959,1.35,Medium
India,Scraper,2026-05-04,2026,5,19,7,41072,1.0,Medium
India,Scraper,2026-05-11,2026,5,20,7,42368,1.0,Medium
India,Scraper,2026-05-18,2026,5,21,6,46688,1.0,Medium
India,Scraper,2026-05-25,2026,5,22,6,28345,1.0,Medium
India,Scraper,2026-06-01,2026,6,23,2,21690,0.45,Low
India,Scraper,2026-06-08,2026,6,24,1,3425,0.45,Low
India,Scraper,2026-06-15,2026,6,25,1,7895,0.45,Low
India,Scraper,2026-06-22,2026,6,26,3,23245,0.45,Low
India,Skid Steer Loader,2022-12-26,2022,12,52,2,5019,1.3,Low
India,Skid Steer Loader,2023-01-02,2023,1,1,3,6873,1.2,Low
India,Skid Steer Loader,2023-01-09,2023,1,2,7,15888,1.2,Medium
India,Skid Steer Loader,2023-01-16,2023,1,3,4,4706,1.2,Low
India,Skid Steer Loader,2023-01-23,2023,1,4,5,8640,1.2,Low
India,Skid Steer Loader,2023-01-30,2023,1,5,11,15713,1.2,Medium
India,Skid Steer Loader,2023-02-06,2023,2,6,9,21137,1.3,Medium
India,Skid Steer Loader,2023-02-13,2023,2,7,4,6426,1.3,Low
India,Skid Steer Loader,2023-02-20,2023,2,8,10,14196,1.3,Medium
India,Skid Steer Loader,2023-02-27,2023,2,9,10,18127,1.3,Medium
India,Skid Steer Loader,2023-03-06,2023,3,10,9,14104,1.35,Medium
India,Skid Steer Loader,2023-03-13,2023,3,11,10,16119,1.35,Medium
India,Skid Steer Loader,2023-03-20,2023,3,12,6,4910,1.35,Medium
India,Skid Steer Loader,2023-03-27,2023,3,13,7,14511,1.35,Medium
India,Skid Steer Loader,2023-04-03,2023,4,14,10,13802,1.25,Medium
India,Skid Steer Loader,2023-04-10,2023,4,15,8,13879,1.25,Medium
India,Skid Steer Loader,2023-04-17,2023,4,16,8,9562,1.25,Medium
India,Skid Steer Loader,2023-04-24,2023,4,17,7,4361,1.25,Medium
India,Skid Steer Loader,2023-05-01,2023,5,18,2,3890,1.0,Low
India,Skid Steer Loader,2023-05-08,2023,5,19,5,4712,1.0,Low
India,Skid Steer Loader,2023-05-15,2023,5,20,5,8086,1.0,Low
India,Skid Steer Loader,2023-05-22,2023,5,21,6,12215,1.0,Medium
India,Skid Steer Loader,2023-05-29,2023,5,22,6,9571,1.0,Medium
India,Skid Steer Loader,2023-06-05,2023,6,23,5,7389,0.6,Low
India,Skid Steer Loader,2023-06-12,2023,6,24,3,6784,0.6,Low
India,Skid Steer Loader,2023-06-19,2023,6,25,2,6828,0.6,Low
India,Skid Steer Loader,2023-06-26,2023,6,26,3,8133,0.6,Low
India,Skid Steer Loader,2023-07-03,2023,7,27,2,3634,0.4,Low
India,Skid Steer Loader,2023-07-10,2023,7,28,5,7881,0.4,Low
India,Skid Steer Loader,2023-07-17,2023,7,29,2,3210,0.4,Low
India,Skid Steer Loader,2023-07-31,2023,7,31,1,2486,0.4,Low
India,Skid Steer Loader,2023-08-07,2023,8,32,2,1325,0.4,Low
India,Skid Steer Loader,2023-08-14,2023,8,33,3,3502,0.4,Low
India,Skid Steer Loader,2023-08-21,2023,8,34,2,4336,0.4,Low
India,Skid Steer Loader,2023-08-28,2023,8,35,3,2404,0.4,Low
India,Skid Steer Loader,2023-09-04,2023,9,36,3,4910,0.6,Low
India,Skid Steer Loader,2023-09-11,2023,9,37,3,5810,0.6,Low
India,Skid Steer Loader,2023-09-25,2023,9,39,4,7141,0.6,Low
India,Skid Steer Loader,2023-10-02,2023,10,40,6,7913,1.2,Medium
India,Skid Steer Loader,2023-10-09,2023,10,41,7,14272,1.2,Medium
India,Skid Steer Loader,2023-10-16,2023,10,42,4,3987,1.2,Low
India,Skid Steer Loader,2023-10-23,2023,10,43,5,8626,1.2,Low
India,Skid Steer Loader,2023-10-30,2023,10,44,4,5441,1.2,Low
India,Skid Steer Loader,2023-11-06,2023,11,45,6,11331,1.35,Medium
India,Skid Steer Loader,2023-11-13,2023,11,46,7,8225,1.35,Medium
India,Skid Steer Loader,2023-11-20,2023,11,47,5,5241,1.35,Low
India,Skid Steer Loader,2023-11-27,2023,11,48,3,4308,1.35,Low
India,Skid Steer Loader,2023-12-04,2023,12,49,10,14538,1.3,Medium
India,Skid Steer Loader,2023-12-11,2023,12,50,3,4055,1.3,Low
India,Skid Steer Loader,2023-12-18,2023,12,51,7,8533,1.3,Medium
India,Skid Steer Loader,2023-12-25,2023,12,52,5,5227,1.3,Low
India,Skid Steer Loader,2024-01-01,2024,1,1,8,9805,1.2,Medium
India,Skid Steer Loader,2024-01-08,2024,1,2,9,16967,1.2,Medium
India,Skid Steer Loader,2024-01-15,2024,1,3,8,10135,1.2,Medium
India,Skid Steer Loader,2024-01-22,2024,1,4,10,14548,1.2,Medium
India,Skid Steer Loader,2024-01-29,2024,1,5,10,7756,1.2,Medium
India,Skid Steer Loader,2024-02-05,2024,2,6,7,10129,1.3,Medium
India,Skid Steer Loader,2024-02-12,2024,2,7,10,14468,1.3,Medium
India,Skid Steer Loader,2024-02-19,2024,2,8,9,19660,1.3,Medium
India,Skid Steer Loader,2024-02-26,2024,2,9,9,16569,1.3,Medium
India,Skid Steer Loader,2024-03-04,2024,3,10,4,11698,1.35,Low
India,Skid Steer Loader,2024-03-11,2024,3,11,14,23506,1.35,Medium
India,Skid Steer Loader,2024-03-18,2024,3,12,7,8077,1.35,Medium
India,Skid Steer Loader,2024-03-25,2024,3,13,10,13119,1.35,Medium
India,Skid Steer Loader,2024-04-01,2024,4,14,10,11501,1.25,Medium
India,Skid Steer Loader,2024-04-08,2024,4,15,6,12223,1.25,Medium
India,Skid Steer Loader,2024-04-15,2024,4,16,9,17323,1.25,Medium
India,Skid Steer Loader,2024-04-22,2024,4,17,6,17555,1.25,Medium
India,Skid Steer Loader,2024-04-29,2024,4,18,1,2774,1.25,Low
India,Skid Steer Loader,2024-05-06,2024,5,19,7,7221,1.0,Medium
India,Skid Steer Loader,2024-05-13,2024,5,20,6,6242,1.0,Medium
India,Skid Steer Loader,2024-05-20,2024,5,21,7,16042,1.0,Medium
India,Skid Steer Loader,2024-05-27,2024,5,22,7,6606,1.0,Medium
India,Skid Steer Loader,2024-06-03,2024,6,23,4,5154,0.6,Low
India,Skid Steer Loader,2024-06-10,2024,6,24,7,19756,0.6,Medium
India,Skid Steer Loader,2024-06-17,2024,6,25,4,6577,0.6,Low
India,Skid Steer Loader,2024-06-24,2024,6,26,4,6239,0.6,Low
India,Skid Steer Loader,2024-07-01,2024,7,27,1,2593,0.4,Low
India,Skid Steer Loader,2024-07-08,2024,7,28,3,9983,0.4,Low
India,Skid Steer Loader,2024-07-15,2024,7,29,2,3062,0.4,Low
India,Skid Steer Loader,2024-07-22,2024,7,30,3,3462,0.4,Low
India,Skid Steer Loader,2024-07-29,2024,7,31,1,1732,0.4,Low
India,Skid Steer Loader,2024-08-12,2024,8,33,3,1528,0.4,Low
India,Skid Steer Loader,2024-08-19,2024,8,34,2,1215,0.4,Low
India,Skid Steer Loader,2024-08-26,2024,8,35,2,2699,0.4,Low
India,Skid Steer Loader,2024-09-02,2024,9,36,3,7454,0.6,Low
India,Skid Steer Loader,2024-09-09,2024,9,37,3,6838,0.6,Low
India,Skid Steer Loader,2024-09-16,2024,9,38,5,8450,0.6,Low
India,Skid Steer Loader,2024-09-23,2024,9,39,2,1064,0.6,Low
India,Skid Steer Loader,2024-09-30,2024,9,40,6,11725,0.6,Medium
India,Skid Steer Loader,2024-10-07,2024,10,41,8,12724,1.2,Medium
India,Skid Steer Loader,2024-10-14,2024,10,42,3,6934,1.2,Low
India,Skid Steer Loader,2024-10-21,2024,10,43,3,3567,1.2,Low
India,Skid Steer Loader,2024-10-28,2024,10,44,5,8290,1.2,Low
India,Skid Steer Loader,2024-11-11,2024,11,46,5,12815,1.35,Low
India,Skid Steer Loader,2024-11-18,2024,11,47,3,5621,1.35,Low
India,Skid Steer Loader,2024-11-25,2024,11,48,5,9170,1.35,Low
India,Skid Steer Loader,2024-12-02,2024,12,49,3,2708,1.3,Low
India,Skid Steer Loader,2024-12-09,2024,12,50,6,6552,1.3,Medium
India,Skid Steer Loader,2024-12-16,2024,12,51,8,10621,1.3,Medium
India,Skid Steer Loader,2024-12-23,2024,12,52,6,9508,1.3,Medium
India,Skid Steer Loader,2024-12-30,2024,12,1,8,6783,1.3,Medium
India,Skid Steer Loader,2025-01-06,2025,1,2,8,11820,1.2,Medium
India,Skid Steer Loader,2025-01-13,2025,1,3,4,7514,1.2,Low
India,Skid Steer Loader,2025-01-20,2025,1,4,6,7501,1.2,Medium
India,Skid Steer Loader,2025-01-27,2025,1,5,11,17752,1.2,Medium
India,Skid Steer Loader,2025-02-03,2025,2,6,7,8760,1.3,Medium
India,Skid Steer Loader,2025-02-10,2025,2,7,5,8686,1.3,Low
India,Skid Steer Loader,2025-02-17,2025,2,8,6,6004,1.3,Medium
India,Skid Steer Loader,2025-02-24,2025,2,9,10,20603,1.3,Medium
India,Skid Steer Loader,2025-03-03,2025,3,10,8,11721,1.35,Medium
India,Skid Steer Loader,2025-03-10,2025,3,11,8,18329,1.35,Medium
India,Skid Steer Loader,2025-03-17,2025,3,12,5,10672,1.35,Low
India,Skid Steer Loader,2025-03-24,2025,3,13,5,8562,1.35,Low
India,Skid Steer Loader,2025-03-31,2025,3,14,4,7093,1.35,Low
India,Skid Steer Loader,2025-04-07,2025,4,15,3,5192,1.25,Low
India,Skid Steer Loader,2025-04-14,2025,4,16,6,4648,1.25,Medium
India,Skid Steer Loader,2025-04-21,2025,4,17,6,6113,1.25,Medium
India,Skid Steer Loader,2025-04-28,2025,4,18,10,16320,1.25,Medium
India,Skid Steer Loader,2025-05-05,2025,5,19,5,8945,1.0,Low
India,Skid Steer Loader,2025-05-12,2025,5,20,7,13528,1.0,Medium
India,Skid Steer Loader,2025-05-19,2025,5,21,5,10409,1.0,Low
India,Skid Steer Loader,2025-05-26,2025,5,22,2,1412,1.0,Low
India,Skid Steer Loader,2025-06-02,2025,6,23,3,2052,0.6,Low
India,Skid Steer Loader,2025-06-09,2025,6,24,4,7916,0.6,Low
India,Skid Steer Loader,2025-06-16,2025,6,25,1,2097,0.6,Low
India,Skid Steer Loader,2025-06-23,2025,6,26,1,5443,0.6,Low
India,Skid Steer Loader,2025-06-30,2025,6,27,4,4926,0.6,Low
India,Skid Steer Loader,2025-07-07,2025,7,28,4,7794,0.4,Low
India,Skid Steer Loader,2025-07-14,2025,7,29,2,3498,0.4,Low
India,Skid Steer Loader,2025-07-21,2025,7,30,2,6495,0.4,Low
India,Skid Steer Loader,2025-07-28,2025,7,31,4,8764,0.4,Low
India,Skid Steer Loader,2025-08-18,2025,8,34,3,7611,0.4,Low
India,Skid Steer Loader,2025-08-25,2025,8,35,3,3280,0.4,Low
India,Skid Steer Loader,2025-09-01,2025,9,36,3,6431,0.6,Low
India,Skid Steer Loader,2025-09-08,2025,9,37,4,6247,0.6,Low
India,Skid Steer Loader,2025-09-15,2025,9,38,2,1358,0.6,Low
India,Skid Steer Loader,2025-09-22,2025,9,39,2,4578,0.6,Low
India,Skid Steer Loader,2025-09-29,2025,9,40,3,5839,0.6,Low
India,Skid Steer Loader,2025-10-06,2025,10,41,5,6762,1.2,Low
India,Skid Steer Loader,2025-10-13,2025,10,42,2,613,1.2,Low
India,Skid Steer Loader,2025-10-20,2025,10,43,6,6985,1.2,Medium
India,Skid Steer Loader,2025-10-27,2025,10,44,7,13864,1.2,Medium
India,Skid Steer Loader,2025-11-03,2025,11,45,5,4411,1.35,Low
India,Skid Steer Loader,2025-11-10,2025,11,46,6,11576,1.35,Medium
India,Skid Steer Loader,2025-11-17,2025,11,47,4,5746,1.35,Low
India,Skid Steer Loader,2025-11-24,2025,11,48,8,9322,1.35,Medium
India,Skid Steer Loader,2025-12-01,2025,12,49,7,8357,1.3,Medium
India,Skid Steer Loader,2025-12-08,2025,12,50,11,12800,1.3,Medium
India,Skid Steer Loader,2025-12-15,2025,12,51,8,19190,1.3,Medium
India,Skid Steer Loader,2025-12-22,2025,12,52,6,10491,1.3,Medium
India,Skid Steer Loader,2025-12-29,2025,12,1,12,23115,1.3,Medium
India,Skid Steer Loader,2026-01-05,2026,1,2,11,17926,1.2,Medium
India,Skid Steer Loader,2026-01-12,2026,1,3,3,7568,1.2,Low
India,Skid Steer Loader,2026-01-19,2026,1,4,11,18856,1.2,Medium
India,Skid Steer Loader,2026-01-26,2026,1,5,6,8494,1.2,Medium
India,Skid Steer Loader,2026-02-02,2026,2,6,7,12252,1.3,Medium
India,Skid Steer Loader,2026-02-09,2026,2,7,11,22630,1.3,Medium
India,Skid Steer Loader,2026-02-16,2026,2,8,10,18045,1.3,Medium
India,Skid Steer Loader,2026-02-23,2026,2,9,6,9238,1.3,Medium
India,Skid Steer Loader,2026-03-02,2026,3,10,6,9185,1.35,Medium
India,Skid Steer Loader,2026-03-09,2026,3,11,9,13530,1.35,Medium
India,Skid Steer Loader,2026-03-16,2026,3,12,6,7518,1.35,Medium
India,Skid Steer Loader,2026-03-23,2026,3,13,8,9965,1.35,Medium
India,Skid Steer Loader,2026-03-30,2026,3,14,7,10017,1.35,Medium
India,Skid Steer Loader,2026-04-06,2026,4,15,5,4989,1.25,Low
India,Skid Steer Loader,2026-04-13,2026,4,16,8,12753,1.25,Medium
India,Skid Steer Loader,2026-04-20,2026,4,17,5,8793,1.25,Low
India,Skid Steer Loader,2026-04-27,2026,4,18,6,9496,1.25,Medium
India,Skid Steer Loader,2026-05-04,2026,5,19,4,8670,1.0,Low
India,Skid Steer Loader,2026-05-11,2026,5,20,5,5435,1.0,Low
India,Skid Steer Loader,2026-05-18,2026,5,21,5,6723,1.0,Low
India,Skid Steer Loader,2026-05-25,2026,5,22,8,16303,1.0,Medium
India,Skid Steer Loader,2026-06-01,2026,6,23,3,3239,0.6,Low
India,Skid Steer Loader,2026-06-08,2026,6,24,2,4832,0.6,Low
India,Skid Steer Loader,2026-06-15,2026,6,25,3,8191,0.6,Low
India,Skid Steer Loader,2026-06-22,2026,6,26,1,3591,0.6,Low
India,Wheel Loader,2022-12-26,2022,12,52,1,2601,1.5,Low
India,Wheel Loader,2023-01-02,2023,1,1,10,52040,1.3,Medium
India,Wheel Loader,2023-01-09,2023,1,2,11,60510,1.3,Medium
India,Wheel Loader,2023-01-16,2023,1,3,6,18095,1.3,Medium
India,Wheel Loader,2023-01-23,2023,1,4,9,32314,1.3,Medium
India,Wheel Loader,2023-01-30,2023,1,5,5,21009,1.3,Low
India,Wheel Loader,2023-02-06,2023,2,6,7,27105,1.4,Medium
India,Wheel Loader,2023-02-13,2023,2,7,10,31225,1.4,Medium
India,Wheel Loader,2023-02-20,2023,2,8,13,45445,1.4,Medium
India,Wheel Loader,2023-02-27,2023,2,9,7,29235,1.4,Medium
India,Wheel Loader,2023-03-06,2023,3,10,9,27055,1.5,Medium
India,Wheel Loader,2023-03-13,2023,3,11,9,30754,1.5,Medium
India,Wheel Loader,2023-03-20,2023,3,12,7,39917,1.5,Medium
India,Wheel Loader,2023-03-27,2023,3,13,11,43430,1.5,Medium
India,Wheel Loader,2023-04-03,2023,4,14,7,14116,1.3,Medium
India,Wheel Loader,2023-04-10,2023,4,15,8,28682,1.3,Medium
India,Wheel Loader,2023-04-17,2023,4,16,9,36611,1.3,Medium
India,Wheel Loader,2023-04-24,2023,4,17,8,40070,1.3,Medium
India,Wheel Loader,2023-05-01,2023,5,18,7,25791,1.0,Medium
India,Wheel Loader,2023-05-08,2023,5,19,9,51535,1.0,Medium
India,Wheel Loader,2023-05-15,2023,5,20,4,19923,1.0,Low
India,Wheel Loader,2023-05-22,2023,5,21,8,50852,1.0,Medium
India,Wheel Loader,2023-06-05,2023,6,23,1,651,0.55,Low
India,Wheel Loader,2023-06-12,2023,6,24,2,5488,0.55,Low
India,Wheel Loader,2023-06-19,2023,6,25,2,8964,0.55,Low
India,Wheel Loader,2023-06-26,2023,6,26,4,7580,0.55,Low
India,Wheel Loader,2023-07-03,2023,7,27,2,3547,0.4,Low
India,Wheel Loader,2023-07-10,2023,7,28,4,7348,0.4,Low
India,Wheel Loader,2023-07-24,2023,7,30,5,18476,0.4,Low
India,Wheel Loader,2023-07-31,2023,7,31,3,16285,0.4,Low
India,Wheel Loader,2023-08-07,2023,8,32,2,14174,0.4,Low
India,Wheel Loader,2023-08-14,2023,8,33,1,1662,0.4,Low
India,Wheel Loader,2023-08-21,2023,8,34,2,8668,0.4,Low
India,Wheel Loader,2023-08-28,2023,8,35,3,15140,0.4,Low
India,Wheel Loader,2023-09-04,2023,9,36,1,1239,0.6,Low
India,Wheel Loader,2023-09-11,2023,9,37,3,12590,0.6,Low
India,Wheel Loader,2023-09-18,2023,9,38,2,5368,0.6,Low
India,Wheel Loader,2023-09-25,2023,9,39,3,10671,0.6,Low
India,Wheel Loader,2023-10-02,2023,10,40,3,4439,1.3,Low
India,Wheel Loader,2023-10-09,2023,10,41,6,31186,1.3,Medium
India,Wheel Loader,2023-10-16,2023,10,42,7,32557,1.3,Medium
India,Wheel Loader,2023-10-23,2023,10,43,3,14320,1.3,Low
India,Wheel Loader,2023-10-30,2023,10,44,4,37102,1.3,Low
India,Wheel Loader,2023-11-06,2023,11,45,6,19666,1.5,Medium
India,Wheel Loader,2023-11-13,2023,11,46,3,12505,1.5,Low
India,Wheel Loader,2023-11-20,2023,11,47,6,13841,1.5,Medium
India,Wheel Loader,2023-11-27,2023,11,48,8,25438,1.5,Medium
India,Wheel Loader,2023-12-04,2023,12,49,5,15143,1.5,Low
India,Wheel Loader,2023-12-11,2023,12,50,9,46458,1.5,Medium
India,Wheel Loader,2023-12-18,2023,12,51,5,27060,1.5,Low
India,Wheel Loader,2023-12-25,2023,12,52,9,29892,1.5,Medium
India,Wheel Loader,2024-01-01,2024,1,1,6,20624,1.3,Medium
India,Wheel Loader,2024-01-08,2024,1,2,9,39641,1.3,Medium
India,Wheel Loader,2024-01-15,2024,1,3,8,38012,1.3,Medium
India,Wheel Loader,2024-01-22,2024,1,4,5,10912,1.3,Low
India,Wheel Loader,2024-01-29,2024,1,5,9,33835,1.3,Medium
India,Wheel Loader,2024-02-05,2024,2,6,10,51124,1.4,Medium
India,Wheel Loader,2024-02-12,2024,2,7,4,8831,1.4,Low
India,Wheel Loader,2024-02-19,2024,2,8,6,18972,1.4,Medium
India,Wheel Loader,2024-02-26,2024,2,9,7,21995,1.4,Medium
India,Wheel Loader,2024-03-04,2024,3,10,11,57323,1.5,Medium
India,Wheel Loader,2024-03-11,2024,3,11,8,58792,1.5,Medium
India,Wheel Loader,2024-03-18,2024,3,12,10,31592,1.5,Medium
India,Wheel Loader,2024-03-25,2024,3,13,5,15096,1.5,Low
India,Wheel Loader,2024-04-01,2024,4,14,9,17804,1.3,Medium
India,Wheel Loader,2024-04-08,2024,4,15,8,30025,1.3,Medium
India,Wheel Loader,2024-04-15,2024,4,16,6,26429,1.3,Medium
India,Wheel Loader,2024-04-22,2024,4,17,7,20545,1.3,Medium
India,Wheel Loader,2024-04-29,2024,4,18,5,25293,1.3,Low
India,Wheel Loader,2024-05-06,2024,5,19,3,9916,1.0,Low
India,Wheel Loader,2024-05-13,2024,5,20,6,27393,1.0,Medium
India,Wheel Loader,2024-05-20,2024,5,21,10,44023,1.0,Medium
India,Wheel Loader,2024-05-27,2024,5,22,4,23254,1.0,Low
India,Wheel Loader,2024-06-03,2024,6,23,2,4276,0.55,Low
India,Wheel Loader,2024-06-10,2024,6,24,6,31505,0.55,Medium
India,Wheel Loader,2024-06-17,2024,6,25,4,17996,0.55,Low
India,Wheel Loader,2024-07-08,2024,7,28,3,6381,0.4,Low
India,Wheel Loader,2024-07-15,2024,7,29,4,15990,0.4,Low
India,Wheel Loader,2024-07-22,2024,7,30,5,9982,0.4,Low
India,Wheel Loader,2024-07-29,2024,7,31,5,16277,0.4,Low
India,Wheel Loader,2024-08-05,2024,8,32,2,7735,0.4,Low
India,Wheel Loader,2024-08-12,2024,8,33,2,11307,0.4,Low
India,Wheel Loader,2024-08-26,2024,8,35,1,2505,0.4,Low
India,Wheel Loader,2024-09-02,2024,9,36,2,10846,0.6,Low
India,Wheel Loader,2024-09-09,2024,9,37,2,5130,0.6,Low
India,Wheel Loader,2024-09-16,2024,9,38,2,19304,0.6,Low
India,Wheel Loader,2024-09-23,2024,9,39,2,7575,0.6,Low
India,Wheel Loader,2024-09-30,2024,9,40,4,14825,0.6,Low
India,Wheel Loader,2024-10-07,2024,10,41,8,36187,1.3,Medium
India,Wheel Loader,2024-10-14,2024,10,42,8,29667,1.3,Medium
India,Wheel Loader,2024-10-21,2024,10,43,6,20770,1.3,Medium
India,Wheel Loader,2024-10-28,2024,10,44,5,10699,1.3,Low
India,Wheel Loader,2024-11-04,2024,11,45,7,17583,1.5,Medium
India,Wheel Loader,2024-11-11,2024,11,46,5,8920,1.5,Low
India,Wheel Loader,2024-11-18,2024,11,47,5,19971,1.5,Low
India,Wheel Loader,2024-11-25,2024,11,48,3,10954,1.5,Low
India,Wheel Loader,2024-12-02,2024,12,49,4,10000,1.5,Low
India,Wheel Loader,2024-12-09,2024,12,50,4,9263,1.5,Low
India,Wheel Loader,2024-12-16,2024,12,51,3,19536,1.5,Low
India,Wheel Loader,2024-12-23,2024,12,52,8,40021,1.5,Medium
India,Wheel Loader,2024-12-30,2024,12,1,8,47200,1.5,Medium
India,Wheel Loader,2025-01-06,2025,1,2,6,48432,1.3,Medium
India,Wheel Loader,2025-01-13,2025,1,3,8,39123,1.3,Medium
India,Wheel Loader,2025-01-20,2025,1,4,5,17430,1.3,Low
India,Wheel Loader,2025-01-27,2025,1,5,5,14814,1.3,Low
India,Wheel Loader,2025-02-03,2025,2,6,9,35952,1.4,Medium
India,Wheel Loader,2025-02-10,2025,2,7,12,44836,1.4,Medium
India,Wheel Loader,2025-02-17,2025,2,8,10,35293,1.4,Medium
India,Wheel Loader,2025-02-24,2025,2,9,8,34572,1.4,Medium
India,Wheel Loader,2025-03-03,2025,3,10,8,20760,1.5,Medium
India,Wheel Loader,2025-03-10,2025,3,11,10,59130,1.5,Medium
India,Wheel Loader,2025-03-17,2025,3,12,8,30413,1.5,Medium
India,Wheel Loader,2025-03-24,2025,3,13,9,35737,1.5,Medium
India,Wheel Loader,2025-03-31,2025,3,14,9,36360,1.5,Medium
India,Wheel Loader,2025-04-07,2025,4,15,7,34512,1.3,Medium
India,Wheel Loader,2025-04-14,2025,4,16,8,29050,1.3,Medium
India,Wheel Loader,2025-04-21,2025,4,17,7,26773,1.3,Medium
India,Wheel Loader,2025-04-28,2025,4,18,9,35622,1.3,Medium
India,Wheel Loader,2025-05-05,2025,5,19,6,24652,1.0,Medium
India,Wheel Loader,2025-05-12,2025,5,20,6,38907,1.0,Medium
India,Wheel Loader,2025-05-19,2025,5,21,4,23348,1.0,Low
India,Wheel Loader,2025-05-26,2025,5,22,1,4324,1.0,Low
India,Wheel Loader,2025-06-02,2025,6,23,4,11550,0.55,Low
India,Wheel Loader,2025-06-09,2025,6,24,9,47489,0.55,Medium
India,Wheel Loader,2025-06-16,2025,6,25,3,8071,0.55,Low
India,Wheel Loader,2025-06-23,2025,6,26,6,30153,0.55,Medium
India,Wheel Loader,2025-06-30,2025,6,27,3,4146,0.55,Low
India,Wheel Loader,2025-07-07,2025,7,28,2,8530,0.4,Low
India,Wheel Loader,2025-07-14,2025,7,29,8,37881,0.4,Medium
India,Wheel Loader,2025-08-04,2025,8,32,1,1962,0.4,Low
India,Wheel Loader,2025-08-11,2025,8,33,3,10879,0.4,Low
India,Wheel Loader,2025-08-18,2025,8,34,1,5167,0.4,Low
India,Wheel Loader,2025-09-01,2025,9,36,3,11953,0.6,Low
India,Wheel Loader,2025-09-08,2025,9,37,2,16763,0.6,Low
India,Wheel Loader,2025-09-15,2025,9,38,3,12829,0.6,Low
India,Wheel Loader,2025-09-22,2025,9,39,1,5167,0.6,Low
India,Wheel Loader,2025-09-29,2025,9,40,2,3511,0.6,Low
India,Wheel Loader,2025-10-06,2025,10,41,3,13624,1.3,Low
India,Wheel Loader,2025-10-13,2025,10,42,4,15195,1.3,Low
India,Wheel Loader,2025-10-20,2025,10,43,4,11101,1.3,Low
India,Wheel Loader,2025-10-27,2025,10,44,4,16550,1.3,Low
India,Wheel Loader,2025-11-03,2025,11,45,5,26546,1.5,Low
India,Wheel Loader,2025-11-10,2025,11,46,5,10087,1.5,Low
India,Wheel Loader,2025-11-17,2025,11,47,4,11337,1.5,Low
India,Wheel Loader,2025-11-24,2025,11,48,3,13169,1.5,Low
India,Wheel Loader,2025-12-01,2025,12,49,4,16077,1.5,Low
India,Wheel Loader,2025-12-08,2025,12,50,8,38358,1.5,Medium
India,Wheel Loader,2025-12-15,2025,12,51,3,6295,1.5,Low
India,Wheel Loader,2025-12-22,2025,12,52,6,26062,1.5,Medium
India,Wheel Loader,2025-12-29,2025,12,1,11,39405,1.5,Medium
India,Wheel Loader,2026-01-05,2026,1,2,11,42272,1.3,Medium
India,Wheel Loader,2026-01-12,2026,1,3,10,41241,1.3,Medium
India,Wheel Loader,2026-01-19,2026,1,4,7,27802,1.3,Medium
India,Wheel Loader,2026-01-26,2026,1,5,8,27265,1.3,Medium
India,Wheel Loader,2026-02-02,2026,2,6,14,47289,1.4,Medium
India,Wheel Loader,2026-02-09,2026,2,7,11,59794,1.4,Medium
India,Wheel Loader,2026-02-16,2026,2,8,11,51570,1.4,Medium
India,Wheel Loader,2026-02-23,2026,2,9,6,35566,1.4,Medium
India,Wheel Loader,2026-03-02,2026,3,10,9,29898,1.5,Medium
India,Wheel Loader,2026-03-09,2026,3,11,11,54670,1.5,Medium
India,Wheel Loader,2026-03-16,2026,3,12,8,37877,1.5,Medium
India,Wheel Loader,2026-03-23,2026,3,13,10,47072,1.5,Medium
India,Wheel Loader,2026-03-30,2026,3,14,7,20961,1.5,Medium
India,Wheel Loader,2026-04-06,2026,4,15,5,17606,1.3,Low
India,Wheel Loader,2026-04-13,2026,4,16,5,18461,1.3,Low
India,Wheel Loader,2026-04-20,2026,4,17,12,48476,1.3,Medium
India,Wheel Loader,2026-04-27,2026,4,18,2,12768,1.3,Low
India,Wheel Loader,2026-05-04,2026,5,19,8,37036,1.0,Medium
India,Wheel Loader,2026-05-11,2026,5,20,1,727,1.0,Low
India,Wheel Loader,2026-05-18,2026,5,21,2,9782,1.0,Low
India,Wheel Loader,2026-05-25,2026,5,22,6,27891,1.0,Medium
India,Wheel Loader,2026-06-01,2026,6,23,4,8007,0.55,Low
India,Wheel Loader,2026-06-08,2026,6,24,4,17219,0.55,Low
India,Wheel Loader,2026-06-15,2026,6,25,4,23679,0.55,Low
India,Wheel Loader,2026-06-22,2026,6,26,5,17396,0.55,Low
India,Wheel Loader,2026-06-29,2026,6,27,1,9881,0.55,Low
USA,Backhoe Loader,2023-01-02,2023,1,1,1,11084,0.75,Low
USA,Backhoe Loader,2023-01-30,2023,1,5,1,3478,0.75,Low
USA,Backhoe Loader,2023-02-06,2023,2,6,1,1031,0.8,Low
USA,Backhoe Loader,2023-02-13,2023,2,7,2,13219,0.8,Low
USA,Backhoe Loader,2023-02-20,2023,2,8,3,22704,0.8,Low
USA,Backhoe Loader,2023-02-27,2023,2,9,2,7117,0.8,Low
USA,Backhoe Loader,2023-03-13,2023,3,11,2,4661,1.0,Low
USA,Backhoe Loader,2023-03-20,2023,3,12,1,4860,1.0,Low
USA,Backhoe Loader,2023-03-27,2023,3,13,1,2047,1.0,Low
USA,Backhoe Loader,2023-04-03,2023,4,14,1,6363,1.25,Low
USA,Backhoe Loader,2023-04-10,2023,4,15,4,20099,1.25,Low
USA,Backhoe Loader,2023-04-17,2023,4,16,3,26716,1.25,Low
USA,Backhoe Loader,2023-04-24,2023,4,17,2,6394,1.25,Low
USA,Backhoe Loader,2023-05-01,2023,5,18,2,6469,1.4,Low
USA,Backhoe Loader,2023-05-08,2023,5,19,1,3708,1.4,Low
USA,Backhoe Loader,2023-05-15,2023,5,20,4,15697,1.4,Low
USA,Backhoe Loader,2023-05-22,2023,5,21,3,13816,1.4,Low
USA,Backhoe Loader,2023-05-29,2023,5,22,6,17532,1.4,Medium
USA,Backhoe Loader,2023-06-05,2023,6,23,1,6798,1.5,Low
USA,Backhoe Loader,2023-06-12,2023,6,24,6,22063,1.5,Medium
USA,Backhoe Loader,2023-06-19,2023,6,25,2,5616,1.5,Low
USA,Backhoe Loader,2023-06-26,2023,6,26,6,23482,1.5,Medium
USA,Backhoe Loader,2023-07-03,2023,7,27,3,17035,1.45,Low
USA,Backhoe Loader,2023-07-10,2023,7,28,1,2560,1.45,Low
USA,Backhoe Loader,2023-07-17,2023,7,29,1,2915,1.45,Low
USA,Backhoe Loader,2023-07-24,2023,7,30,8,27213,1.45,Medium
USA,Backhoe Loader,2023-07-31,2023,7,31,5,34353,1.45,Low
USA,Backhoe Loader,2023-08-07,2023,8,32,3,13714,1.4,Low
USA,Backhoe Loader,2023-08-14,2023,8,33,2,3855,1.4,Low
USA,Backhoe Loader,2023-08-21,2023,8,34,2,3767,1.4,Low
USA,Backhoe Loader,2023-08-28,2023,8,35,2,23042,1.4,Low
USA,Backhoe Loader,2023-09-04,2023,9,36,4,16504,1.35,Low
USA,Backhoe Loader,2023-09-11,2023,9,37,5,18997,1.35,Low
USA,Backhoe Loader,2023-09-18,2023,9,38,1,3825,1.35,Low
USA,Backhoe Loader,2023-09-25,2023,9,39,2,10233,1.35,Low
USA,Backhoe Loader,2023-10-02,2023,10,40,3,12805,1.25,Low
USA,Backhoe Loader,2023-10-09,2023,10,41,4,24549,1.25,Low
USA,Backhoe Loader,2023-10-16,2023,10,42,3,15923,1.25,Low
USA,Backhoe Loader,2023-10-23,2023,10,43,1,2009,1.25,Low
USA,Backhoe Loader,2023-10-30,2023,10,44,2,3432,1.25,Low
USA,Backhoe Loader,2023-11-06,2023,11,45,2,7549,1.0,Low
USA,Backhoe Loader,2023-11-13,2023,11,46,3,12158,1.0,Low
USA,Backhoe Loader,2023-11-20,2023,11,47,2,8720,1.0,Low
USA,Backhoe Loader,2023-11-27,2023,11,48,2,3037,1.0,Low
USA,Backhoe Loader,2023-12-18,2023,12,51,2,6474,0.8,Low
USA,Backhoe Loader,2024-01-01,2024,1,1,2,14018,0.75,Low
USA,Backhoe Loader,2024-01-08,2024,1,2,1,5783,0.75,Low
USA,Backhoe Loader,2024-01-15,2024,1,3,1,7166,0.75,Low
USA,Backhoe Loader,2024-01-22,2024,1,4,1,4609,0.75,Low
USA,Backhoe Loader,2024-01-29,2024,1,5,2,8298,0.75,Low
USA,Backhoe Loader,2024-02-12,2024,2,7,1,9913,0.8,Low
USA,Backhoe Loader,2024-02-26,2024,2,9,2,6115,0.8,Low
USA,Backhoe Loader,2024-03-04,2024,3,10,1,2986,1.0,Low
USA,Backhoe Loader,2024-04-01,2024,4,14,5,34780,1.25,Low
USA,Backhoe Loader,2024-04-08,2024,4,15,1,12801,1.25,Low
USA,Backhoe Loader,2024-04-22,2024,4,17,3,22793,1.25,Low
USA,Backhoe Loader,2024-04-29,2024,4,18,4,28900,1.25,Low
USA,Backhoe Loader,2024-05-06,2024,5,19,1,4194,1.4,Low
USA,Backhoe Loader,2024-05-13,2024,5,20,2,3273,1.4,Low
USA,Backhoe Loader,2024-05-27,2024,5,22,2,7201,1.4,Low
USA,Backhoe Loader,2024-06-03,2024,6,23,2,11062,1.5,Low
USA,Backhoe Loader,2024-06-10,2024,6,24,4,46821,1.5,Low
USA,Backhoe Loader,2024-06-24,2024,6,26,2,20442,1.5,Low
USA,Backhoe Loader,2024-07-01,2024,7,27,4,14663,1.45,Low
USA,Backhoe Loader,2024-07-08,2024,7,28,3,30581,1.45,Low
USA,Backhoe Loader,2024-07-15,2024,7,29,1,2312,1.45,Low
USA,Backhoe Loader,2024-07-22,2024,7,30,4,16212,1.45,Low
USA,Backhoe Loader,2024-07-29,2024,7,31,1,5625,1.45,Low
USA,Backhoe Loader,2024-08-05,2024,8,32,2,11044,1.4,Low
USA,Backhoe Loader,2024-08-12,2024,8,33,5,24058,1.4,Low
USA,Backhoe Loader,2024-08-19,2024,8,34,2,10746,1.4,Low
USA,Backhoe Loader,2024-08-26,2024,8,35,2,11276,1.4,Low
USA,Backhoe Loader,2024-09-02,2024,9,36,4,15037,1.35,Low
USA,Backhoe Loader,2024-09-09,2024,9,37,4,21558,1.35,Low
USA,Backhoe Loader,2024-09-16,2024,9,38,4,10779,1.35,Low
USA,Backhoe Loader,2024-09-23,2024,9,39,2,20047,1.35,Low
USA,Backhoe Loader,2024-09-30,2024,9,40,4,19257,1.35,Low
USA,Backhoe Loader,2024-10-07,2024,10,41,2,6574,1.25,Low
USA,Backhoe Loader,2024-10-14,2024,10,42,3,15781,1.25,Low
USA,Backhoe Loader,2024-10-21,2024,10,43,4,10665,1.25,Low
USA,Backhoe Loader,2024-10-28,2024,10,44,3,19542,1.25,Low
USA,Backhoe Loader,2024-11-04,2024,11,45,2,12521,1.0,Low
USA,Backhoe Loader,2024-11-18,2024,11,47,5,25657,1.0,Low
USA,Backhoe Loader,2024-12-02,2024,12,49,3,14046,0.8,Low
USA,Backhoe Loader,2024-12-09,2024,12,50,3,18690,0.8,Low
USA,Backhoe Loader,2024-12-16,2024,12,51,1,1921,0.8,Low
USA,Backhoe Loader,2024-12-23,2024,12,52,1,14366,0.8,Low
USA,Backhoe Loader,2025-01-06,2025,1,2,1,1400,0.75,Low
USA,Backhoe Loader,2025-01-27,2025,1,5,2,7790,0.75,Low
USA,Backhoe Loader,2025-02-03,2025,2,6,1,4472,0.8,Low
USA,Backhoe Loader,2025-02-10,2025,2,7,1,1376,0.8,Low
USA,Backhoe Loader,2025-02-24,2025,2,9,4,9032,0.8,Low
USA,Backhoe Loader,2025-03-03,2025,3,10,1,1445,1.0,Low
USA,Backhoe Loader,2025-03-17,2025,3,12,4,18773,1.0,Low
USA,Backhoe Loader,2025-03-24,2025,3,13,1,4845,1.0,Low
USA,Backhoe Loader,2025-03-31,2025,3,14,1,10153,1.0,Low
USA,Backhoe Loader,2025-04-07,2025,4,15,3,15374,1.25,Low
USA,Backhoe Loader,2025-04-14,2025,4,16,5,16663,1.25,Low
USA,Backhoe Loader,2025-04-21,2025,4,17,3,13140,1.25,Low
USA,Backhoe Loader,2025-04-28,2025,4,18,3,14950,1.25,Low
USA,Backhoe Loader,2025-05-05,2025,5,19,3,24644,1.4,Low
USA,Backhoe Loader,2025-05-12,2025,5,20,4,18531,1.4,Low
USA,Backhoe Loader,2025-05-19,2025,5,21,2,7162,1.4,Low
USA,Backhoe Loader,2025-05-26,2025,5,22,3,21963,1.4,Low
USA,Backhoe Loader,2025-06-02,2025,6,23,6,16272,1.5,Medium
USA,Backhoe Loader,2025-06-09,2025,6,24,1,2869,1.5,Low
USA,Backhoe Loader,2025-06-16,2025,6,25,5,15204,1.5,Low
USA,Backhoe Loader,2025-06-23,2025,6,26,6,16410,1.5,Medium
USA,Backhoe Loader,2025-06-30,2025,6,27,4,25497,1.5,Low
USA,Backhoe Loader,2025-07-07,2025,7,28,4,25013,1.45,Low
USA,Backhoe Loader,2025-07-14,2025,7,29,2,10309,1.45,Low
USA,Backhoe Loader,2025-07-21,2025,7,30,5,38174,1.45,Low
USA,Backhoe Loader,2025-07-28,2025,7,31,4,12788,1.45,Low
USA,Backhoe Loader,2025-08-04,2025,8,32,1,3895,1.4,Low
USA,Backhoe Loader,2025-08-11,2025,8,33,4,25033,1.4,Low
USA,Backhoe Loader,2025-08-25,2025,8,35,5,26287,1.4,Low
USA,Backhoe Loader,2025-09-01,2025,9,36,4,22964,1.35,Low
USA,Backhoe Loader,2025-09-15,2025,9,38,4,20322,1.35,Low
USA,Backhoe Loader,2025-09-22,2025,9,39,1,9228,1.35,Low
USA,Backhoe Loader,2025-09-29,2025,9,40,5,17070,1.35,Low
USA,Backhoe Loader,2025-10-06,2025,10,41,4,12521,1.25,Low
USA,Backhoe Loader,2025-10-13,2025,10,42,3,23720,1.25,Low
USA,Backhoe Loader,2025-10-20,2025,10,43,4,20918,1.25,Low
USA,Backhoe Loader,2025-10-27,2025,10,44,1,8296,1.25,Low
USA,Backhoe Loader,2025-11-03,2025,11,45,3,8299,1.0,Low
USA,Backhoe Loader,2025-11-10,2025,11,46,4,24493,1.0,Low
USA,Backhoe Loader,2025-11-17,2025,11,47,1,4239,1.0,Low
USA,Backhoe Loader,2025-11-24,2025,11,48,2,10293,1.0,Low
USA,Backhoe Loader,2025-12-15,2025,12,51,1,6508,0.8,Low
USA,Backhoe Loader,2026-01-05,2026,1,2,1,1669,0.75,Low
USA,Backhoe Loader,2026-01-19,2026,1,4,1,4304,0.75,Low
USA,Backhoe Loader,2026-02-16,2026,2,8,1,2386,0.8,Low
USA,Backhoe Loader,2026-03-02,2026,3,10,1,17867,1.0,Low
USA,Backhoe Loader,2026-03-16,2026,3,12,1,1152,1.0,Low
USA,Backhoe Loader,2026-03-23,2026,3,13,2,10730,1.0,Low
USA,Backhoe Loader,2026-04-13,2026,4,16,3,15399,1.25,Low
USA,Backhoe Loader,2026-04-20,2026,4,17,2,7390,1.25,Low
USA,Backhoe Loader,2026-04-27,2026,4,18,4,25864,1.25,Low
USA,Backhoe Loader,2026-05-04,2026,5,19,3,17231,1.4,Low
USA,Backhoe Loader,2026-05-11,2026,5,20,5,33201,1.4,Low
USA,Backhoe Loader,2026-05-18,2026,5,21,3,17476,1.4,Low
USA,Backhoe Loader,2026-05-25,2026,5,22,2,4514,1.4,Low
USA,Backhoe Loader,2026-06-01,2026,6,23,3,15909,1.5,Low
USA,Backhoe Loader,2026-06-08,2026,6,24,2,7456,1.5,Low
USA,Backhoe Loader,2026-06-15,2026,6,25,1,849,1.5,Low
USA,Backhoe Loader,2026-06-22,2026,6,26,2,9677,1.5,Low
USA,Compactor,2023-01-02,2023,1,1,2,16587,0.65,Low
USA,Compactor,2023-01-16,2023,1,3,3,21482,0.65,Low
USA,Compactor,2023-01-23,2023,1,4,1,847,0.65,Low
USA,Compactor,2023-01-30,2023,1,5,4,14379,0.65,Low
USA,Compactor,2023-02-06,2023,2,6,1,1629,0.7,Low
USA,Compactor,2023-02-13,2023,2,7,1,7378,0.7,Low
USA,Compactor,2023-02-20,2023,2,8,2,12830,0.7,Low
USA,Compactor,2023-02-27,2023,2,9,3,11742,0.7,Low
USA,Compactor,2023-03-06,2023,3,10,4,17267,0.95,Low
USA,Compactor,2023-03-13,2023,3,11,1,10126,0.95,Low
USA,Compactor,2023-03-20,2023,3,12,1,8754,0.95,Low
USA,Compactor,2023-03-27,2023,3,13,5,28162,0.95,Low
USA,Compactor,2023-04-03,2023,4,14,7,37008,1.3,Medium
USA,Compactor,2023-04-10,2023,4,15,11,53819,1.3,Medium
USA,Compactor,2023-04-17,2023,4,16,8,53084,1.3,Medium
USA,Compactor,2023-04-24,2023,4,17,9,39996,1.3,Medium
USA,Compactor,2023-05-01,2023,5,18,12,64095,1.55,Medium
USA,Compactor,2023-05-08,2023,5,19,7,34671,1.55,Medium
USA,Compactor,2023-05-15,2023,5,20,8,54623,1.55,Medium
USA,Compactor,2023-05-22,2023,5,21,8,50887,1.55,Medium
USA,Compactor,2023-05-29,2023,5,22,7,23472,1.55,Medium
USA,Compactor,2023-06-05,2023,6,23,10,53040,1.65,Medium
USA,Compactor,2023-06-12,2023,6,24,15,79994,1.65,High
USA,Compactor,2023-06-19,2023,6,25,6,21816,1.65,Medium
USA,Compactor,2023-06-26,2023,6,26,12,56993,1.65,Medium
USA,Compactor,2023-07-03,2023,7,27,7,19805,1.6,Medium
USA,Compactor,2023-07-10,2023,7,28,10,62499,1.6,Medium
USA,Compactor,2023-07-17,2023,7,29,9,41775,1.6,Medium
USA,Compactor,2023-07-24,2023,7,30,7,31372,1.6,Medium
USA,Compactor,2023-07-31,2023,7,31,6,28428,1.6,Medium
USA,Compactor,2023-08-07,2023,8,32,5,31008,1.5,Low
USA,Compactor,2023-08-14,2023,8,33,9,43667,1.5,Medium
USA,Compactor,2023-08-21,2023,8,34,6,18389,1.5,Medium
USA,Compactor,2023-08-28,2023,8,35,5,24245,1.5,Low
USA,Compactor,2023-09-04,2023,9,36,9,34502,1.4,Medium
USA,Compactor,2023-09-11,2023,9,37,6,30318,1.4,Medium
USA,Compactor,2023-09-18,2023,9,38,9,46229,1.4,Medium
USA,Compactor,2023-09-25,2023,9,39,6,24630,1.4,Medium
USA,Compactor,2023-10-02,2023,10,40,8,43801,1.2,Medium
USA,Compactor,2023-10-09,2023,10,41,7,41558,1.2,Medium
USA,Compactor,2023-10-16,2023,10,42,6,20547,1.2,Medium
USA,Compactor,2023-10-23,2023,10,43,7,33298,1.2,Medium
USA,Compactor,2023-10-30,2023,10,44,2,7174,1.2,Low
USA,Compactor,2023-11-06,2023,11,45,4,15238,0.9,Low
USA,Compactor,2023-11-13,2023,11,46,2,9164,0.9,Low
USA,Compactor,2023-11-20,2023,11,47,7,54144,0.9,Medium
USA,Compactor,2023-11-27,2023,11,48,4,16843,0.9,Low
USA,Compactor,2023-12-04,2023,12,49,1,5961,0.7,Low
USA,Compactor,2023-12-11,2023,12,50,1,12505,0.7,Low
USA,Compactor,2023-12-18,2023,12,51,1,922,0.7,Low
USA,Compactor,2023-12-25,2023,12,52,3,15211,0.7,Low
USA,Compactor,2024-01-01,2024,1,1,1,5737,0.65,Low
USA,Compactor,2024-01-08,2024,1,2,4,12175,0.65,Low
USA,Compactor,2024-01-15,2024,1,3,4,16920,0.65,Low
USA,Compactor,2024-01-22,2024,1,4,1,1734,0.65,Low
USA,Compactor,2024-01-29,2024,1,5,2,4500,0.65,Low
USA,Compactor,2024-02-12,2024,2,7,2,15148,0.7,Low
USA,Compactor,2024-02-19,2024,2,8,3,11153,0.7,Low
USA,Compactor,2024-02-26,2024,2,9,2,4220,0.7,Low
USA,Compactor,2024-03-04,2024,3,10,2,6137,0.95,Low
USA,Compactor,2024-03-11,2024,3,11,4,8626,0.95,Low
USA,Compactor,2024-03-18,2024,3,12,3,9761,0.95,Low
USA,Compactor,2024-03-25,2024,3,13,1,6244,0.95,Low
USA,Compactor,2024-04-01,2024,4,14,5,28785,1.3,Low
USA,Compactor,2024-04-08,2024,4,15,4,35323,1.3,Low
USA,Compactor,2024-04-15,2024,4,16,11,63328,1.3,Medium
USA,Compactor,2024-04-22,2024,4,17,7,31692,1.3,Medium
USA,Compactor,2024-04-29,2024,4,18,10,34474,1.3,Medium
USA,Compactor,2024-05-06,2024,5,19,11,54631,1.55,Medium
USA,Compactor,2024-05-13,2024,5,20,9,33009,1.55,Medium
USA,Compactor,2024-05-20,2024,5,21,10,38645,1.55,Medium
USA,Compactor,2024-05-27,2024,5,22,8,49044,1.55,Medium
USA,Compactor,2024-06-03,2024,6,23,4,12118,1.65,Low
USA,Compactor,2024-06-10,2024,6,24,5,32014,1.65,Low
USA,Compactor,2024-06-17,2024,6,25,10,49455,1.65,Medium
USA,Compactor,2024-06-24,2024,6,26,9,62004,1.65,Medium
USA,Compactor,2024-07-01,2024,7,27,11,52150,1.6,Medium
USA,Compactor,2024-07-08,2024,7,28,9,37343,1.6,Medium
USA,Compactor,2024-07-15,2024,7,29,12,43600,1.6,Medium
USA,Compactor,2024-07-22,2024,7,30,13,63318,1.6,Medium
USA,Compactor,2024-07-29,2024,7,31,5,19526,1.6,Low
USA,Compactor,2024-08-05,2024,8,32,12,36029,1.5,Medium
USA,Compactor,2024-08-12,2024,8,33,13,65439,1.5,Medium
USA,Compactor,2024-08-19,2024,8,34,10,51667,1.5,Medium
USA,Compactor,2024-08-26,2024,8,35,9,57714,1.5,Medium
USA,Compactor,2024-09-02,2024,9,36,7,33929,1.4,Medium
USA,Compactor,2024-09-09,2024,9,37,5,28318,1.4,Low
USA,Compactor,2024-09-16,2024,9,38,11,46874,1.4,Medium
USA,Compactor,2024-09-23,2024,9,39,10,57020,1.4,Medium
USA,Compactor,2024-09-30,2024,9,40,9,38172,1.4,Medium
USA,Compactor,2024-10-07,2024,10,41,9,33491,1.2,Medium
USA,Compactor,2024-10-14,2024,10,42,6,37808,1.2,Medium
USA,Compactor,2024-10-21,2024,10,43,7,31325,1.2,Medium
USA,Compactor,2024-10-28,2024,10,44,5,34774,1.2,Low
USA,Compactor,2024-11-04,2024,11,45,8,50638,0.9,Medium
USA,Compactor,2024-11-11,2024,11,46,7,39923,0.9,Medium
USA,Compactor,2024-11-18,2024,11,47,4,24692,0.9,Low
USA,Compactor,2024-11-25,2024,11,48,5,14650,0.9,Low
USA,Compactor,2024-12-02,2024,12,49,3,33790,0.7,Low
USA,Compactor,2024-12-09,2024,12,50,2,11293,0.7,Low
USA,Compactor,2024-12-16,2024,12,51,1,6911,0.7,Low
USA,Compactor,2024-12-23,2024,12,52,3,17244,0.7,Low
USA,Compactor,2024-12-30,2024,12,1,6,18597,0.7,Medium
USA,Compactor,2025-01-06,2025,1,2,6,25559,0.65,Medium
USA,Compactor,2025-01-13,2025,1,3,2,5762,0.65,Low
USA,Compactor,2025-01-20,2025,1,4,1,6324,0.65,Low
USA,Compactor,2025-02-03,2025,2,6,2,13967,0.7,Low
USA,Compactor,2025-02-10,2025,2,7,3,11357,0.7,Low
USA,Compactor,2025-02-17,2025,2,8,3,13878,0.7,Low
USA,Compactor,2025-02-24,2025,2,9,3,6803,0.7,Low
USA,Compactor,2025-03-03,2025,3,10,4,29042,0.95,Low
USA,Compactor,2025-03-10,2025,3,11,4,31574,0.95,Low
USA,Compactor,2025-03-17,2025,3,12,2,11203,0.95,Low
USA,Compactor,2025-03-24,2025,3,13,5,37798,0.95,Low
USA,Compactor,2025-03-31,2025,3,14,6,32298,0.95,Medium
USA,Compactor,2025-04-07,2025,4,15,9,76238,1.3,Medium
USA,Compactor,2025-04-14,2025,4,16,7,36682,1.3,Medium
USA,Compactor,2025-04-21,2025,4,17,6,31085,1.3,Medium
USA,Compactor,2025-04-28,2025,4,18,6,22158,1.3,Medium
USA,Compactor,2025-05-05,2025,5,19,5,15719,1.55,Low
USA,Compactor,2025-05-12,2025,5,20,10,46840,1.55,Medium
USA,Compactor,2025-05-19,2025,5,21,8,40119,1.55,Medium
USA,Compactor,2025-05-26,2025,5,22,13,64692,1.55,Medium
USA,Compactor,2025-06-02,2025,6,23,10,44054,1.65,Medium
USA,Compactor,2025-06-09,2025,6,24,5,40704,1.65,Low
USA,Compactor,2025-06-16,2025,6,25,7,33294,1.65,Medium
USA,Compactor,2025-06-23,2025,6,26,5,16256,1.65,Low
USA,Compactor,2025-06-30,2025,6,27,7,50663,1.65,Medium
USA,Compactor,2025-07-07,2025,7,28,6,23008,1.6,Medium
USA,Compactor,2025-07-14,2025,7,29,10,39588,1.6,Medium
USA,Compactor,2025-07-21,2025,7,30,10,63914,1.6,Medium
USA,Compactor,2025-07-28,2025,7,31,9,38779,1.6,Medium
USA,Compactor,2025-08-04,2025,8,32,7,28932,1.5,Medium
USA,Compactor,2025-08-11,2025,8,33,12,47579,1.5,Medium
USA,Compactor,2025-08-18,2025,8,34,8,24619,1.5,Medium
USA,Compactor,2025-08-25,2025,8,35,8,60230,1.5,Medium
USA,Compactor,2025-09-01,2025,9,36,5,7066,1.4,Low
USA,Compactor,2025-09-08,2025,9,37,6,44984,1.4,Medium
USA,Compactor,2025-09-15,2025,9,38,6,24038,1.4,Medium
USA,Compactor,2025-09-22,2025,9,39,5,24878,1.4,Low
USA,Compactor,2025-09-29,2025,9,40,13,65076,1.4,Medium
USA,Compactor,2025-10-06,2025,10,41,10,56581,1.2,Medium
USA,Compactor,2025-10-13,2025,10,42,8,45663,1.2,Medium
USA,Compactor,2025-10-20,2025,10,43,8,43740,1.2,Medium
USA,Compactor,2025-10-27,2025,10,44,5,18985,1.2,Low
USA,Compactor,2025-11-03,2025,11,45,10,32258,0.9,Medium
USA,Compactor,2025-11-10,2025,11,46,8,30652,0.9,Medium
USA,Compactor,2025-11-17,2025,11,47,5,21422,0.9,Low
USA,Compactor,2025-11-24,2025,11,48,7,33611,0.9,Medium
USA,Compactor,2025-12-01,2025,12,49,4,40855,0.7,Low
USA,Compactor,2025-12-08,2025,12,50,4,28699,0.7,Low
USA,Compactor,2025-12-15,2025,12,51,1,2797,0.7,Low
USA,Compactor,2025-12-22,2025,12,52,3,15872,0.7,Low
USA,Compactor,2025-12-29,2025,12,1,2,6570,0.7,Low
USA,Compactor,2026-01-12,2026,1,3,3,10449,0.65,Low
USA,Compactor,2026-01-19,2026,1,4,1,2772,0.65,Low
USA,Compactor,2026-01-26,2026,1,5,1,11528,0.65,Low
USA,Compactor,2026-02-02,2026,2,6,1,7285,0.7,Low
USA,Compactor,2026-02-23,2026,2,9,1,958,0.7,Low
USA,Compactor,2026-03-02,2026,3,10,1,10200,0.95,Low
USA,Compactor,2026-03-09,2026,3,11,2,14049,0.95,Low
USA,Compactor,2026-03-16,2026,3,12,1,3168,0.95,Low
USA,Compactor,2026-03-23,2026,3,13,1,6626,0.95,Low
USA,Compactor,2026-03-30,2026,3,14,3,14093,0.95,Low
USA,Compactor,2026-04-06,2026,4,15,4,12178,1.3,Low
USA,Compactor,2026-04-13,2026,4,16,9,57298,1.3,Medium
USA,Compactor,2026-04-20,2026,4,17,8,54271,1.3,Medium
USA,Compactor,2026-04-27,2026,4,18,7,42120,1.3,Medium
USA,Compactor,2026-05-04,2026,5,19,12,67173,1.55,Medium
USA,Compactor,2026-05-11,2026,5,20,10,47573,1.55,Medium
USA,Compactor,2026-05-18,2026,5,21,12,31383,1.55,Medium
USA,Compactor,2026-05-25,2026,5,22,7,28422,1.55,Medium
USA,Compactor,2026-06-01,2026,6,23,6,21071,1.65,Medium
USA,Compactor,2026-06-08,2026,6,24,11,67376,1.65,Medium
USA,Compactor,2026-06-15,2026,6,25,13,60151,1.65,Medium
USA,Compactor,2026-06-22,2026,6,26,7,26961,1.65,Medium
USA,Compactor,2026-06-29,2026,6,27,1,1964,1.65,Low
USA,Dozer,2023-01-02,2023,1,1,2,22055,0.7,Low
USA,Dozer,2023-01-09,2023,1,2,1,1973,0.7,Low
USA,Dozer,2023-01-16,2023,1,3,2,31238,0.7,Low
USA,Dozer,2023-01-23,2023,1,4,3,27992,0.7,Low
USA,Dozer,2023-01-30,2023,1,5,1,7894,0.7,Low
USA,Dozer,2023-02-06,2023,2,6,2,13396,0.75,Low
USA,Dozer,2023-02-13,2023,2,7,2,44031,0.75,Low
USA,Dozer,2023-02-20,2023,2,8,5,30741,0.75,Low
USA,Dozer,2023-02-27,2023,2,9,7,55548,0.75,Medium
USA,Dozer,2023-03-06,2023,3,10,3,26469,1.0,Low
USA,Dozer,2023-03-13,2023,3,11,5,46710,1.0,Low
USA,Dozer,2023-03-20,2023,3,12,7,98291,1.0,Medium
USA,Dozer,2023-03-27,2023,3,13,1,8086,1.0,Low
USA,Dozer,2023-04-03,2023,4,14,13,152759,1.3,Medium
USA,Dozer,2023-04-10,2023,4,15,12,174637,1.3,Medium
USA,Dozer,2023-04-17,2023,4,16,9,77748,1.3,Medium
USA,Dozer,2023-04-24,2023,4,17,12,113188,1.3,Medium
USA,Dozer,2023-05-01,2023,5,18,13,125916,1.55,Medium
USA,Dozer,2023-05-08,2023,5,19,9,69908,1.55,Medium
USA,Dozer,2023-05-15,2023,5,20,12,193268,1.55,Medium
USA,Dozer,2023-05-22,2023,5,21,8,159781,1.55,Medium
USA,Dozer,2023-05-29,2023,5,22,18,208602,1.55,High
USA,Dozer,2023-06-05,2023,6,23,8,149829,1.65,Medium
USA,Dozer,2023-06-12,2023,6,24,6,121927,1.65,Medium
USA,Dozer,2023-06-19,2023,6,25,12,117538,1.65,Medium
USA,Dozer,2023-06-26,2023,6,26,15,172958,1.65,High
USA,Dozer,2023-07-03,2023,7,27,8,111220,1.55,Medium
USA,Dozer,2023-07-10,2023,7,28,10,114301,1.55,Medium
USA,Dozer,2023-07-17,2023,7,29,13,128856,1.55,Medium
USA,Dozer,2023-07-24,2023,7,30,15,210539,1.55,High
USA,Dozer,2023-07-31,2023,7,31,19,255769,1.55,High
USA,Dozer,2023-08-07,2023,8,32,9,99737,1.5,Medium
USA,Dozer,2023-08-14,2023,8,33,9,97967,1.5,Medium
USA,Dozer,2023-08-21,2023,8,34,14,163693,1.5,Medium
USA,Dozer,2023-08-28,2023,8,35,9,107587,1.5,Medium
USA,Dozer,2023-09-04,2023,9,36,12,173760,1.4,Medium
USA,Dozer,2023-09-11,2023,9,37,10,137721,1.4,Medium
USA,Dozer,2023-09-18,2023,9,38,6,82308,1.4,Medium
USA,Dozer,2023-09-25,2023,9,39,10,186430,1.4,Medium
USA,Dozer,2023-10-02,2023,10,40,15,187722,1.25,High
USA,Dozer,2023-10-09,2023,10,41,11,135767,1.25,Medium
USA,Dozer,2023-10-16,2023,10,42,8,61485,1.25,Medium
USA,Dozer,2023-10-23,2023,10,43,12,156774,1.25,Medium
USA,Dozer,2023-10-30,2023,10,44,5,78281,1.25,Low
USA,Dozer,2023-11-06,2023,11,45,6,46881,1.0,Medium
USA,Dozer,2023-11-13,2023,11,46,8,114216,1.0,Medium
USA,Dozer,2023-11-20,2023,11,47,5,79401,1.0,Low
USA,Dozer,2023-11-27,2023,11,48,5,60105,1.0,Low
USA,Dozer,2023-12-04,2023,12,49,5,84966,0.75,Low
USA,Dozer,2023-12-11,2023,12,50,1,12230,0.75,Low
USA,Dozer,2023-12-18,2023,12,51,3,21947,0.75,Low
USA,Dozer,2023-12-25,2023,12,52,2,30364,0.75,Low
USA,Dozer,2024-01-01,2024,1,1,4,52337,0.7,Low
USA,Dozer,2024-01-08,2024,1,2,1,2955,0.7,Low
USA,Dozer,2024-01-15,2024,1,3,1,2346,0.7,Low
USA,Dozer,2024-01-22,2024,1,4,1,7318,0.7,Low
USA,Dozer,2024-01-29,2024,1,5,3,53180,0.7,Low
USA,Dozer,2024-02-05,2024,2,6,2,30496,0.75,Low
USA,Dozer,2024-02-12,2024,2,7,4,52360,0.75,Low
USA,Dozer,2024-02-19,2024,2,8,4,35539,0.75,Low
USA,Dozer,2024-02-26,2024,2,9,5,63628,0.75,Low
USA,Dozer,2024-03-04,2024,3,10,3,36247,1.0,Low
USA,Dozer,2024-03-11,2024,3,11,5,49155,1.0,Low
USA,Dozer,2024-03-18,2024,3,12,2,39479,1.0,Low
USA,Dozer,2024-03-25,2024,3,13,3,21022,1.0,Low
USA,Dozer,2024-04-01,2024,4,14,16,165733,1.3,High
USA,Dozer,2024-04-08,2024,4,15,8,63712,1.3,Medium
USA,Dozer,2024-04-15,2024,4,16,10,178254,1.3,Medium
USA,Dozer,2024-04-22,2024,4,17,11,194700,1.3,Medium
USA,Dozer,2024-04-29,2024,4,18,10,124162,1.3,Medium
USA,Dozer,2024-05-06,2024,5,19,9,117713,1.55,Medium
USA,Dozer,2024-05-13,2024,5,20,10,93328,1.55,Medium
USA,Dozer,2024-05-20,2024,5,21,11,133952,1.55,Medium
USA,Dozer,2024-05-27,2024,5,22,8,100080,1.55,Medium
USA,Dozer,2024-06-03,2024,6,23,14,153654,1.65,Medium
USA,Dozer,2024-06-10,2024,6,24,12,142384,1.65,Medium
USA,Dozer,2024-06-17,2024,6,25,6,82698,1.65,Medium
USA,Dozer,2024-06-24,2024,6,26,15,203110,1.65,High
USA,Dozer,2024-07-01,2024,7,27,14,171231,1.55,Medium
USA,Dozer,2024-07-08,2024,7,28,13,110916,1.55,Medium
USA,Dozer,2024-07-15,2024,7,29,10,109800,1.55,Medium
USA,Dozer,2024-07-22,2024,7,30,14,205617,1.55,Medium
USA,Dozer,2024-07-29,2024,7,31,7,56107,1.55,Medium
USA,Dozer,2024-08-05,2024,8,32,13,151606,1.5,Medium
USA,Dozer,2024-08-12,2024,8,33,9,138731,1.5,Medium
USA,Dozer,2024-08-19,2024,8,34,10,124047,1.5,Medium
USA,Dozer,2024-08-26,2024,8,35,11,117217,1.5,Medium
USA,Dozer,2024-09-02,2024,9,36,6,53404,1.4,Medium
USA,Dozer,2024-09-09,2024,9,37,17,169849,1.4,High
USA,Dozer,2024-09-16,2024,9,38,14,125356,1.4,Medium
USA,Dozer,2024-09-23,2024,9,39,12,120413,1.4,Medium
USA,Dozer,2024-09-30,2024,9,40,12,102309,1.4,Medium
USA,Dozer,2024-10-07,2024,10,41,8,74390,1.25,Medium
USA,Dozer,2024-10-14,2024,10,42,15,203230,1.25,High
USA,Dozer,2024-10-21,2024,10,43,6,50302,1.25,Medium
USA,Dozer,2024-10-28,2024,10,44,18,269174,1.25,High
USA,Dozer,2024-11-04,2024,11,45,9,97659,1.0,Medium
USA,Dozer,2024-11-11,2024,11,46,13,173986,1.0,Medium
USA,Dozer,2024-11-18,2024,11,47,13,193475,1.0,Medium
USA,Dozer,2024-11-25,2024,11,48,6,80740,1.0,Medium
USA,Dozer,2024-12-02,2024,12,49,2,4722,0.75,Low
USA,Dozer,2024-12-09,2024,12,50,1,48439,0.75,Low
USA,Dozer,2024-12-16,2024,12,51,4,34864,0.75,Low
USA,Dozer,2024-12-23,2024,12,52,6,80971,0.75,Medium
USA,Dozer,2024-12-30,2024,12,1,3,45980,0.75,Low
USA,Dozer,2025-01-06,2025,1,2,2,24429,0.7,Low
USA,Dozer,2025-01-13,2025,1,3,1,20579,0.7,Low
USA,Dozer,2025-01-20,2025,1,4,1,8255,0.7,Low
USA,Dozer,2025-01-27,2025,1,5,2,14858,0.7,Low
USA,Dozer,2025-02-03,2025,2,6,4,45037,0.75,Low
USA,Dozer,2025-02-10,2025,2,7,2,39075,0.75,Low
USA,Dozer,2025-02-17,2025,2,8,3,17645,0.75,Low
USA,Dozer,2025-02-24,2025,2,9,2,17473,0.75,Low
USA,Dozer,2025-03-03,2025,3,10,3,24400,1.0,Low
USA,Dozer,2025-03-10,2025,3,11,6,79052,1.0,Medium
USA,Dozer,2025-03-17,2025,3,12,3,65841,1.0,Low
USA,Dozer,2025-03-24,2025,3,13,2,20499,1.0,Low
USA,Dozer,2025-03-31,2025,3,14,4,35436,1.0,Low
USA,Dozer,2025-04-07,2025,4,15,12,115303,1.3,Medium
USA,Dozer,2025-04-14,2025,4,16,10,83167,1.3,Medium
USA,Dozer,2025-04-21,2025,4,17,13,175490,1.3,Medium
USA,Dozer,2025-04-28,2025,4,18,13,190986,1.3,Medium
USA,Dozer,2025-05-05,2025,5,19,16,185842,1.55,High
USA,Dozer,2025-05-12,2025,5,20,9,124793,1.55,Medium
USA,Dozer,2025-05-19,2025,5,21,13,195101,1.55,Medium
USA,Dozer,2025-05-26,2025,5,22,5,71489,1.55,Low
USA,Dozer,2025-06-02,2025,6,23,17,230218,1.65,High
USA,Dozer,2025-06-09,2025,6,24,11,204827,1.65,Medium
USA,Dozer,2025-06-16,2025,6,25,7,98470,1.65,Medium
USA,Dozer,2025-06-23,2025,6,26,12,189904,1.65,Medium
USA,Dozer,2025-06-30,2025,6,27,11,149627,1.65,Medium
USA,Dozer,2025-07-07,2025,7,28,16,213278,1.55,High
USA,Dozer,2025-07-14,2025,7,29,12,118873,1.55,Medium
USA,Dozer,2025-07-21,2025,7,30,8,104049,1.55,Medium
USA,Dozer,2025-07-28,2025,7,31,12,122296,1.55,Medium
USA,Dozer,2025-08-04,2025,8,32,12,202732,1.5,Medium
USA,Dozer,2025-08-11,2025,8,33,12,262919,1.5,Medium
USA,Dozer,2025-08-18,2025,8,34,9,95753,1.5,Medium
USA,Dozer,2025-08-25,2025,8,35,13,170662,1.5,Medium
USA,Dozer,2025-09-01,2025,9,36,11,161991,1.4,Medium
USA,Dozer,2025-09-08,2025,9,37,12,176498,1.4,Medium
USA,Dozer,2025-09-15,2025,9,38,5,73146,1.4,Low
USA,Dozer,2025-09-22,2025,9,39,17,243032,1.4,High
USA,Dozer,2025-09-29,2025,9,40,8,117286,1.4,Medium
USA,Dozer,2025-10-06,2025,10,41,9,108981,1.25,Medium
USA,Dozer,2025-10-13,2025,10,42,6,32062,1.25,Medium
USA,Dozer,2025-10-20,2025,10,43,16,232132,1.25,High
USA,Dozer,2025-10-27,2025,10,44,5,79777,1.25,Low
USA,Dozer,2025-11-03,2025,11,45,11,122508,1.0,Medium
USA,Dozer,2025-11-10,2025,11,46,7,66002,1.0,Medium
USA,Dozer,2025-11-17,2025,11,47,6,77381,1.0,Medium
USA,Dozer,2025-11-24,2025,11,48,10,205374,1.0,Medium
USA,Dozer,2025-12-01,2025,12,49,4,51165,0.75,Low
USA,Dozer,2025-12-08,2025,12,50,3,34129,0.75,Low
USA,Dozer,2025-12-15,2025,12,51,4,46992,0.75,Low
USA,Dozer,2025-12-22,2025,12,52,1,5383,0.75,Low
USA,Dozer,2025-12-29,2025,12,1,5,80746,0.75,Low
USA,Dozer,2026-01-05,2026,1,2,4,25868,0.7,Low
USA,Dozer,2026-01-12,2026,1,3,2,34795,0.7,Low
USA,Dozer,2026-01-19,2026,1,4,5,91309,0.7,Low
USA,Dozer,2026-01-26,2026,1,5,1,12472,0.7,Low
USA,Dozer,2026-02-02,2026,2,6,3,15294,0.75,Low
USA,Dozer,2026-02-09,2026,2,7,7,56225,0.75,Medium
USA,Dozer,2026-02-16,2026,2,8,1,17544,0.75,Low
USA,Dozer,2026-02-23,2026,2,9,5,63033,0.75,Low
USA,Dozer,2026-03-02,2026,3,10,1,19730,1.0,Low
USA,Dozer,2026-03-09,2026,3,11,5,44658,1.0,Low
USA,Dozer,2026-03-16,2026,3,12,5,81808,1.0,Low
USA,Dozer,2026-03-23,2026,3,13,6,85841,1.0,Medium
USA,Dozer,2026-03-30,2026,3,14,2,51752,1.0,Low
USA,Dozer,2026-04-06,2026,4,15,13,190893,1.3,Medium
USA,Dozer,2026-04-13,2026,4,16,8,101346,1.3,Medium
USA,Dozer,2026-04-20,2026,4,17,8,109351,1.3,Medium
USA,Dozer,2026-04-27,2026,4,18,7,87649,1.3,Medium
USA,Dozer,2026-05-04,2026,5,19,8,85416,1.55,Medium
USA,Dozer,2026-05-11,2026,5,20,20,168707,1.55,High
USA,Dozer,2026-05-18,2026,5,21,13,177374,1.55,Medium
USA,Dozer,2026-05-25,2026,5,22,9,108449,1.55,Medium
USA,Dozer,2026-06-01,2026,6,23,16,179017,1.65,High
USA,Dozer,2026-06-08,2026,6,24,12,175478,1.65,Medium
USA,Dozer,2026-06-15,2026,6,25,19,238686,1.65,High
USA,Dozer,2026-06-22,2026,6,26,13,140963,1.65,Medium
USA,Dozer,2026-06-29,2026,6,27,2,12298,1.65,Low
USA,Dump Truck,2023-01-02,2023,1,1,2,23582,0.8,Low
USA,Dump Truck,2023-01-09,2023,1,2,3,11350,0.8,Low
USA,Dump Truck,2023-01-16,2023,1,3,3,11919,0.8,Low
USA,Dump Truck,2023-01-23,2023,1,4,1,3625,0.8,Low
USA,Dump Truck,2023-01-30,2023,1,5,3,11646,0.8,Low
USA,Dump Truck,2023-02-13,2023,2,7,2,18061,0.85,Low
USA,Dump Truck,2023-02-20,2023,2,8,3,12726,0.85,Low
USA,Dump Truck,2023-02-27,2023,2,9,3,9821,0.85,Low
USA,Dump Truck,2023-03-06,2023,3,10,5,14839,1.0,Low
USA,Dump Truck,2023-03-13,2023,3,11,4,17533,1.0,Low
USA,Dump Truck,2023-03-20,2023,3,12,4,24894,1.0,Low
USA,Dump Truck,2023-03-27,2023,3,13,6,28710,1.0,Medium
USA,Dump Truck,2023-04-03,2023,4,14,3,24378,1.25,Low
USA,Dump Truck,2023-04-10,2023,4,15,8,61257,1.25,Medium
USA,Dump Truck,2023-04-17,2023,4,16,3,17365,1.25,Low
USA,Dump Truck,2023-04-24,2023,4,17,5,34163,1.25,Low
USA,Dump Truck,2023-05-01,2023,5,18,8,47984,1.4,Medium
USA,Dump Truck,2023-05-08,2023,5,19,4,20751,1.4,Low
USA,Dump Truck,2023-05-15,2023,5,20,5,38539,1.4,Low
USA,Dump Truck,2023-05-22,2023,5,21,8,34199,1.4,Medium
USA,Dump Truck,2023-05-29,2023,5,22,10,45573,1.4,Medium
USA,Dump Truck,2023-06-05,2023,6,23,8,28545,1.5,Medium
USA,Dump Truck,2023-06-12,2023,6,24,4,23606,1.5,Low
USA,Dump Truck,2023-06-19,2023,6,25,1,11238,1.5,Low
USA,Dump Truck,2023-06-26,2023,6,26,9,65452,1.5,Medium
USA,Dump Truck,2023-07-03,2023,7,27,8,54761,1.45,Medium
USA,Dump Truck,2023-07-10,2023,7,28,7,42989,1.45,Medium
USA,Dump Truck,2023-07-17,2023,7,29,6,29789,1.45,Medium
USA,Dump Truck,2023-07-24,2023,7,30,1,2695,1.45,Low
USA,Dump Truck,2023-07-31,2023,7,31,11,80526,1.45,Medium
USA,Dump Truck,2023-08-07,2023,8,32,7,83495,1.4,Medium
USA,Dump Truck,2023-08-14,2023,8,33,5,37399,1.4,Low
USA,Dump Truck,2023-08-21,2023,8,34,3,11343,1.4,Low
USA,Dump Truck,2023-08-28,2023,8,35,3,16546,1.4,Low
USA,Dump Truck,2023-09-04,2023,9,36,4,26592,1.35,Low
USA,Dump Truck,2023-09-11,2023,9,37,3,19576,1.35,Low
USA,Dump Truck,2023-09-18,2023,9,38,7,49312,1.35,Medium
USA,Dump Truck,2023-09-25,2023,9,39,6,38755,1.35,Medium
USA,Dump Truck,2023-10-02,2023,10,40,4,15801,1.25,Low
USA,Dump Truck,2023-10-09,2023,10,41,5,39152,1.25,Low
USA,Dump Truck,2023-10-16,2023,10,42,7,58069,1.25,Medium
USA,Dump Truck,2023-10-23,2023,10,43,5,42343,1.25,Low
USA,Dump Truck,2023-10-30,2023,10,44,8,37959,1.25,Medium
USA,Dump Truck,2023-11-06,2023,11,45,4,17727,1.05,Low
USA,Dump Truck,2023-11-13,2023,11,46,1,1580,1.05,Low
USA,Dump Truck,2023-11-20,2023,11,47,7,53055,1.05,Medium
USA,Dump Truck,2023-11-27,2023,11,48,5,24579,1.05,Low
USA,Dump Truck,2023-12-04,2023,12,49,6,31674,0.85,Medium
USA,Dump Truck,2023-12-11,2023,12,50,1,6567,0.85,Low
USA,Dump Truck,2023-12-18,2023,12,51,3,11770,0.85,Low
USA,Dump Truck,2023-12-25,2023,12,52,7,27319,0.85,Medium
USA,Dump Truck,2024-01-01,2024,1,1,3,49611,0.8,Low
USA,Dump Truck,2024-01-08,2024,1,2,6,27407,0.8,Medium
USA,Dump Truck,2024-01-22,2024,1,4,3,20133,0.8,Low
USA,Dump Truck,2024-01-29,2024,1,5,4,18173,0.8,Low
USA,Dump Truck,2024-02-05,2024,2,6,2,7784,0.85,Low
USA,Dump Truck,2024-02-12,2024,2,7,3,13337,0.85,Low
USA,Dump Truck,2024-02-19,2024,2,8,3,41542,0.85,Low
USA,Dump Truck,2024-02-26,2024,2,9,2,4300,0.85,Low
USA,Dump Truck,2024-03-04,2024,3,10,2,11935,1.0,Low
USA,Dump Truck,2024-03-11,2024,3,11,3,9313,1.0,Low
USA,Dump Truck,2024-03-18,2024,3,12,1,3700,1.0,Low
USA,Dump Truck,2024-03-25,2024,3,13,4,25493,1.0,Low
USA,Dump Truck,2024-04-01,2024,4,14,5,34133,1.25,Low
USA,Dump Truck,2024-04-08,2024,4,15,2,6165,1.25,Low
USA,Dump Truck,2024-04-15,2024,4,16,2,13262,1.25,Low
USA,Dump Truck,2024-04-22,2024,4,17,3,19763,1.25,Low
USA,Dump Truck,2024-04-29,2024,4,18,2,1800,1.25,Low
USA,Dump Truck,2024-05-06,2024,5,19,10,45539,1.4,Medium
USA,Dump Truck,2024-05-13,2024,5,20,4,12689,1.4,Low
USA,Dump Truck,2024-05-20,2024,5,21,5,32719,1.4,Low
USA,Dump Truck,2024-05-27,2024,5,22,2,12536,1.4,Low
USA,Dump Truck,2024-06-03,2024,6,23,9,34481,1.5,Medium
USA,Dump Truck,2024-06-10,2024,6,24,3,19224,1.5,Low
USA,Dump Truck,2024-06-17,2024,6,25,7,44267,1.5,Medium
USA,Dump Truck,2024-06-24,2024,6,26,7,38939,1.5,Medium
USA,Dump Truck,2024-07-01,2024,7,27,4,10024,1.45,Low
USA,Dump Truck,2024-07-08,2024,7,28,9,47564,1.45,Medium
USA,Dump Truck,2024-07-15,2024,7,29,4,25564,1.45,Low
USA,Dump Truck,2024-07-22,2024,7,30,10,43895,1.45,Medium
USA,Dump Truck,2024-07-29,2024,7,31,9,54863,1.45,Medium
USA,Dump Truck,2024-08-05,2024,8,32,6,30853,1.4,Medium
USA,Dump Truck,2024-08-12,2024,8,33,10,29790,1.4,Medium
USA,Dump Truck,2024-08-19,2024,8,34,5,26865,1.4,Low
USA,Dump Truck,2024-08-26,2024,8,35,5,26473,1.4,Low
USA,Dump Truck,2024-09-02,2024,9,36,5,14226,1.35,Low
USA,Dump Truck,2024-09-09,2024,9,37,5,43057,1.35,Low
USA,Dump Truck,2024-09-16,2024,9,38,9,41834,1.35,Medium
USA,Dump Truck,2024-09-23,2024,9,39,6,26754,1.35,Medium
USA,Dump Truck,2024-09-30,2024,9,40,7,42153,1.35,Medium
USA,Dump Truck,2024-10-07,2024,10,41,3,33155,1.25,Low
USA,Dump Truck,2024-10-14,2024,10,42,8,42410,1.25,Medium
USA,Dump Truck,2024-10-21,2024,10,43,7,47200,1.25,Medium
USA,Dump Truck,2024-10-28,2024,10,44,7,30837,1.25,Medium
USA,Dump Truck,2024-11-04,2024,11,45,3,8484,1.05,Low
USA,Dump Truck,2024-11-11,2024,11,46,6,38524,1.05,Medium
USA,Dump Truck,2024-11-18,2024,11,47,5,27999,1.05,Low
USA,Dump Truck,2024-11-25,2024,11,48,6,25675,1.05,Medium
USA,Dump Truck,2024-12-02,2024,12,49,1,2461,0.85,Low
USA,Dump Truck,2024-12-09,2024,12,50,5,55954,0.85,Low
USA,Dump Truck,2024-12-16,2024,12,51,4,11810,0.85,Low
USA,Dump Truck,2024-12-23,2024,12,52,4,39411,0.85,Low
USA,Dump Truck,2024-12-30,2024,12,1,5,18972,0.85,Low
USA,Dump Truck,2025-01-06,2025,1,2,2,6872,0.8,Low
USA,Dump Truck,2025-01-13,2025,1,3,2,25611,0.8,Low
USA,Dump Truck,2025-01-20,2025,1,4,1,7812,0.8,Low
USA,Dump Truck,2025-01-27,2025,1,5,1,2589,0.8,Low
USA,Dump Truck,2025-02-03,2025,2,6,5,45686,0.85,Low
USA,Dump Truck,2025-02-10,2025,2,7,2,7634,0.85,Low
USA,Dump Truck,2025-02-17,2025,2,8,4,20852,0.85,Low
USA,Dump Truck,2025-02-24,2025,2,9,6,30063,0.85,Medium
USA,Dump Truck,2025-03-03,2025,3,10,2,8056,1.0,Low
USA,Dump Truck,2025-03-10,2025,3,11,2,10202,1.0,Low
USA,Dump Truck,2025-03-17,2025,3,12,3,15664,1.0,Low
USA,Dump Truck,2025-03-24,2025,3,13,4,25325,1.0,Low
USA,Dump Truck,2025-03-31,2025,3,14,4,21542,1.0,Low
USA,Dump Truck,2025-04-07,2025,4,15,4,43906,1.25,Low
USA,Dump Truck,2025-04-14,2025,4,16,5,35670,1.25,Low
USA,Dump Truck,2025-04-21,2025,4,17,5,24233,1.25,Low
USA,Dump Truck,2025-04-28,2025,4,18,2,20662,1.25,Low
USA,Dump Truck,2025-05-05,2025,5,19,7,44696,1.4,Medium
USA,Dump Truck,2025-05-12,2025,5,20,6,27977,1.4,Medium
USA,Dump Truck,2025-05-19,2025,5,21,4,18889,1.4,Low
USA,Dump Truck,2025-05-26,2025,5,22,10,49713,1.4,Medium
USA,Dump Truck,2025-06-02,2025,6,23,8,35416,1.5,Medium
USA,Dump Truck,2025-06-09,2025,6,24,2,11047,1.5,Low
USA,Dump Truck,2025-06-16,2025,6,25,5,22871,1.5,Low
USA,Dump Truck,2025-06-23,2025,6,26,7,34608,1.5,Medium
USA,Dump Truck,2025-06-30,2025,6,27,4,22918,1.5,Low
USA,Dump Truck,2025-07-07,2025,7,28,5,26056,1.45,Low
USA,Dump Truck,2025-07-14,2025,7,29,7,37985,1.45,Medium
USA,Dump Truck,2025-07-21,2025,7,30,12,55002,1.45,Medium
USA,Dump Truck,2025-07-28,2025,7,31,7,54887,1.45,Medium
USA,Dump Truck,2025-08-04,2025,8,32,9,66916,1.4,Medium
USA,Dump Truck,2025-08-11,2025,8,33,8,53925,1.4,Medium
USA,Dump Truck,2025-08-18,2025,8,34,3,31366,1.4,Low
USA,Dump Truck,2025-08-25,2025,8,35,6,25351,1.4,Medium
USA,Dump Truck,2025-09-01,2025,9,36,3,11262,1.35,Low
USA,Dump Truck,2025-09-08,2025,9,37,6,28351,1.35,Medium
USA,Dump Truck,2025-09-15,2025,9,38,5,36612,1.35,Low
USA,Dump Truck,2025-09-22,2025,9,39,7,31708,1.35,Medium
USA,Dump Truck,2025-09-29,2025,9,40,7,35688,1.35,Medium
USA,Dump Truck,2025-10-06,2025,10,41,6,26565,1.25,Medium
USA,Dump Truck,2025-10-13,2025,10,42,4,26010,1.25,Low
USA,Dump Truck,2025-10-20,2025,10,43,10,37779,1.25,Medium
USA,Dump Truck,2025-10-27,2025,10,44,4,9437,1.25,Low
USA,Dump Truck,2025-11-03,2025,11,45,3,26317,1.05,Low
USA,Dump Truck,2025-11-10,2025,11,46,3,4971,1.05,Low
USA,Dump Truck,2025-11-17,2025,11,47,3,24269,1.05,Low
USA,Dump Truck,2025-11-24,2025,11,48,3,15458,1.05,Low
USA,Dump Truck,2025-12-01,2025,12,49,6,26006,0.85,Medium
USA,Dump Truck,2025-12-08,2025,12,50,3,11756,0.85,Low
USA,Dump Truck,2025-12-15,2025,12,51,4,17209,0.85,Low
USA,Dump Truck,2025-12-22,2025,12,52,4,13957,0.85,Low
USA,Dump Truck,2025-12-29,2025,12,1,8,57629,0.85,Medium
USA,Dump Truck,2026-01-05,2026,1,2,3,17313,0.8,Low
USA,Dump Truck,2026-01-12,2026,1,3,2,13462,0.8,Low
USA,Dump Truck,2026-01-19,2026,1,4,1,5301,0.8,Low
USA,Dump Truck,2026-01-26,2026,1,5,4,20252,0.8,Low
USA,Dump Truck,2026-02-02,2026,2,6,2,8765,0.85,Low
USA,Dump Truck,2026-02-09,2026,2,7,1,9586,0.85,Low
USA,Dump Truck,2026-02-16,2026,2,8,2,5129,0.85,Low
USA,Dump Truck,2026-02-23,2026,2,9,8,44643,0.85,Medium
USA,Dump Truck,2026-03-02,2026,3,10,5,36399,1.0,Low
USA,Dump Truck,2026-03-09,2026,3,11,4,14242,1.0,Low
USA,Dump Truck,2026-03-16,2026,3,12,2,8941,1.0,Low
USA,Dump Truck,2026-03-23,2026,3,13,4,25432,1.0,Low
USA,Dump Truck,2026-03-30,2026,3,14,6,38002,1.0,Medium
USA,Dump Truck,2026-04-06,2026,4,15,5,21292,1.25,Low
USA,Dump Truck,2026-04-13,2026,4,16,8,39537,1.25,Medium
USA,Dump Truck,2026-04-20,2026,4,17,6,33978,1.25,Medium
USA,Dump Truck,2026-04-27,2026,4,18,4,14365,1.25,Low
USA,Dump Truck,2026-05-04,2026,5,19,8,51242,1.4,Medium
USA,Dump Truck,2026-05-11,2026,5,20,4,23836,1.4,Low
USA,Dump Truck,2026-05-18,2026,5,21,7,34495,1.4,Medium
USA,Dump Truck,2026-05-25,2026,5,22,8,39806,1.4,Medium
USA,Dump Truck,2026-06-01,2026,6,23,5,15643,1.5,Low
USA,Dump Truck,2026-06-08,2026,6,24,4,22457,1.5,Low
USA,Dump Truck,2026-06-15,2026,6,25,7,42654,1.5,Medium
USA,Dump Truck,2026-06-22,2026,6,26,9,41995,1.5,Medium
USA,Dump Truck,2026-06-29,2026,6,27,3,15843,1.5,Low
USA,Excavator,2023-01-02,2023,1,1,6,43118,0.7,Medium
USA,Excavator,2023-01-09,2023,1,2,2,6019,0.7,Low
USA,Excavator,2023-01-16,2023,1,3,2,14441,0.7,Low
USA,Excavator,2023-01-23,2023,1,4,7,36516,0.7,Medium
USA,Excavator,2023-01-30,2023,1,5,4,42745,0.7,Low
USA,Excavator,2023-02-06,2023,2,6,3,17076,0.7,Low
USA,Excavator,2023-02-13,2023,2,7,4,27937,0.7,Low
USA,Excavator,2023-02-20,2023,2,8,3,22774,0.7,Low
USA,Excavator,2023-02-27,2023,2,9,7,60834,0.7,Medium
USA,Excavator,2023-03-06,2023,3,10,5,52396,1.0,Low
USA,Excavator,2023-03-13,2023,3,11,5,37990,1.0,Low
USA,Excavator,2023-03-20,2023,3,12,10,71479,1.0,Medium
USA,Excavator,2023-03-27,2023,3,13,9,99688,1.0,Medium
USA,Excavator,2023-04-03,2023,4,14,9,98024,1.3,Medium
USA,Excavator,2023-04-10,2023,4,15,11,60408,1.3,Medium
USA,Excavator,2023-04-17,2023,4,16,17,193806,1.3,High
USA,Excavator,2023-04-24,2023,4,17,8,50600,1.3,Medium
USA,Excavator,2023-05-01,2023,5,18,16,151654,1.5,High
USA,Excavator,2023-05-08,2023,5,19,13,83973,1.5,Medium
USA,Excavator,2023-05-15,2023,5,20,14,145644,1.5,Medium
USA,Excavator,2023-05-22,2023,5,21,11,80284,1.5,Medium
USA,Excavator,2023-05-29,2023,5,22,5,48746,1.5,Low
USA,Excavator,2023-06-05,2023,6,23,13,109414,1.6,Medium
USA,Excavator,2023-06-12,2023,6,24,15,193000,1.6,High
USA,Excavator,2023-06-19,2023,6,25,12,112487,1.6,Medium
USA,Excavator,2023-06-26,2023,6,26,17,146519,1.6,High
USA,Excavator,2023-07-03,2023,7,27,11,94515,1.55,Medium
USA,Excavator,2023-07-10,2023,7,28,15,120082,1.55,High
USA,Excavator,2023-07-17,2023,7,29,7,54311,1.55,Medium
USA,Excavator,2023-07-24,2023,7,30,14,99974,1.55,Medium
USA,Excavator,2023-07-31,2023,7,31,15,145932,1.55,High
USA,Excavator,2023-08-07,2023,8,32,10,71330,1.5,Medium
USA,Excavator,2023-08-14,2023,8,33,21,213879,1.5,High
USA,Excavator,2023-08-21,2023,8,34,15,96737,1.5,High
USA,Excavator,2023-08-28,2023,8,35,15,120791,1.5,High
USA,Excavator,2023-09-04,2023,9,36,11,64837,1.4,Medium
USA,Excavator,2023-09-11,2023,9,37,15,100109,1.4,High
USA,Excavator,2023-09-18,2023,9,38,14,125912,1.4,Medium
USA,Excavator,2023-09-25,2023,9,39,5,39999,1.4,Low
USA,Excavator,2023-10-02,2023,10,40,13,91651,1.3,Medium
USA,Excavator,2023-10-09,2023,10,41,9,96337,1.3,Medium
USA,Excavator,2023-10-16,2023,10,42,12,109080,1.3,Medium
USA,Excavator,2023-10-23,2023,10,43,8,55046,1.3,Medium
USA,Excavator,2023-10-30,2023,10,44,10,87100,1.3,Medium
USA,Excavator,2023-11-06,2023,11,45,10,60717,1.0,Medium
USA,Excavator,2023-11-13,2023,11,46,10,93573,1.0,Medium
USA,Excavator,2023-11-20,2023,11,47,13,97284,1.0,Medium
USA,Excavator,2023-11-27,2023,11,48,8,70880,1.0,Medium
USA,Excavator,2023-12-04,2023,12,49,3,30049,0.75,Low
USA,Excavator,2023-12-11,2023,12,50,4,41858,0.75,Low
USA,Excavator,2023-12-18,2023,12,51,3,21608,0.75,Low
USA,Excavator,2023-12-25,2023,12,52,4,50272,0.75,Low
USA,Excavator,2024-01-01,2024,1,1,3,11339,0.7,Low
USA,Excavator,2024-01-08,2024,1,2,1,3701,0.7,Low
USA,Excavator,2024-01-15,2024,1,3,3,26828,0.7,Low
USA,Excavator,2024-01-22,2024,1,4,4,59288,0.7,Low
USA,Excavator,2024-01-29,2024,1,5,6,54901,0.7,Medium
USA,Excavator,2024-02-05,2024,2,6,2,8828,0.7,Low
USA,Excavator,2024-02-12,2024,2,7,3,15932,0.7,Low
USA,Excavator,2024-02-19,2024,2,8,5,43453,0.7,Low
USA,Excavator,2024-02-26,2024,2,9,6,67189,0.7,Medium
USA,Excavator,2024-03-04,2024,3,10,6,88518,1.0,Medium
USA,Excavator,2024-03-11,2024,3,11,8,42071,1.0,Medium
USA,Excavator,2024-03-18,2024,3,12,6,51167,1.0,Medium
USA,Excavator,2024-03-25,2024,3,13,2,27491,1.0,Low
USA,Excavator,2024-04-01,2024,4,14,8,81540,1.3,Medium
USA,Excavator,2024-04-08,2024,4,15,14,120017,1.3,Medium
USA,Excavator,2024-04-15,2024,4,16,12,148507,1.3,Medium
USA,Excavator,2024-04-22,2024,4,17,11,131958,1.3,Medium
USA,Excavator,2024-04-29,2024,4,18,8,57867,1.3,Medium
USA,Excavator,2024-05-06,2024,5,19,16,152668,1.5,High
USA,Excavator,2024-05-13,2024,5,20,13,103497,1.5,Medium
USA,Excavator,2024-05-20,2024,5,21,11,120368,1.5,Medium
USA,Excavator,2024-05-27,2024,5,22,9,84567,1.5,Medium
USA,Excavator,2024-06-03,2024,6,23,13,117223,1.6,Medium
USA,Excavator,2024-06-10,2024,6,24,23,171283,1.6,High
USA,Excavator,2024-06-17,2024,6,25,10,48774,1.6,Medium
USA,Excavator,2024-06-24,2024,6,26,15,147019,1.6,High
USA,Excavator,2024-07-01,2024,7,27,16,128006,1.55,High
USA,Excavator,2024-07-08,2024,7,28,9,81385,1.55,Medium
USA,Excavator,2024-07-15,2024,7,29,12,126184,1.55,Medium
USA,Excavator,2024-07-22,2024,7,30,12,90052,1.55,Medium
USA,Excavator,2024-07-29,2024,7,31,14,152420,1.55,Medium
USA,Excavator,2024-08-05,2024,8,32,9,79194,1.5,Medium
USA,Excavator,2024-08-12,2024,8,33,11,98505,1.5,Medium
USA,Excavator,2024-08-19,2024,8,34,8,51195,1.5,Medium
USA,Excavator,2024-08-26,2024,8,35,11,76900,1.5,Medium
USA,Excavator,2024-09-02,2024,9,36,18,206695,1.4,High
USA,Excavator,2024-09-09,2024,9,37,12,113092,1.4,Medium
USA,Excavator,2024-09-16,2024,9,38,7,72243,1.4,Medium
USA,Excavator,2024-09-23,2024,9,39,12,69797,1.4,Medium
USA,Excavator,2024-09-30,2024,9,40,14,147696,1.4,Medium
USA,Excavator,2024-10-07,2024,10,41,13,96613,1.3,Medium
USA,Excavator,2024-10-14,2024,10,42,16,160984,1.3,High
USA,Excavator,2024-10-21,2024,10,43,14,130574,1.3,Medium
USA,Excavator,2024-10-28,2024,10,44,7,88127,1.3,Medium
USA,Excavator,2024-11-04,2024,11,45,10,91757,1.0,Medium
USA,Excavator,2024-11-11,2024,11,46,4,29507,1.0,Low
USA,Excavator,2024-11-18,2024,11,47,14,171768,1.0,Medium
USA,Excavator,2024-11-25,2024,11,48,7,80236,1.0,Medium
USA,Excavator,2024-12-02,2024,12,49,6,45586,0.75,Medium
USA,Excavator,2024-12-09,2024,12,50,4,59168,0.75,Low
USA,Excavator,2024-12-16,2024,12,51,3,20370,0.75,Low
USA,Excavator,2024-12-23,2024,12,52,6,49949,0.75,Medium
USA,Excavator,2024-12-30,2024,12,1,3,24548,0.75,Low
USA,Excavator,2025-01-13,2025,1,3,4,19934,0.7,Low
USA,Excavator,2025-01-20,2025,1,4,1,4602,0.7,Low
USA,Excavator,2025-01-27,2025,1,5,5,24445,0.7,Low
USA,Excavator,2025-02-03,2025,2,6,7,57744,0.7,Medium
USA,Excavator,2025-02-10,2025,2,7,3,30777,0.7,Low
USA,Excavator,2025-02-17,2025,2,8,6,70404,0.7,Medium
USA,Excavator,2025-02-24,2025,2,9,8,47750,0.7,Medium
USA,Excavator,2025-03-03,2025,3,10,5,31961,1.0,Low
USA,Excavator,2025-03-10,2025,3,11,3,34871,1.0,Low
USA,Excavator,2025-03-17,2025,3,12,6,56579,1.0,Medium
USA,Excavator,2025-03-24,2025,3,13,7,63494,1.0,Medium
USA,Excavator,2025-03-31,2025,3,14,14,156519,1.0,Medium
USA,Excavator,2025-04-07,2025,4,15,11,78906,1.3,Medium
USA,Excavator,2025-04-14,2025,4,16,10,73751,1.3,Medium
USA,Excavator,2025-04-21,2025,4,17,10,115644,1.3,Medium
USA,Excavator,2025-04-28,2025,4,18,7,43147,1.3,Medium
USA,Excavator,2025-05-05,2025,5,19,14,134926,1.5,Medium
USA,Excavator,2025-05-12,2025,5,20,10,118557,1.5,Medium
USA,Excavator,2025-05-19,2025,5,21,17,132318,1.5,High
USA,Excavator,2025-05-26,2025,5,22,14,99916,1.5,Medium
USA,Excavator,2025-06-02,2025,6,23,11,80817,1.6,Medium
USA,Excavator,2025-06-09,2025,6,24,15,94700,1.6,High
USA,Excavator,2025-06-16,2025,6,25,25,240255,1.6,High
USA,Excavator,2025-06-23,2025,6,26,13,103044,1.6,Medium
USA,Excavator,2025-06-30,2025,6,27,15,166820,1.6,High
USA,Excavator,2025-07-07,2025,7,28,16,213767,1.55,High
USA,Excavator,2025-07-14,2025,7,29,16,122691,1.55,High
USA,Excavator,2025-07-21,2025,7,30,12,81607,1.55,Medium
USA,Excavator,2025-07-28,2025,7,31,13,91167,1.55,Medium
USA,Excavator,2025-08-04,2025,8,32,19,211775,1.5,High
USA,Excavator,2025-08-11,2025,8,33,15,150833,1.5,High
USA,Excavator,2025-08-18,2025,8,34,13,137029,1.5,Medium
USA,Excavator,2025-08-25,2025,8,35,8,52799,1.5,Medium
USA,Excavator,2025-09-01,2025,9,36,10,68716,1.4,Medium
USA,Excavator,2025-09-08,2025,9,37,12,142029,1.4,Medium
USA,Excavator,2025-09-15,2025,9,38,13,110609,1.4,Medium
USA,Excavator,2025-09-22,2025,9,39,18,205034,1.4,High
USA,Excavator,2025-09-29,2025,9,40,11,80007,1.4,Medium
USA,Excavator,2025-10-06,2025,10,41,11,123004,1.3,Medium
USA,Excavator,2025-10-13,2025,10,42,14,154952,1.3,Medium
USA,Excavator,2025-10-20,2025,10,43,14,103662,1.3,Medium
USA,Excavator,2025-10-27,2025,10,44,10,113866,1.3,Medium
USA,Excavator,2025-11-03,2025,11,45,11,79941,1.0,Medium
USA,Excavator,2025-11-10,2025,11,46,5,45289,1.0,Low
USA,Excavator,2025-11-17,2025,11,47,8,82852,1.0,Medium
USA,Excavator,2025-11-24,2025,11,48,8,97177,1.0,Medium
USA,Excavator,2025-12-01,2025,12,49,2,38929,0.75,Low
USA,Excavator,2025-12-08,2025,12,50,4,40080,0.75,Low
USA,Excavator,2025-12-15,2025,12,51,3,11357,0.75,Low
USA,Excavator,2025-12-22,2025,12,52,2,22464,0.75,Low
USA,Excavator,2025-12-29,2025,12,1,5,49180,0.75,Low
USA,Excavator,2026-01-05,2026,1,2,4,59904,0.7,Low
USA,Excavator,2026-01-12,2026,1,3,7,45434,0.7,Medium
USA,Excavator,2026-01-19,2026,1,4,3,23975,0.7,Low
USA,Excavator,2026-01-26,2026,1,5,3,21703,0.7,Low
USA,Excavator,2026-02-02,2026,2,6,3,32879,0.7,Low
USA,Excavator,2026-02-09,2026,2,7,3,22781,0.7,Low
USA,Excavator,2026-02-16,2026,2,8,3,23351,0.7,Low
USA,Excavator,2026-02-23,2026,2,9,4,40581,0.7,Low
USA,Excavator,2026-03-02,2026,3,10,11,74062,1.0,Medium
USA,Excavator,2026-03-09,2026,3,11,4,21097,1.0,Low
USA,Excavator,2026-03-16,2026,3,12,2,19698,1.0,Low
USA,Excavator,2026-03-23,2026,3,13,10,94275,1.0,Medium
USA,Excavator,2026-03-30,2026,3,14,7,65666,1.0,Medium
USA,Excavator,2026-04-06,2026,4,15,10,72148,1.3,Medium
USA,Excavator,2026-04-13,2026,4,16,9,98397,1.3,Medium
USA,Excavator,2026-04-20,2026,4,17,13,104272,1.3,Medium
USA,Excavator,2026-04-27,2026,4,18,5,44349,1.3,Low
USA,Excavator,2026-05-04,2026,5,19,13,103981,1.5,Medium
USA,Excavator,2026-05-11,2026,5,20,11,95373,1.5,Medium
USA,Excavator,2026-05-18,2026,5,21,12,112850,1.5,Medium
USA,Excavator,2026-05-25,2026,5,22,9,54057,1.5,Medium
USA,Excavator,2026-06-01,2026,6,23,17,168771,1.6,High
USA,Excavator,2026-06-08,2026,6,24,16,98477,1.6,High
USA,Excavator,2026-06-15,2026,6,25,10,72891,1.6,Medium
USA,Excavator,2026-06-22,2026,6,26,12,151641,1.6,Medium
USA,Excavator,2026-06-29,2026,6,27,7,49747,1.6,Medium
USA,Motor Grader,2023-01-09,2023,1,2,1,2010,0.75,Low
USA,Motor Grader,2023-02-13,2023,2,7,1,3893,0.8,Low
USA,Motor Grader,2023-02-20,2023,2,8,1,29929,0.8,Low
USA,Motor Grader,2023-02-27,2023,2,9,1,4185,0.8,Low
USA,Motor Grader,2023-03-06,2023,3,10,2,11367,1.0,Low
USA,Motor Grader,2023-03-13,2023,3,11,3,34872,1.0,Low
USA,Motor Grader,2023-03-20,2023,3,12,1,19641,1.0,Low
USA,Motor Grader,2023-03-27,2023,3,13,2,14726,1.0,Low
USA,Motor Grader,2023-04-10,2023,4,15,5,36071,1.3,Low
USA,Motor Grader,2023-04-17,2023,4,16,1,8216,1.3,Low
USA,Motor Grader,2023-04-24,2023,4,17,2,9985,1.3,Low
USA,Motor Grader,2023-05-01,2023,5,18,3,26611,1.5,Low
USA,Motor Grader,2023-05-08,2023,5,19,6,63061,1.5,Medium
USA,Motor Grader,2023-05-15,2023,5,20,2,13343,1.5,Low
USA,Motor Grader,2023-05-22,2023,5,21,3,27139,1.5,Low
USA,Motor Grader,2023-05-29,2023,5,22,3,53190,1.5,Low
USA,Motor Grader,2023-06-05,2023,6,23,4,27914,1.55,Low
USA,Motor Grader,2023-06-12,2023,6,24,7,52326,1.55,Medium
USA,Motor Grader,2023-06-19,2023,6,25,3,34333,1.55,Low
USA,Motor Grader,2023-06-26,2023,6,26,3,25200,1.55,Low
USA,Motor Grader,2023-07-03,2023,7,27,4,46687,1.5,Low
USA,Motor Grader,2023-07-10,2023,7,28,4,23887,1.5,Low
USA,Motor Grader,2023-07-17,2023,7,29,2,13130,1.5,Low
USA,Motor Grader,2023-07-24,2023,7,30,2,25123,1.5,Low
USA,Motor Grader,2023-07-31,2023,7,31,2,42212,1.5,Low
USA,Motor Grader,2023-08-07,2023,8,32,1,1654,1.45,Low
USA,Motor Grader,2023-08-14,2023,8,33,2,18391,1.45,Low
USA,Motor Grader,2023-08-21,2023,8,34,4,32285,1.45,Low
USA,Motor Grader,2023-08-28,2023,8,35,4,44953,1.45,Low
USA,Motor Grader,2023-09-04,2023,9,36,2,6528,1.35,Low
USA,Motor Grader,2023-09-11,2023,9,37,3,18619,1.35,Low
USA,Motor Grader,2023-09-18,2023,9,38,2,16209,1.35,Low
USA,Motor Grader,2023-09-25,2023,9,39,1,18343,1.35,Low
USA,Motor Grader,2023-10-02,2023,10,40,6,70122,1.25,Medium
USA,Motor Grader,2023-10-09,2023,10,41,1,19045,1.25,Low
USA,Motor Grader,2023-10-16,2023,10,42,3,27909,1.25,Low
USA,Motor Grader,2023-10-23,2023,10,43,4,35928,1.25,Low
USA,Motor Grader,2023-10-30,2023,10,44,2,26907,1.25,Low
USA,Motor Grader,2023-11-13,2023,11,46,2,17511,1.0,Low
USA,Motor Grader,2023-11-20,2023,11,47,5,49491,1.0,Low
USA,Motor Grader,2023-11-27,2023,11,48,1,4143,1.0,Low
USA,Motor Grader,2023-12-11,2023,12,50,1,17609,0.8,Low
USA,Motor Grader,2023-12-18,2023,12,51,2,28503,0.8,Low
USA,Motor Grader,2023-12-25,2023,12,52,2,8171,0.8,Low
USA,Motor Grader,2024-01-01,2024,1,1,2,18837,0.75,Low
USA,Motor Grader,2024-01-29,2024,1,5,2,7173,0.75,Low
USA,Motor Grader,2024-02-05,2024,2,6,2,11535,0.8,Low
USA,Motor Grader,2024-02-12,2024,2,7,3,21328,0.8,Low
USA,Motor Grader,2024-02-19,2024,2,8,1,11509,0.8,Low
USA,Motor Grader,2024-02-26,2024,2,9,4,40429,0.8,Low
USA,Motor Grader,2024-03-04,2024,3,10,1,2092,1.0,Low
USA,Motor Grader,2024-03-11,2024,3,11,1,6604,1.0,Low
USA,Motor Grader,2024-03-25,2024,3,13,1,5078,1.0,Low
USA,Motor Grader,2024-04-01,2024,4,14,8,57189,1.3,Medium
USA,Motor Grader,2024-04-08,2024,4,15,4,36984,1.3,Low
USA,Motor Grader,2024-04-15,2024,4,16,2,16097,1.3,Low
USA,Motor Grader,2024-04-22,2024,4,17,7,85275,1.3,Medium
USA,Motor Grader,2024-04-29,2024,4,18,5,55752,1.3,Low
USA,Motor Grader,2024-05-06,2024,5,19,3,33102,1.5,Low
USA,Motor Grader,2024-05-13,2024,5,20,2,40330,1.5,Low
USA,Motor Grader,2024-05-20,2024,5,21,1,15418,1.5,Low
USA,Motor Grader,2024-05-27,2024,5,22,3,22062,1.5,Low
USA,Motor Grader,2024-06-03,2024,6,23,6,57697,1.55,Medium
USA,Motor Grader,2024-06-10,2024,6,24,6,67952,1.55,Medium
USA,Motor Grader,2024-06-17,2024,6,25,5,51348,1.55,Low
USA,Motor Grader,2024-06-24,2024,6,26,1,3970,1.55,Low
USA,Motor Grader,2024-07-01,2024,7,27,6,53731,1.5,Medium
USA,Motor Grader,2024-07-08,2024,7,28,1,12914,1.5,Low
USA,Motor Grader,2024-07-15,2024,7,29,8,67955,1.5,Medium
USA,Motor Grader,2024-07-22,2024,7,30,4,32694,1.5,Low
USA,Motor Grader,2024-07-29,2024,7,31,3,50256,1.5,Low
USA,Motor Grader,2024-08-05,2024,8,32,3,23245,1.45,Low
USA,Motor Grader,2024-08-12,2024,8,33,2,14728,1.45,Low
USA,Motor Grader,2024-08-19,2024,8,34,5,46162,1.45,Low
USA,Motor Grader,2024-08-26,2024,8,35,1,14501,1.45,Low
USA,Motor Grader,2024-09-02,2024,9,36,4,25789,1.35,Low
USA,Motor Grader,2024-09-09,2024,9,37,6,59868,1.35,Medium
USA,Motor Grader,2024-09-16,2024,9,38,1,2481,1.35,Low
USA,Motor Grader,2024-09-23,2024,9,39,2,11156,1.35,Low
USA,Motor Grader,2024-09-30,2024,9,40,8,67992,1.35,Medium
USA,Motor Grader,2024-10-07,2024,10,41,3,20968,1.25,Low
USA,Motor Grader,2024-10-14,2024,10,42,4,54350,1.25,Low
USA,Motor Grader,2024-10-21,2024,10,43,3,38168,1.25,Low
USA,Motor Grader,2024-11-04,2024,11,45,5,24113,1.0,Low
USA,Motor Grader,2024-11-11,2024,11,46,2,10054,1.0,Low
USA,Motor Grader,2024-11-18,2024,11,47,2,24017,1.0,Low
USA,Motor Grader,2024-11-25,2024,11,48,4,34902,1.0,Low
USA,Motor Grader,2024-12-02,2024,12,49,1,8950,0.8,Low
USA,Motor Grader,2024-12-09,2024,12,50,3,24164,0.8,Low
USA,Motor Grader,2024-12-16,2024,12,51,2,30966,0.8,Low
USA,Motor Grader,2024-12-30,2024,12,1,2,10751,0.8,Low
USA,Motor Grader,2025-02-03,2025,2,6,2,8117,0.8,Low
USA,Motor Grader,2025-02-10,2025,2,7,2,24409,0.8,Low
USA,Motor Grader,2025-02-17,2025,2,8,3,11628,0.8,Low
USA,Motor Grader,2025-03-10,2025,3,11,1,3171,1.0,Low
USA,Motor Grader,2025-03-17,2025,3,12,3,26913,1.0,Low
USA,Motor Grader,2025-03-24,2025,3,13,2,14435,1.0,Low
USA,Motor Grader,2025-03-31,2025,3,14,3,61081,1.0,Low
USA,Motor Grader,2025-04-07,2025,4,15,3,19209,1.3,Low
USA,Motor Grader,2025-04-14,2025,4,16,1,11512,1.3,Low
USA,Motor Grader,2025-04-21,2025,4,17,3,9427,1.3,Low
USA,Motor Grader,2025-04-28,2025,4,18,4,34925,1.3,Low
USA,Motor Grader,2025-05-05,2025,5,19,1,11275,1.5,Low
USA,Motor Grader,2025-05-12,2025,5,20,3,33839,1.5,Low
USA,Motor Grader,2025-05-19,2025,5,21,4,41055,1.5,Low
USA,Motor Grader,2025-05-26,2025,5,22,3,21198,1.5,Low
USA,Motor Grader,2025-06-02,2025,6,23,4,24177,1.55,Low
USA,Motor Grader,2025-06-09,2025,6,24,5,38642,1.55,Low
USA,Motor Grader,2025-06-16,2025,6,25,2,27218,1.55,Low
USA,Motor Grader,2025-06-23,2025,6,26,1,9218,1.55,Low
USA,Motor Grader,2025-06-30,2025,6,27,3,22054,1.55,Low
USA,Motor Grader,2025-07-07,2025,7,28,5,29381,1.5,Low
USA,Motor Grader,2025-07-14,2025,7,29,4,23958,1.5,Low
USA,Motor Grader,2025-07-21,2025,7,30,9,97475,1.5,Medium
USA,Motor Grader,2025-07-28,2025,7,31,4,48019,1.5,Low
USA,Motor Grader,2025-08-04,2025,8,32,3,33421,1.45,Low
USA,Motor Grader,2025-08-11,2025,8,33,3,36367,1.45,Low
USA,Motor Grader,2025-08-18,2025,8,34,2,22613,1.45,Low
USA,Motor Grader,2025-08-25,2025,8,35,4,17724,1.45,Low
USA,Motor Grader,2025-09-01,2025,9,36,4,33280,1.35,Low
USA,Motor Grader,2025-09-08,2025,9,37,6,55721,1.35,Medium
USA,Motor Grader,2025-09-15,2025,9,38,2,5385,1.35,Low
USA,Motor Grader,2025-09-22,2025,9,39,2,10938,1.35,Low
USA,Motor Grader,2025-09-29,2025,9,40,5,26358,1.35,Low
USA,Motor Grader,2025-10-06,2025,10,41,1,16250,1.25,Low
USA,Motor Grader,2025-10-13,2025,10,42,2,19354,1.25,Low
USA,Motor Grader,2025-10-20,2025,10,43,2,7788,1.25,Low
USA,Motor Grader,2025-10-27,2025,10,44,3,21981,1.25,Low
USA,Motor Grader,2025-11-03,2025,11,45,2,17249,1.0,Low
USA,Motor Grader,2025-11-10,2025,11,46,2,15326,1.0,Low
USA,Motor Grader,2025-11-17,2025,11,47,2,25963,1.0,Low
USA,Motor Grader,2025-11-24,2025,11,48,1,8761,1.0,Low
USA,Motor Grader,2025-12-01,2025,12,49,1,2028,0.8,Low
USA,Motor Grader,2025-12-08,2025,12,50,2,30516,0.8,Low
USA,Motor Grader,2025-12-22,2025,12,52,1,10939,0.8,Low
USA,Motor Grader,2026-01-12,2026,1,3,1,9176,0.75,Low
USA,Motor Grader,2026-01-19,2026,1,4,2,17851,0.75,Low
USA,Motor Grader,2026-02-02,2026,2,6,2,23320,0.8,Low
USA,Motor Grader,2026-02-09,2026,2,7,2,12039,0.8,Low
USA,Motor Grader,2026-02-16,2026,2,8,1,2951,0.8,Low
USA,Motor Grader,2026-02-23,2026,2,9,2,10857,0.8,Low
USA,Motor Grader,2026-03-09,2026,3,11,2,5323,1.0,Low
USA,Motor Grader,2026-03-16,2026,3,12,1,2450,1.0,Low
USA,Motor Grader,2026-03-23,2026,3,13,1,5947,1.0,Low
USA,Motor Grader,2026-03-30,2026,3,14,2,6990,1.0,Low
USA,Motor Grader,2026-04-06,2026,4,15,6,53994,1.3,Medium
USA,Motor Grader,2026-04-13,2026,4,16,4,19679,1.3,Low
USA,Motor Grader,2026-04-20,2026,4,17,5,34930,1.3,Low
USA,Motor Grader,2026-04-27,2026,4,18,5,52121,1.3,Low
USA,Motor Grader,2026-05-04,2026,5,19,4,43895,1.5,Low
USA,Motor Grader,2026-05-11,2026,5,20,3,23017,1.5,Low
USA,Motor Grader,2026-05-18,2026,5,21,5,22929,1.5,Low
USA,Motor Grader,2026-05-25,2026,5,22,4,24355,1.5,Low
USA,Motor Grader,2026-06-01,2026,6,23,3,32962,1.55,Low
USA,Motor Grader,2026-06-08,2026,6,24,4,43381,1.55,Low
USA,Motor Grader,2026-06-15,2026,6,25,4,31432,1.55,Low
USA,Motor Grader,2026-06-22,2026,6,26,2,18154,1.55,Low
USA,Motor Grader,2026-06-29,2026,6,27,5,42362,1.55,Low
USA,Scraper,2023-01-09,2023,1,2,2,18053,0.7,Low
USA,Scraper,2023-01-23,2023,1,4,2,19753,0.7,Low
USA,Scraper,2023-01-30,2023,1,5,3,24508,0.7,Low
USA,Scraper,2023-02-06,2023,2,6,3,70894,0.75,Low
USA,Scraper,2023-02-13,2023,2,7,1,2025,0.75,Low
USA,Scraper,2023-02-20,2023,2,8,2,26989,0.75,Low
USA,Scraper,2023-02-27,2023,2,9,2,34662,0.75,Low
USA,Scraper,2023-03-06,2023,3,10,3,68795,1.0,Low
USA,Scraper,2023-03-13,2023,3,11,5,47361,1.0,Low
USA,Scraper,2023-03-20,2023,3,12,3,59778,1.0,Low
USA,Scraper,2023-03-27,2023,3,13,3,71869,1.0,Low
USA,Scraper,2023-04-03,2023,4,14,5,43222,1.3,Low
USA,Scraper,2023-04-10,2023,4,15,3,15692,1.3,Low
USA,Scraper,2023-04-17,2023,4,16,4,37105,1.3,Low
USA,Scraper,2023-04-24,2023,4,17,3,38024,1.3,Low
USA,Scraper,2023-05-01,2023,5,18,7,78137,1.55,Medium
USA,Scraper,2023-05-08,2023,5,19,3,25830,1.55,Low
USA,Scraper,2023-05-15,2023,5,20,3,30214,1.55,Low
USA,Scraper,2023-05-22,2023,5,21,2,7114,1.55,Low
USA,Scraper,2023-05-29,2023,5,22,11,85556,1.55,Medium
USA,Scraper,2023-06-05,2023,6,23,9,146566,1.65,Medium
USA,Scraper,2023-06-12,2023,6,24,4,132548,1.65,Low
USA,Scraper,2023-06-19,2023,6,25,8,66815,1.65,Medium
USA,Scraper,2023-06-26,2023,6,26,5,57629,1.65,Low
USA,Scraper,2023-07-03,2023,7,27,6,73186,1.55,Medium
USA,Scraper,2023-07-10,2023,7,28,7,120255,1.55,Medium
USA,Scraper,2023-07-17,2023,7,29,6,56083,1.55,Medium
USA,Scraper,2023-07-24,2023,7,30,7,116569,1.55,Medium
USA,Scraper,2023-07-31,2023,7,31,5,55217,1.55,Low
USA,Scraper,2023-08-07,2023,8,32,5,57863,1.5,Low
USA,Scraper,2023-08-14,2023,8,33,5,42820,1.5,Low
USA,Scraper,2023-08-21,2023,8,34,4,59401,1.5,Low
USA,Scraper,2023-08-28,2023,8,35,7,84027,1.5,Medium
USA,Scraper,2023-09-04,2023,9,36,7,112429,1.4,Medium
USA,Scraper,2023-09-11,2023,9,37,3,20400,1.4,Low
USA,Scraper,2023-09-18,2023,9,38,5,52349,1.4,Low
USA,Scraper,2023-09-25,2023,9,39,3,64313,1.4,Low
USA,Scraper,2023-10-02,2023,10,40,3,15274,1.25,Low
USA,Scraper,2023-10-09,2023,10,41,6,53000,1.25,Medium
USA,Scraper,2023-10-16,2023,10,42,6,56148,1.25,Medium
USA,Scraper,2023-10-23,2023,10,43,5,28640,1.25,Low
USA,Scraper,2023-10-30,2023,10,44,2,35143,1.25,Low
USA,Scraper,2023-11-06,2023,11,45,1,2242,1.0,Low
USA,Scraper,2023-11-13,2023,11,46,8,125512,1.0,Medium
USA,Scraper,2023-11-27,2023,11,48,2,11937,1.0,Low
USA,Scraper,2023-12-04,2023,12,49,2,27752,0.75,Low
USA,Scraper,2023-12-11,2023,12,50,1,27922,0.75,Low
USA,Scraper,2023-12-25,2023,12,52,3,49046,0.75,Low
USA,Scraper,2024-01-01,2024,1,1,2,30670,0.7,Low
USA,Scraper,2024-01-15,2024,1,3,1,2471,0.7,Low
USA,Scraper,2024-01-22,2024,1,4,1,10512,0.7,Low
USA,Scraper,2024-01-29,2024,1,5,1,7126,0.7,Low
USA,Scraper,2024-02-05,2024,2,6,1,2372,0.75,Low
USA,Scraper,2024-02-12,2024,2,7,3,34474,0.75,Low
USA,Scraper,2024-02-19,2024,2,8,2,10907,0.75,Low
USA,Scraper,2024-02-26,2024,2,9,1,24265,0.75,Low
USA,Scraper,2024-03-04,2024,3,10,2,14296,1.0,Low
USA,Scraper,2024-03-11,2024,3,11,2,16870,1.0,Low
USA,Scraper,2024-03-18,2024,3,12,2,18040,1.0,Low
USA,Scraper,2024-03-25,2024,3,13,2,23979,1.0,Low
USA,Scraper,2024-04-01,2024,4,14,9,167016,1.3,Medium
USA,Scraper,2024-04-08,2024,4,15,3,33188,1.3,Low
USA,Scraper,2024-04-15,2024,4,16,7,64799,1.3,Medium
USA,Scraper,2024-04-22,2024,4,17,3,58051,1.3,Low
USA,Scraper,2024-04-29,2024,4,18,5,43563,1.3,Low
USA,Scraper,2024-05-06,2024,5,19,10,121486,1.55,Medium
USA,Scraper,2024-05-13,2024,5,20,3,41073,1.55,Low
USA,Scraper,2024-05-20,2024,5,21,5,26713,1.55,Low
USA,Scraper,2024-05-27,2024,5,22,8,88916,1.55,Medium
USA,Scraper,2024-06-03,2024,6,23,5,46180,1.65,Low
USA,Scraper,2024-06-10,2024,6,24,5,53047,1.65,Low
USA,Scraper,2024-06-17,2024,6,25,7,102295,1.65,Medium
USA,Scraper,2024-06-24,2024,6,26,8,122134,1.65,Medium
USA,Scraper,2024-07-01,2024,7,27,7,88560,1.55,Medium
USA,Scraper,2024-07-08,2024,7,28,5,50395,1.55,Low
USA,Scraper,2024-07-15,2024,7,29,4,21782,1.55,Low
USA,Scraper,2024-07-22,2024,7,30,4,46091,1.55,Low
USA,Scraper,2024-07-29,2024,7,31,3,57563,1.55,Low
USA,Scraper,2024-08-05,2024,8,32,3,72514,1.5,Low
USA,Scraper,2024-08-12,2024,8,33,6,98175,1.5,Medium
USA,Scraper,2024-08-19,2024,8,34,7,63864,1.5,Medium
USA,Scraper,2024-08-26,2024,8,35,7,65257,1.5,Medium
USA,Scraper,2024-09-02,2024,9,36,6,73542,1.4,Medium
USA,Scraper,2024-09-09,2024,9,37,6,101899,1.4,Medium
USA,Scraper,2024-09-16,2024,9,38,8,58540,1.4,Medium
USA,Scraper,2024-09-23,2024,9,39,4,82531,1.4,Low
USA,Scraper,2024-09-30,2024,9,40,6,54148,1.4,Medium
USA,Scraper,2024-10-07,2024,10,41,6,74578,1.25,Medium
USA,Scraper,2024-10-14,2024,10,42,7,60638,1.25,Medium
USA,Scraper,2024-10-21,2024,10,43,3,71731,1.25,Low
USA,Scraper,2024-10-28,2024,10,44,8,52057,1.25,Medium
USA,Scraper,2024-11-04,2024,11,45,7,88853,1.0,Medium
USA,Scraper,2024-11-11,2024,11,46,5,71732,1.0,Low
USA,Scraper,2024-11-18,2024,11,47,3,29424,1.0,Low
USA,Scraper,2024-11-25,2024,11,48,3,35861,1.0,Low
USA,Scraper,2024-12-02,2024,12,49,4,26251,0.75,Low
USA,Scraper,2024-12-09,2024,12,50,1,5108,0.75,Low
USA,Scraper,2024-12-16,2024,12,51,2,23359,0.75,Low
USA,Scraper,2024-12-23,2024,12,52,3,24501,0.75,Low
USA,Scraper,2025-01-06,2025,1,2,3,44227,0.7,Low
USA,Scraper,2025-01-20,2025,1,4,1,3706,0.7,Low
USA,Scraper,2025-01-27,2025,1,5,3,38653,0.7,Low
USA,Scraper,2025-02-03,2025,2,6,1,9579,0.75,Low
USA,Scraper,2025-02-17,2025,2,8,3,30105,0.75,Low
USA,Scraper,2025-02-24,2025,2,9,1,15899,0.75,Low
USA,Scraper,2025-03-10,2025,3,11,2,35742,1.0,Low
USA,Scraper,2025-03-17,2025,3,12,5,39072,1.0,Low
USA,Scraper,2025-03-24,2025,3,13,2,24825,1.0,Low
USA,Scraper,2025-03-31,2025,3,14,6,56756,1.0,Medium
USA,Scraper,2025-04-07,2025,4,15,5,37214,1.3,Low
USA,Scraper,2025-04-14,2025,4,16,3,32715,1.3,Low
USA,Scraper,2025-04-21,2025,4,17,10,141337,1.3,Medium
USA,Scraper,2025-04-28,2025,4,18,7,56745,1.3,Medium
USA,Scraper,2025-05-05,2025,5,19,5,83551,1.55,Low
USA,Scraper,2025-05-12,2025,5,20,11,92405,1.55,Medium
USA,Scraper,2025-05-19,2025,5,21,4,36598,1.55,Low
USA,Scraper,2025-05-26,2025,5,22,3,23746,1.55,Low
USA,Scraper,2025-06-02,2025,6,23,4,42098,1.65,Low
USA,Scraper,2025-06-09,2025,6,24,9,71108,1.65,Medium
USA,Scraper,2025-06-16,2025,6,25,6,72805,1.65,Medium
USA,Scraper,2025-06-23,2025,6,26,4,43657,1.65,Low
USA,Scraper,2025-06-30,2025,6,27,4,27111,1.65,Low
USA,Scraper,2025-07-07,2025,7,28,11,101079,1.55,Medium
USA,Scraper,2025-07-14,2025,7,29,5,94958,1.55,Low
USA,Scraper,2025-07-21,2025,7,30,8,86521,1.55,Medium
USA,Scraper,2025-07-28,2025,7,31,5,55489,1.55,Low
USA,Scraper,2025-08-04,2025,8,32,7,110593,1.5,Medium
USA,Scraper,2025-08-11,2025,8,33,4,26626,1.5,Low
USA,Scraper,2025-08-18,2025,8,34,4,28925,1.5,Low
USA,Scraper,2025-08-25,2025,8,35,7,57042,1.5,Medium
USA,Scraper,2025-09-01,2025,9,36,6,34727,1.4,Medium
USA,Scraper,2025-09-08,2025,9,37,7,74435,1.4,Medium
USA,Scraper,2025-09-15,2025,9,38,7,58527,1.4,Medium
USA,Scraper,2025-09-22,2025,9,39,3,33073,1.4,Low
USA,Scraper,2025-09-29,2025,9,40,9,107454,1.4,Medium
USA,Scraper,2025-10-06,2025,10,41,6,42468,1.25,Medium
USA,Scraper,2025-10-13,2025,10,42,4,47630,1.25,Low
USA,Scraper,2025-10-20,2025,10,43,6,53249,1.25,Medium
USA,Scraper,2025-10-27,2025,10,44,4,56494,1.25,Low
USA,Scraper,2025-11-03,2025,11,45,3,12274,1.0,Low
USA,Scraper,2025-11-10,2025,11,46,3,31434,1.0,Low
USA,Scraper,2025-11-17,2025,11,47,4,41103,1.0,Low
USA,Scraper,2025-11-24,2025,11,48,5,48616,1.0,Low
USA,Scraper,2025-12-01,2025,12,49,1,13766,0.75,Low
USA,Scraper,2025-12-08,2025,12,50,1,21116,0.75,Low
USA,Scraper,2025-12-15,2025,12,51,1,6762,0.75,Low
USA,Scraper,2025-12-22,2025,12,52,3,36195,0.75,Low
USA,Scraper,2025-12-29,2025,12,1,3,41580,0.75,Low
USA,Scraper,2026-01-05,2026,1,2,1,2369,0.7,Low
USA,Scraper,2026-01-12,2026,1,3,3,31163,0.7,Low
USA,Scraper,2026-01-19,2026,1,4,1,7567,0.7,Low
USA,Scraper,2026-01-26,2026,1,5,4,74540,0.7,Low
USA,Scraper,2026-02-02,2026,2,6,1,3981,0.75,Low
USA,Scraper,2026-02-09,2026,2,7,2,14630,0.75,Low
USA,Scraper,2026-02-16,2026,2,8,3,30669,0.75,Low
USA,Scraper,2026-02-23,2026,2,9,1,12554,0.75,Low
USA,Scraper,2026-03-02,2026,3,10,3,21444,1.0,Low
USA,Scraper,2026-03-09,2026,3,11,2,22825,1.0,Low
USA,Scraper,2026-03-16,2026,3,12,2,15351,1.0,Low
USA,Scraper,2026-03-23,2026,3,13,1,7304,1.0,Low
USA,Scraper,2026-03-30,2026,3,14,5,93278,1.0,Low
USA,Scraper,2026-04-06,2026,4,15,6,58112,1.3,Medium
USA,Scraper,2026-04-13,2026,4,16,8,77883,1.3,Medium
USA,Scraper,2026-04-20,2026,4,17,6,73325,1.3,Medium
USA,Scraper,2026-04-27,2026,4,18,7,120152,1.3,Medium
USA,Scraper,2026-05-04,2026,5,19,4,38977,1.55,Low
USA,Scraper,2026-05-11,2026,5,20,2,56036,1.55,Low
USA,Scraper,2026-05-18,2026,5,21,6,53025,1.55,Medium
USA,Scraper,2026-05-25,2026,5,22,11,94569,1.55,Medium
USA,Scraper,2026-06-01,2026,6,23,4,90596,1.65,Low
USA,Scraper,2026-06-08,2026,6,24,11,101079,1.65,Medium
USA,Scraper,2026-06-15,2026,6,25,4,76527,1.65,Low
USA,Scraper,2026-06-22,2026,6,26,2,21463,1.65,Low
USA,Scraper,2026-06-29,2026,6,27,1,5000,1.65,Low
USA,Skid Steer Loader,2023-01-02,2023,1,1,4,8934,0.85,Low
USA,Skid Steer Loader,2023-01-09,2023,1,2,4,4796,0.85,Low
USA,Skid Steer Loader,2023-01-16,2023,1,3,6,18006,0.85,Medium
USA,Skid Steer Loader,2023-01-23,2023,1,4,3,6410,0.85,Low
USA,Skid Steer Loader,2023-01-30,2023,1,5,3,11156,0.85,Low
USA,Skid Steer Loader,2023-02-06,2023,2,6,6,19220,0.85,Medium
USA,Skid Steer Loader,2023-02-13,2023,2,7,1,2060,0.85,Low
USA,Skid Steer Loader,2023-02-20,2023,2,8,2,7796,0.85,Low
USA,Skid Steer Loader,2023-02-27,2023,2,9,2,2834,0.85,Low
USA,Skid Steer Loader,2023-03-06,2023,3,10,5,15179,1.05,Low
USA,Skid Steer Loader,2023-03-13,2023,3,11,4,11110,1.05,Low
USA,Skid Steer Loader,2023-03-20,2023,3,12,3,5072,1.05,Low
USA,Skid Steer Loader,2023-03-27,2023,3,13,1,554,1.05,Low
USA,Skid Steer Loader,2023-04-03,2023,4,14,13,36474,1.25,Medium
USA,Skid Steer Loader,2023-04-10,2023,4,15,5,11378,1.25,Low
USA,Skid Steer Loader,2023-04-17,2023,4,16,6,25335,1.25,Medium
USA,Skid Steer Loader,2023-04-24,2023,4,17,11,37320,1.25,Medium
USA,Skid Steer Loader,2023-05-01,2023,5,18,11,29135,1.35,Medium
USA,Skid Steer Loader,2023-05-08,2023,5,19,10,18625,1.35,Medium
USA,Skid Steer Loader,2023-05-15,2023,5,20,13,43839,1.35,Medium
USA,Skid Steer Loader,2023-05-22,2023,5,21,8,30552,1.35,Medium
USA,Skid Steer Loader,2023-05-29,2023,5,22,7,23809,1.35,Medium
USA,Skid Steer Loader,2023-06-05,2023,6,23,10,29245,1.4,Medium
USA,Skid Steer Loader,2023-06-12,2023,6,24,8,22728,1.4,Medium
USA,Skid Steer Loader,2023-06-19,2023,6,25,8,25461,1.4,Medium
USA,Skid Steer Loader,2023-06-26,2023,6,26,7,22557,1.4,Medium
USA,Skid Steer Loader,2023-07-03,2023,7,27,10,29481,1.35,Medium
USA,Skid Steer Loader,2023-07-10,2023,7,28,3,8057,1.35,Low
USA,Skid Steer Loader,2023-07-17,2023,7,29,1,537,1.35,Low
USA,Skid Steer Loader,2023-07-24,2023,7,30,7,19654,1.35,Medium
USA,Skid Steer Loader,2023-07-31,2023,7,31,6,30906,1.35,Medium
USA,Skid Steer Loader,2023-08-07,2023,8,32,3,2999,1.3,Low
USA,Skid Steer Loader,2023-08-14,2023,8,33,10,33661,1.3,Medium
USA,Skid Steer Loader,2023-08-21,2023,8,34,4,10280,1.3,Low
USA,Skid Steer Loader,2023-08-28,2023,8,35,7,36566,1.3,Medium
USA,Skid Steer Loader,2023-09-04,2023,9,36,9,19439,1.25,Medium
USA,Skid Steer Loader,2023-09-11,2023,9,37,4,13626,1.25,Low
USA,Skid Steer Loader,2023-09-18,2023,9,38,12,37020,1.25,Medium
USA,Skid Steer Loader,2023-09-25,2023,9,39,4,14626,1.25,Low
USA,Skid Steer Loader,2023-10-02,2023,10,40,3,12561,1.15,Low
USA,Skid Steer Loader,2023-10-09,2023,10,41,5,14491,1.15,Low
USA,Skid Steer Loader,2023-10-16,2023,10,42,8,27934,1.15,Medium
USA,Skid Steer Loader,2023-10-23,2023,10,43,6,29590,1.15,Medium
USA,Skid Steer Loader,2023-10-30,2023,10,44,5,12215,1.15,Low
USA,Skid Steer Loader,2023-11-06,2023,11,45,3,5122,1.0,Low
USA,Skid Steer Loader,2023-11-13,2023,11,46,9,16747,1.0,Medium
USA,Skid Steer Loader,2023-11-20,2023,11,47,7,16168,1.0,Medium
USA,Skid Steer Loader,2023-11-27,2023,11,48,5,27629,1.0,Low
USA,Skid Steer Loader,2023-12-04,2023,12,49,4,19883,0.85,Low
USA,Skid Steer Loader,2023-12-11,2023,12,50,1,2112,0.85,Low
USA,Skid Steer Loader,2023-12-18,2023,12,51,4,9485,0.85,Low
USA,Skid Steer Loader,2023-12-25,2023,12,52,2,9056,0.85,Low
USA,Skid Steer Loader,2024-01-01,2024,1,1,3,10456,0.85,Low
USA,Skid Steer Loader,2024-01-08,2024,1,2,7,19649,0.85,Medium
USA,Skid Steer Loader,2024-01-15,2024,1,3,4,20242,0.85,Low
USA,Skid Steer Loader,2024-01-22,2024,1,4,3,7254,0.85,Low
USA,Skid Steer Loader,2024-01-29,2024,1,5,5,9074,0.85,Low
USA,Skid Steer Loader,2024-02-05,2024,2,6,4,9569,0.85,Low
USA,Skid Steer Loader,2024-02-12,2024,2,7,4,8904,0.85,Low
USA,Skid Steer Loader,2024-02-19,2024,2,8,1,3308,0.85,Low
USA,Skid Steer Loader,2024-02-26,2024,2,9,5,13612,0.85,Low
USA,Skid Steer Loader,2024-03-04,2024,3,10,5,8877,1.05,Low
USA,Skid Steer Loader,2024-03-11,2024,3,11,3,20710,1.05,Low
USA,Skid Steer Loader,2024-03-18,2024,3,12,7,30290,1.05,Medium
USA,Skid Steer Loader,2024-03-25,2024,3,13,9,27435,1.05,Medium
USA,Skid Steer Loader,2024-04-01,2024,4,14,10,25967,1.25,Medium
USA,Skid Steer Loader,2024-04-08,2024,4,15,5,20488,1.25,Low
USA,Skid Steer Loader,2024-04-15,2024,4,16,3,10663,1.25,Low
USA,Skid Steer Loader,2024-04-22,2024,4,17,9,26931,1.25,Medium
USA,Skid Steer Loader,2024-04-29,2024,4,18,2,2730,1.25,Low
USA,Skid Steer Loader,2024-05-06,2024,5,19,7,15929,1.35,Medium
USA,Skid Steer Loader,2024-05-13,2024,5,20,7,20757,1.35,Medium
USA,Skid Steer Loader,2024-05-20,2024,5,21,5,22135,1.35,Low
USA,Skid Steer Loader,2024-05-27,2024,5,22,11,43747,1.35,Medium
USA,Skid Steer Loader,2024-06-03,2024,6,23,6,25447,1.4,Medium
USA,Skid Steer Loader,2024-06-10,2024,6,24,6,23912,1.4,Medium
USA,Skid Steer Loader,2024-06-17,2024,6,25,4,14101,1.4,Low
USA,Skid Steer Loader,2024-06-24,2024,6,26,11,27856,1.4,Medium
USA,Skid Steer Loader,2024-07-01,2024,7,27,5,22374,1.35,Low
USA,Skid Steer Loader,2024-07-08,2024,7,28,6,21263,1.35,Medium
USA,Skid Steer Loader,2024-07-15,2024,7,29,5,12056,1.35,Low
USA,Skid Steer Loader,2024-07-22,2024,7,30,10,37544,1.35,Medium
USA,Skid Steer Loader,2024-07-29,2024,7,31,3,9023,1.35,Low
USA,Skid Steer Loader,2024-08-05,2024,8,32,10,25440,1.3,Medium
USA,Skid Steer Loader,2024-08-12,2024,8,33,10,35360,1.3,Medium
USA,Skid Steer Loader,2024-08-19,2024,8,34,5,12755,1.3,Low
USA,Skid Steer Loader,2024-08-26,2024,8,35,8,29925,1.3,Medium
USA,Skid Steer Loader,2024-09-02,2024,9,36,5,10041,1.25,Low
USA,Skid Steer Loader,2024-09-09,2024,9,37,7,15597,1.25,Medium
USA,Skid Steer Loader,2024-09-16,2024,9,38,11,30375,1.25,Medium
USA,Skid Steer Loader,2024-09-23,2024,9,39,5,32810,1.25,Low
USA,Skid Steer Loader,2024-09-30,2024,9,40,12,29627,1.25,Medium
USA,Skid Steer Loader,2024-10-07,2024,10,41,9,27164,1.15,Medium
USA,Skid Steer Loader,2024-10-14,2024,10,42,6,22419,1.15,Medium
USA,Skid Steer Loader,2024-10-21,2024,10,43,10,36319,1.15,Medium
USA,Skid Steer Loader,2024-10-28,2024,10,44,5,12255,1.15,Low
USA,Skid Steer Loader,2024-11-04,2024,11,45,7,22840,1.0,Medium
USA,Skid Steer Loader,2024-11-11,2024,11,46,3,3256,1.0,Low
USA,Skid Steer Loader,2024-11-18,2024,11,47,4,10973,1.0,Low
USA,Skid Steer Loader,2024-11-25,2024,11,48,4,11388,1.0,Low
USA,Skid Steer Loader,2024-12-02,2024,12,49,3,7051,0.85,Low
USA,Skid Steer Loader,2024-12-09,2024,12,50,4,8487,0.85,Low
USA,Skid Steer Loader,2024-12-16,2024,12,51,8,18172,0.85,Medium
USA,Skid Steer Loader,2024-12-23,2024,12,52,5,13530,0.85,Low
USA,Skid Steer Loader,2024-12-30,2024,12,1,8,19944,0.85,Medium
USA,Skid Steer Loader,2025-01-06,2025,1,2,1,1850,0.85,Low
USA,Skid Steer Loader,2025-01-13,2025,1,3,3,8179,0.85,Low
USA,Skid Steer Loader,2025-01-20,2025,1,4,4,5679,0.85,Low
USA,Skid Steer Loader,2025-01-27,2025,1,5,4,28550,0.85,Low
USA,Skid Steer Loader,2025-02-03,2025,2,6,4,15524,0.85,Low
USA,Skid Steer Loader,2025-02-10,2025,2,7,3,10309,0.85,Low
USA,Skid Steer Loader,2025-02-17,2025,2,8,2,7662,0.85,Low
USA,Skid Steer Loader,2025-02-24,2025,2,9,2,4577,0.85,Low
USA,Skid Steer Loader,2025-03-03,2025,3,10,3,5611,1.05,Low
USA,Skid Steer Loader,2025-03-10,2025,3,11,4,8529,1.05,Low
USA,Skid Steer Loader,2025-03-17,2025,3,12,8,22986,1.05,Medium
USA,Skid Steer Loader,2025-03-24,2025,3,13,12,32442,1.05,Medium
USA,Skid Steer Loader,2025-03-31,2025,3,14,4,12794,1.05,Low
USA,Skid Steer Loader,2025-04-07,2025,4,15,8,21291,1.25,Medium
USA,Skid Steer Loader,2025-04-14,2025,4,16,4,8805,1.25,Low
USA,Skid Steer Loader,2025-04-21,2025,4,17,9,34669,1.25,Medium
USA,Skid Steer Loader,2025-04-28,2025,4,18,5,16097,1.25,Low
USA,Skid Steer Loader,2025-05-05,2025,5,19,11,31740,1.35,Medium
USA,Skid Steer Loader,2025-05-12,2025,5,20,5,29226,1.35,Low
USA,Skid Steer Loader,2025-05-19,2025,5,21,5,13771,1.35,Low
USA,Skid Steer Loader,2025-05-26,2025,5,22,6,23314,1.35,Medium
USA,Skid Steer Loader,2025-06-02,2025,6,23,5,25893,1.4,Low
USA,Skid Steer Loader,2025-06-09,2025,6,24,14,48698,1.4,Medium
USA,Skid Steer Loader,2025-06-16,2025,6,25,6,16582,1.4,Medium
USA,Skid Steer Loader,2025-06-23,2025,6,26,7,17005,1.4,Medium
USA,Skid Steer Loader,2025-06-30,2025,6,27,10,34634,1.4,Medium
USA,Skid Steer Loader,2025-07-07,2025,7,28,8,26620,1.35,Medium
USA,Skid Steer Loader,2025-07-14,2025,7,29,7,20692,1.35,Medium
USA,Skid Steer Loader,2025-07-21,2025,7,30,5,8313,1.35,Low
USA,Skid Steer Loader,2025-07-28,2025,7,31,6,20871,1.35,Medium
USA,Skid Steer Loader,2025-08-04,2025,8,32,10,26391,1.3,Medium
USA,Skid Steer Loader,2025-08-11,2025,8,33,3,18299,1.3,Low
USA,Skid Steer Loader,2025-08-18,2025,8,34,6,15278,1.3,Medium
USA,Skid Steer Loader,2025-08-25,2025,8,35,10,30420,1.3,Medium
USA,Skid Steer Loader,2025-09-01,2025,9,36,13,47903,1.25,Medium
USA,Skid Steer Loader,2025-09-08,2025,9,37,8,40589,1.25,Medium
USA,Skid Steer Loader,2025-09-15,2025,9,38,6,19033,1.25,Medium
USA,Skid Steer Loader,2025-09-22,2025,9,39,5,11038,1.25,Low
USA,Skid Steer Loader,2025-09-29,2025,9,40,5,23176,1.25,Low
USA,Skid Steer Loader,2025-10-06,2025,10,41,10,31073,1.15,Medium
USA,Skid Steer Loader,2025-10-13,2025,10,42,8,33305,1.15,Medium
USA,Skid Steer Loader,2025-10-20,2025,10,43,9,33577,1.15,Medium
USA,Skid Steer Loader,2025-10-27,2025,10,44,6,25376,1.15,Medium
USA,Skid Steer Loader,2025-11-03,2025,11,45,10,29431,1.0,Medium
USA,Skid Steer Loader,2025-11-10,2025,11,46,3,12755,1.0,Low
USA,Skid Steer Loader,2025-11-17,2025,11,47,5,25044,1.0,Low
USA,Skid Steer Loader,2025-11-24,2025,11,48,6,19780,1.0,Medium
USA,Skid Steer Loader,2025-12-01,2025,12,49,6,14488,0.85,Medium
USA,Skid Steer Loader,2025-12-08,2025,12,50,5,8503,0.85,Low
USA,Skid Steer Loader,2025-12-15,2025,12,51,3,9968,0.85,Low
USA,Skid Steer Loader,2025-12-22,2025,12,52,5,12534,0.85,Low
USA,Skid Steer Loader,2025-12-29,2025,12,1,3,9021,0.85,Low
USA,Skid Steer Loader,2026-01-05,2026,1,2,3,6441,0.85,Low
USA,Skid Steer Loader,2026-01-12,2026,1,3,3,15480,0.85,Low
USA,Skid Steer Loader,2026-01-19,2026,1,4,2,7738,0.85,Low
USA,Skid Steer Loader,2026-01-26,2026,1,5,3,8633,0.85,Low
USA,Skid Steer Loader,2026-02-02,2026,2,6,5,8280,0.85,Low
USA,Skid Steer Loader,2026-02-09,2026,2,7,4,11201,0.85,Low
USA,Skid Steer Loader,2026-02-16,2026,2,8,1,826,0.85,Low
USA,Skid Steer Loader,2026-02-23,2026,2,9,6,17490,0.85,Medium
USA,Skid Steer Loader,2026-03-02,2026,3,10,7,27488,1.05,Medium
USA,Skid Steer Loader,2026-03-09,2026,3,11,4,8954,1.05,Low
USA,Skid Steer Loader,2026-03-16,2026,3,12,3,14864,1.05,Low
USA,Skid Steer Loader,2026-03-23,2026,3,13,6,14434,1.05,Medium
USA,Skid Steer Loader,2026-03-30,2026,3,14,4,16273,1.05,Low
USA,Skid Steer Loader,2026-04-06,2026,4,15,9,27126,1.25,Medium
USA,Skid Steer Loader,2026-04-13,2026,4,16,5,10410,1.25,Low
USA,Skid Steer Loader,2026-04-20,2026,4,17,8,16720,1.25,Medium
USA,Skid Steer Loader,2026-04-27,2026,4,18,5,12176,1.25,Low
USA,Skid Steer Loader,2026-05-04,2026,5,19,7,13011,1.35,Medium
USA,Skid Steer Loader,2026-05-11,2026,5,20,12,19653,1.35,Medium
USA,Skid Steer Loader,2026-05-18,2026,5,21,6,12212,1.35,Medium
USA,Skid Steer Loader,2026-05-25,2026,5,22,11,35761,1.35,Medium
USA,Skid Steer Loader,2026-06-01,2026,6,23,8,23529,1.4,Medium
USA,Skid Steer Loader,2026-06-08,2026,6,24,12,22917,1.4,Medium
USA,Skid Steer Loader,2026-06-15,2026,6,25,9,18069,1.4,Medium
USA,Skid Steer Loader,2026-06-22,2026,6,26,4,9559,1.4,Low
USA,Skid Steer Loader,2026-06-29,2026,6,27,2,3323,1.4,Low
USA,Wheel Loader,2023-01-02,2023,1,1,4,45226,0.75,Low
USA,Wheel Loader,2023-01-09,2023,1,2,6,56762,0.75,Medium
USA,Wheel Loader,2023-01-16,2023,1,3,2,16260,0.75,Low
USA,Wheel Loader,2023-01-23,2023,1,4,3,14955,0.75,Low
USA,Wheel Loader,2023-01-30,2023,1,5,4,63231,0.75,Low
USA,Wheel Loader,2023-02-06,2023,2,6,4,36357,0.8,Low
USA,Wheel Loader,2023-02-13,2023,2,7,2,14798,0.8,Low
USA,Wheel Loader,2023-02-27,2023,2,9,3,53625,0.8,Low
USA,Wheel Loader,2023-03-06,2023,3,10,5,44359,1.05,Low
USA,Wheel Loader,2023-03-20,2023,3,12,5,38136,1.05,Low
USA,Wheel Loader,2023-03-27,2023,3,13,5,33103,1.05,Low
USA,Wheel Loader,2023-04-03,2023,4,14,8,68139,1.3,Medium
USA,Wheel Loader,2023-04-10,2023,4,15,10,58321,1.3,Medium
USA,Wheel Loader,2023-04-17,2023,4,16,8,75062,1.3,Medium
USA,Wheel Loader,2023-04-24,2023,4,17,8,48610,1.3,Medium
USA,Wheel Loader,2023-05-01,2023,5,18,10,78722,1.5,Medium
USA,Wheel Loader,2023-05-08,2023,5,19,12,75800,1.5,Medium
USA,Wheel Loader,2023-05-15,2023,5,20,6,28462,1.5,Medium
USA,Wheel Loader,2023-05-22,2023,5,21,10,82052,1.5,Medium
USA,Wheel Loader,2023-05-29,2023,5,22,10,71346,1.5,Medium
USA,Wheel Loader,2023-06-05,2023,6,23,9,60919,1.55,Medium
USA,Wheel Loader,2023-06-12,2023,6,24,13,84870,1.55,Medium
USA,Wheel Loader,2023-06-19,2023,6,25,8,42614,1.55,Medium
USA,Wheel Loader,2023-06-26,2023,6,26,7,72690,1.55,Medium
USA,Wheel Loader,2023-07-03,2023,7,27,9,73283,1.5,Medium
USA,Wheel Loader,2023-07-10,2023,7,28,12,165356,1.5,Medium
USA,Wheel Loader,2023-07-17,2023,7,29,6,28310,1.5,Medium
USA,Wheel Loader,2023-07-24,2023,7,30,8,47298,1.5,Medium
USA,Wheel Loader,2023-07-31,2023,7,31,15,115187,1.5,High
USA,Wheel Loader,2023-08-07,2023,8,32,7,47613,1.45,Medium
USA,Wheel Loader,2023-08-14,2023,8,33,7,43976,1.45,Medium
USA,Wheel Loader,2023-08-21,2023,8,34,9,95591,1.45,Medium
USA,Wheel Loader,2023-08-28,2023,8,35,6,49382,1.45,Medium
USA,Wheel Loader,2023-09-04,2023,9,36,7,42472,1.4,Medium
USA,Wheel Loader,2023-09-11,2023,9,37,12,100892,1.4,Medium
USA,Wheel Loader,2023-09-18,2023,9,38,6,59531,1.4,Medium
USA,Wheel Loader,2023-09-25,2023,9,39,9,51011,1.4,Medium
USA,Wheel Loader,2023-10-02,2023,10,40,8,57473,1.3,Medium
USA,Wheel Loader,2023-10-09,2023,10,41,8,56056,1.3,Medium
USA,Wheel Loader,2023-10-16,2023,10,42,9,41203,1.3,Medium
USA,Wheel Loader,2023-10-23,2023,10,43,6,30743,1.3,Medium
USA,Wheel Loader,2023-10-30,2023,10,44,8,61109,1.3,Medium
USA,Wheel Loader,2023-11-06,2023,11,45,7,72136,1.05,Medium
USA,Wheel Loader,2023-11-13,2023,11,46,6,60798,1.05,Medium
USA,Wheel Loader,2023-11-20,2023,11,47,3,15248,1.05,Low
USA,Wheel Loader,2023-11-27,2023,11,48,5,36999,1.05,Low
USA,Wheel Loader,2023-12-04,2023,12,49,3,20155,0.8,Low
USA,Wheel Loader,2023-12-11,2023,12,50,8,66010,0.8,Medium
USA,Wheel Loader,2023-12-18,2023,12,51,1,13483,0.8,Low
USA,Wheel Loader,2023-12-25,2023,12,52,2,7973,0.8,Low
USA,Wheel Loader,2024-01-01,2024,1,1,3,20014,0.75,Low
USA,Wheel Loader,2024-01-08,2024,1,2,4,30043,0.75,Low
USA,Wheel Loader,2024-01-15,2024,1,3,4,42738,0.75,Low
USA,Wheel Loader,2024-01-22,2024,1,4,5,26022,0.75,Low
USA,Wheel Loader,2024-01-29,2024,1,5,1,9286,0.75,Low
USA,Wheel Loader,2024-02-05,2024,2,6,5,15293,0.8,Low
USA,Wheel Loader,2024-02-12,2024,2,7,2,22202,0.8,Low
USA,Wheel Loader,2024-02-19,2024,2,8,2,7050,0.8,Low
USA,Wheel Loader,2024-02-26,2024,2,9,6,27777,0.8,Medium
USA,Wheel Loader,2024-03-04,2024,3,10,6,41294,1.05,Medium
USA,Wheel Loader,2024-03-11,2024,3,11,5,49693,1.05,Low
USA,Wheel Loader,2024-03-18,2024,3,12,4,19349,1.05,Low
USA,Wheel Loader,2024-03-25,2024,3,13,4,38030,1.05,Low
USA,Wheel Loader,2024-04-01,2024,4,14,6,41670,1.3,Medium
USA,Wheel Loader,2024-04-08,2024,4,15,12,92531,1.3,Medium
USA,Wheel Loader,2024-04-15,2024,4,16,10,63490,1.3,Medium
USA,Wheel Loader,2024-04-22,2024,4,17,5,26898,1.3,Low
USA,Wheel Loader,2024-04-29,2024,4,18,15,161362,1.3,High
USA,Wheel Loader,2024-05-06,2024,5,19,8,46636,1.5,Medium
USA,Wheel Loader,2024-05-13,2024,5,20,9,49130,1.5,Medium
USA,Wheel Loader,2024-05-20,2024,5,21,8,68268,1.5,Medium
USA,Wheel Loader,2024-05-27,2024,5,22,16,92085,1.5,High
USA,Wheel Loader,2024-06-03,2024,6,23,9,62922,1.55,Medium
USA,Wheel Loader,2024-06-10,2024,6,24,13,127366,1.55,Medium
USA,Wheel Loader,2024-06-17,2024,6,25,11,54969,1.55,Medium
USA,Wheel Loader,2024-06-24,2024,6,26,11,98929,1.55,Medium
USA,Wheel Loader,2024-07-01,2024,7,27,5,42703,1.5,Low
USA,Wheel Loader,2024-07-08,2024,7,28,13,91230,1.5,Medium
USA,Wheel Loader,2024-07-15,2024,7,29,12,76313,1.5,Medium
USA,Wheel Loader,2024-07-22,2024,7,30,9,73940,1.5,Medium
USA,Wheel Loader,2024-07-29,2024,7,31,8,63507,1.5,Medium
USA,Wheel Loader,2024-08-05,2024,8,32,5,22170,1.45,Low
USA,Wheel Loader,2024-08-12,2024,8,33,7,53598,1.45,Medium
USA,Wheel Loader,2024-08-19,2024,8,34,9,71626,1.45,Medium
USA,Wheel Loader,2024-08-26,2024,8,35,8,39483,1.45,Medium
USA,Wheel Loader,2024-09-02,2024,9,36,9,69244,1.4,Medium
USA,Wheel Loader,2024-09-09,2024,9,37,12,103613,1.4,Medium
USA,Wheel Loader,2024-09-16,2024,9,38,12,120863,1.4,Medium
USA,Wheel Loader,2024-09-23,2024,9,39,9,52503,1.4,Medium
USA,Wheel Loader,2024-09-30,2024,9,40,9,54255,1.4,Medium
USA,Wheel Loader,2024-10-07,2024,10,41,6,29643,1.3,Medium
USA,Wheel Loader,2024-10-14,2024,10,42,9,33807,1.3,Medium
USA,Wheel Loader,2024-10-21,2024,10,43,4,29732,1.3,Low
USA,Wheel Loader,2024-10-28,2024,10,44,11,100610,1.3,Medium
USA,Wheel Loader,2024-11-04,2024,11,45,10,83193,1.05,Medium
USA,Wheel Loader,2024-11-11,2024,11,46,4,30707,1.05,Low
USA,Wheel Loader,2024-11-18,2024,11,47,5,50944,1.05,Low
USA,Wheel Loader,2024-11-25,2024,11,48,5,44114,1.05,Low
USA,Wheel Loader,2024-12-02,2024,12,49,6,34386,0.8,Medium
USA,Wheel Loader,2024-12-09,2024,12,50,6,30617,0.8,Medium
USA,Wheel Loader,2024-12-16,2024,12,51,4,27283,0.8,Low
USA,Wheel Loader,2024-12-23,2024,12,52,5,14899,0.8,Low
USA,Wheel Loader,2024-12-30,2024,12,1,4,25035,0.8,Low
USA,Wheel Loader,2025-01-06,2025,1,2,4,26305,0.75,Low
USA,Wheel Loader,2025-01-13,2025,1,3,5,39333,0.75,Low
USA,Wheel Loader,2025-01-20,2025,1,4,2,29483,0.75,Low
USA,Wheel Loader,2025-01-27,2025,1,5,4,23218,0.75,Low
USA,Wheel Loader,2025-02-03,2025,2,6,3,20437,0.8,Low
USA,Wheel Loader,2025-02-10,2025,2,7,7,39677,0.8,Medium
USA,Wheel Loader,2025-02-17,2025,2,8,5,35074,0.8,Low
USA,Wheel Loader,2025-02-24,2025,2,9,4,38085,0.8,Low
USA,Wheel Loader,2025-03-03,2025,3,10,10,55615,1.05,Medium
USA,Wheel Loader,2025-03-10,2025,3,11,6,35226,1.05,Medium
USA,Wheel Loader,2025-03-17,2025,3,12,6,40258,1.05,Medium
USA,Wheel Loader,2025-03-24,2025,3,13,3,25009,1.05,Low
USA,Wheel Loader,2025-03-31,2025,3,14,9,64697,1.05,Medium
USA,Wheel Loader,2025-04-07,2025,4,15,11,52070,1.3,Medium
USA,Wheel Loader,2025-04-14,2025,4,16,4,53732,1.3,Low
USA,Wheel Loader,2025-04-21,2025,4,17,13,69861,1.3,Medium
USA,Wheel Loader,2025-04-28,2025,4,18,5,30023,1.3,Low
USA,Wheel Loader,2025-05-05,2025,5,19,13,90692,1.5,Medium
USA,Wheel Loader,2025-05-12,2025,5,20,11,86264,1.5,Medium
USA,Wheel Loader,2025-05-19,2025,5,21,8,74056,1.5,Medium
USA,Wheel Loader,2025-05-26,2025,5,22,6,58191,1.5,Medium
USA,Wheel Loader,2025-06-02,2025,6,23,10,74829,1.55,Medium
USA,Wheel Loader,2025-06-09,2025,6,24,13,93687,1.55,Medium
USA,Wheel Loader,2025-06-16,2025,6,25,6,31739,1.55,Medium
USA,Wheel Loader,2025-06-23,2025,6,26,11,71006,1.55,Medium
USA,Wheel Loader,2025-06-30,2025,6,27,5,19461,1.55,Low
USA,Wheel Loader,2025-07-07,2025,7,28,10,72773,1.5,Medium
USA,Wheel Loader,2025-07-14,2025,7,29,10,84406,1.5,Medium
USA,Wheel Loader,2025-07-21,2025,7,30,6,53057,1.5,Medium
USA,Wheel Loader,2025-07-28,2025,7,31,13,137279,1.5,Medium
USA,Wheel Loader,2025-08-04,2025,8,32,13,114787,1.45,Medium
USA,Wheel Loader,2025-08-11,2025,8,33,7,50772,1.45,Medium
USA,Wheel Loader,2025-08-18,2025,8,34,7,59094,1.45,Medium
USA,Wheel Loader,2025-08-25,2025,8,35,11,68250,1.45,Medium
USA,Wheel Loader,2025-09-01,2025,9,36,4,28178,1.4,Low
USA,Wheel Loader,2025-09-08,2025,9,37,12,95312,1.4,Medium
USA,Wheel Loader,2025-09-15,2025,9,38,8,55937,1.4,Medium
USA,Wheel Loader,2025-09-22,2025,9,39,10,59708,1.4,Medium
USA,Wheel Loader,2025-09-29,2025,9,40,12,103854,1.4,Medium
USA,Wheel Loader,2025-10-06,2025,10,41,11,76676,1.3,Medium
USA,Wheel Loader,2025-10-13,2025,10,42,10,70292,1.3,Medium
USA,Wheel Loader,2025-10-20,2025,10,43,4,33479,1.3,Low
USA,Wheel Loader,2025-10-27,2025,10,44,7,39951,1.3,Medium
USA,Wheel Loader,2025-11-03,2025,11,45,5,56483,1.05,Low
USA,Wheel Loader,2025-11-10,2025,11,46,7,41784,1.05,Medium
USA,Wheel Loader,2025-11-17,2025,11,47,7,46904,1.05,Medium
USA,Wheel Loader,2025-11-24,2025,11,48,8,55620,1.05,Medium
USA,Wheel Loader,2025-12-01,2025,12,49,4,21655,0.8,Low
USA,Wheel Loader,2025-12-08,2025,12,50,5,58903,0.8,Low
USA,Wheel Loader,2025-12-15,2025,12,51,7,56283,0.8,Medium
USA,Wheel Loader,2025-12-22,2025,12,52,3,11909,0.8,Low
USA,Wheel Loader,2025-12-29,2025,12,1,4,12927,0.8,Low
USA,Wheel Loader,2026-01-05,2026,1,2,3,29357,0.75,Low
USA,Wheel Loader,2026-01-12,2026,1,3,4,35397,0.75,Low
USA,Wheel Loader,2026-01-19,2026,1,4,6,59652,0.75,Medium
USA,Wheel Loader,2026-02-02,2026,2,6,4,40272,0.8,Low
USA,Wheel Loader,2026-02-09,2026,2,7,4,34838,0.8,Low
USA,Wheel Loader,2026-02-16,2026,2,8,5,28751,0.8,Low
USA,Wheel Loader,2026-02-23,2026,2,9,2,26776,0.8,Low
USA,Wheel Loader,2026-03-02,2026,3,10,3,22678,1.05,Low
USA,Wheel Loader,2026-03-09,2026,3,11,4,29470,1.05,Low
USA,Wheel Loader,2026-03-16,2026,3,12,3,12757,1.05,Low
USA,Wheel Loader,2026-03-23,2026,3,13,4,26804,1.05,Low
USA,Wheel Loader,2026-03-30,2026,3,14,11,83221,1.05,Medium
USA,Wheel Loader,2026-04-06,2026,4,15,10,89953,1.3,Medium
USA,Wheel Loader,2026-04-13,2026,4,16,7,56376,1.3,Medium
USA,Wheel Loader,2026-04-20,2026,4,17,7,72061,1.3,Medium
USA,Wheel Loader,2026-04-27,2026,4,18,9,54862,1.3,Medium
USA,Wheel Loader,2026-05-04,2026,5,19,13,100333,1.5,Medium
USA,Wheel Loader,2026-05-11,2026,5,20,7,46656,1.5,Medium
USA,Wheel Loader,2026-05-18,2026,5,21,8,38437,1.5,Medium
USA,Wheel Loader,2026-05-25,2026,5,22,10,62646,1.5,Medium
USA,Wheel Loader,2026-06-01,2026,6,23,11,83537,1.55,Medium
USA,Wheel Loader,2026-06-08,2026,6,24,7,35926,1.55,Medium
USA,Wheel Loader,2026-06-15,2026,6,25,9,63855,1.55,Medium
USA,Wheel Loader,2026-06-22,2026,6,26,7,60813,1.55,Medium
USA,Wheel Loader,2026-06-29,2026,6,27,2,26837,1.55,Low
