asset_id,qr_code,rfid_tag,asset_name,equipment_type,manufacturer,model,serial_number,purchase_year,engine_type,fuel_type,fuel_capacity_l,horsepower,operating_weight_kg,country,current_site_id,current_status,total_engine_hours,expected_life_hours,last_service_date,next_service_due,daily_rental_rate,purchase_cost,condition,ownership,iot_enabled,image_url
MAC00001,QR-00001-2MDG3T,RFID43591464,Komatsu HD465-7 #0001,Dump Truck,Komatsu,HD465-7,KOM5669108,2024,Diesel,Diesel,750,206,13367,Germany,SITE0138,transit,1456,18000,2022-10-30,2023-05-01,628,154637,Fair,Leased,True,https://images.catrental.com/assets/dump-truck.jpg
MAC00002,QR-00002-42P31O,RFID32484558,Tsurumi HS3.75S #0002,Water Pump,Tsurumi,HS3.75S,TSU6707286,2020,Diesel,Diesel,60,52,3337,India,SITE0060,available,6109,8000,2022-07-05,2022-09-10,92,22622,Good,Leased,True,https://images.catrental.com/assets/water-pump.jpg
MAC00003,QR-00003-BGUAXN,RFID55462982,Grindex Major H #0003,Water Pump,Grindex,Major H,GRI1704049,2022,Electric-Hybrid,Diesel,60,54,2266,Germany,SITE0012,rented,6712,8000,2022-06-26,2022-10-14,164,37503,Good,Owned,True,https://images.catrental.com/assets/water-pump.jpg
MAC00004,QR-00004-WB4LL3,RFID49386369,Linde H30D #0004,Forklift,Linde,H30D,LIN3009122,2019,Diesel,Diesel,55,60,3900,USA,SITE0050,transit,8143,12000,2021-12-25,2022-05-21,239,46100,Excellent,Owned,True,https://images.catrental.com/assets/forklift.jpg
MAC00005,QR-00005-OAKGDE,RFID80458179,JCB VMT 860 #0005,Road Roller,JCB,VMT 860,JCB6030147,2025,Diesel,Diesel,200,165,8213,India,SITE0132,rented,347,9000,2022-04-20,2022-09-05,277,75023,Good,Leased,True,https://images.catrental.com/assets/road-roller.jpg
MAC00006,QR-00006-3TUYKT,RFID49935956,Caterpillar D8T #0006,Bulldozer,Caterpillar,D8T,CAT2336525,2018,Diesel,Diesel,620,449,31541,India,SITE0063,rented,13250,15000,2021-12-10,2022-06-26,744,141511,Fair,Owned,True,https://images.catrental.com/assets/bulldozer.jpg
MAC00007,QR-00007-3ODF76,RFID43229057,Caterpillar 420F #0007,Backhoe Loader,Caterpillar,420F,CAT8872257,2019,Diesel,Diesel,130,147,7999,India,SITE0058,maintenance,9716,10000,2022-05-01,2022-07-10,223,66857,Fair,Owned,True,https://images.catrental.com/assets/backhoe-loader.jpg
MAC00008,QR-00008-ASJ21G,RFID83492765,Hyster H50FT #0008,Forklift,Hyster,H50FT,HYS7843602,2020,Diesel,Diesel,55,67,4839,USA,SITE0145,rented,10482,12000,2022-04-15,2022-08-14,231,54248,Fair,Owned,True,https://images.catrental.com/assets/forklift.jpg
MAC00009,QR-00009-XR9OGJ,RFID27205509,Volvo L120H #0009,Wheel Loader,Volvo,L120H,VOL5278178,2020,Diesel,Diesel,380,257,16592,Australia,SITE0130,transit,12685,13000,2022-10-29,2023-04-14,850,153552,Excellent,Leased,True,https://images.catrental.com/assets/wheel-loader.jpg
MAC00010,QR-00010-Z3ADHF,RFID96968167,Caterpillar 420F #0010,Backhoe Loader,Caterpillar,420F,CAT4526654,2023,Diesel,Diesel,130,167,8944,India,SITE0023,rented,3662,10000,2022-11-04,2023-01-03,238,49178,Good,Owned,True,https://images.catrental.com/assets/backhoe-loader.jpg
MAC00011,QR-00011-RJBAQC,RFID17998345,Caterpillar 770G #0011,Dump Truck,Caterpillar,770G,CAT9219381,2021,Electric-Hybrid,Diesel,750,189,9931,India,SITE0169,rented,5599,18000,2022-01-26,2022-05-28,332,61572,Excellent,Owned,True,https://images.catrental.com/assets/dump-truck.jpg
MAC00012,QR-00012-YJROFH,RFID27916286,XCMG QY50KA #0012,Mobile Crane,XCMG,QY50KA,XCM4370945,2019,Diesel,Diesel,500,547,37017,Germany,SITE0065,rented,8335,20000,2022-09-08,2023-03-02,1635,374533,Poor,Owned,True,https://images.catrental.com/assets/mobile-crane.jpg
MAC00013,QR-00013-0AU5IK,RFID42788611,Putzmeister TMM 24-4 #0013,Concrete Mixer,Putzmeister,TMM 24-4,PUT6204580,2022,Diesel,Diesel,300,140,11864,India,SITE0028,rented,4747,8000,2022-01-28,2022-08-08,215,54496,Poor,Owned,True,https://images.catrental.com/assets/concrete-mixer.jpg
MAC00014,QR-00014-ZJHO4V,RFID85701752,Caterpillar CS56B #0014,Road Roller,Caterpillar,CS56B,CAT5213894,2022,Diesel,Diesel,200,154,11038,USA,SITE0161,rented,4630,9000,2021-12-27,2022-06-13,559,101744,Excellent,Owned,True,https://images.catrental.com/assets/road-roller.jpg
MAC00015,QR-00015-UEOBQT,RFID19744739,Caterpillar 777G #0015,Dump Truck,Caterpillar,777G,CAT2731281,2022,Diesel,Diesel,750,196,16301,USA,SITE0151,rented,1645,18000,2022-01-12,2022-04-01,587,123701,Excellent,Leased,True,https://images.catrental.com/assets/dump-truck.jpg
MAC00016,QR-00016-MIE22T,RFID94437310,Liebherr HTM 1004 #0016,Concrete Mixer,Liebherr,HTM 1004,LIE2568383,2021,Diesel,Diesel,300,121,10133,India,SITE0173,rented,4938,8000,2022-05-15,2022-09-05,240,60331,Good,Owned,True,https://images.catrental.com/assets/concrete-mixer.jpg
MAC00017,QR-00017-AZ71UF,RFID23087728,Caterpillar 262D3 #0017,Skid Steer Loader,Caterpillar,262D3,CAT5658528,2024,Diesel,Diesel,100,106,5366,Germany,SITE0180,available,1256,9000,2022-04-18,2022-08-14,306,87482,Excellent,Owned,True,https://images.catrental.com/assets/skid-steer-loader.jpg
MAC00018,QR-00018-00N114,RFID67958238,Caterpillar D9T #0018,Bulldozer,Caterpillar,D9T,CAT2977634,2022,Diesel,Diesel,620,428,33005,Germany,SITE0065,rented,4338,15000,2022-10-24,2022-12-31,1277,323698,Good,Owned,True,https://images.catrental.com/assets/bulldozer.jpg
MAC00019,QR-00019-PZFZZ5,RFID81251601,Komatsu GD655-6 #0019,Motor Grader,Komatsu,GD655-6,KOM2819316,2019,Diesel,Diesel,415,336,15624,India,SITE0135,transit,5251,14000,2022-10-14,2023-03-29,476,125863,Good,Owned,False,https://images.catrental.com/assets/motor-grader.jpg
MAC00020,QR-00020-ONT75E,RFID27015981,JCB VMT 860 #0020,Road Roller,JCB,VMT 860,JCB4292858,2020,Diesel,Diesel,200,159,12752,USA,SITE0061,maintenance,10415,9000,2021-12-21,2022-02-24,482,104950,Excellent,Owned,False,https://images.catrental.com/assets/road-roller.jpg
MAC00021,QR-00021-SV5ITM,RFID82150950,Hyster H50FT #0021,Forklift,Hyster,H50FT,HYS1851580,2019,Diesel,LPG,55,64,4646,USA,SITE0112,available,10600,12000,2022-10-28,2023-02-26,232,40564,Excellent,Owned,True,https://images.catrental.com/assets/forklift.jpg
MAC00022,QR-00022-0LFJ4B,RFID11547478,Caterpillar 966M #0022,Wheel Loader,Caterpillar,966M,CAT2344809,2022,Diesel,Diesel,380,255,17754,India,SITE0169,maintenance,669,13000,2021-12-27,2022-07-14,354,93164,Fair,Owned,True,https://images.catrental.com/assets/wheel-loader.jpg
MAC00023,QR-00023-CW8AFM,RFID60874566,Caterpillar CS56B #0023,Road Roller,Caterpillar,CS56B,CAT7233398,2019,Diesel,Diesel,200,183,11280,Germany,SITE0094,rented,6713,9000,2022-11-11,2023-05-02,652,112066,Excellent,Owned,True,https://images.catrental.com/assets/road-roller.jpg
MAC00024,QR-00024-3KWBNB,RFID68343093,XCMG QY50KA #0024,Mobile Crane,XCMG,QY50KA,XCM3948175,2022,Electric-Hybrid,Diesel,500,453,35982,India,SITE0056,rented,4900,20000,2022-11-22,2023-02-28,967,189931,Excellent,Owned,True,https://images.catrental.com/assets/mobile-crane.jpg
MAC00025,QR-00025-FJILXN,RFID32848643,Hamm 3520 #0025,Road Roller,Hamm,3520,HAM7928527,2020,Electric-Hybrid,Diesel,200,180,11644,India,SITE0045,rented,6345,9000,2022-10-30,2023-02-27,278,55053,Good,Owned,True,https://images.catrental.com/assets/road-roller.jpg
MAC00026,QR-00026-EC275J,RFID80944243,JCB VMT 860 #0026,Road Roller,JCB,VMT 860,JCB4099866,2023,Diesel,Diesel,200,187,14364,USA,SITE0042,available,2229,9000,2022-02-15,2022-08-28,452,128107,Excellent,Leased,False,https://images.catrental.com/assets/road-roller.jpg
MAC00027,QR-00027-XOIYFO,RFID49614511,Ajax Fiori ARGO 4000 #0027,Concrete Mixer,Ajax Fiori,ARGO 4000,AJA9863760,2022,Diesel,Diesel,300,137,9871,USA,SITE0066,available,2816,8000,2022-06-21,2022-10-07,421,107567,Good,Owned,True,https://images.catrental.com/assets/concrete-mixer.jpg
MAC00028,QR-00028-8JQBO8,RFID94776255,Hyster H50FT #0028,Forklift,Hyster,H50FT,HYS6193974,2021,Electric-Hybrid,Diesel,55,65,5250,Australia,SITE0019,available,8275,12000,2022-09-13,2022-12-08,222,52672,Fair,Owned,True,https://images.catrental.com/assets/forklift.jpg
MAC00029,QR-00029-QL25S8,RFID81183035,Liebherr LTM 1050-3.1 #0029,Mobile Crane,Liebherr,LTM 1050-3.1,LIE2419467,2022,Diesel,Diesel,500,546,38942,India,SITE0097,rented,2996,20000,2021-12-23,2022-02-26,789,167847,Good,Owned,True,https://images.catrental.com/assets/mobile-crane.jpg
MAC00030,QR-00030-KX9KHH,RFID57655811,Caterpillar D8T #0030,Bulldozer,Caterpillar,D8T,CAT1629833,2022,Diesel,Diesel,620,442,22638,Australia,SITE0113,rented,4282,15000,2022-01-13,2022-06-09,1157,327844,Fair,Owned,True,https://images.catrental.com/assets/bulldozer.jpg
MAC00031,QR-00031-VHVWHH,RFID64357442,Caterpillar 420F #0031,Backhoe Loader,Caterpillar,420F,CAT1810848,2023,Diesel,Diesel,130,172,7014,India,SITE0167,rented,2145,10000,2022-10-29,2023-05-16,257,56186,Excellent,Owned,True,https://images.catrental.com/assets/backhoe-loader.jpg
MAC00032,QR-00032-2ZSA6H,RFID13566065,Crown SC 6000 #0032,Forklift,Crown,SC 6000,CRO7831640,2024,Diesel,Electric,55,61,5335,Germany,SITE0070,rented,1470,12000,2022-05-09,2022-11-13,223,47479,Excellent,Owned,False,https://images.catrental.com/assets/forklift.jpg
MAC00033,QR-00033-75YOVM,RFID17777252,JCB VMT 860 #0033,Road Roller,JCB,VMT 860,JCB7971116,2023,Diesel,Diesel,200,162,8031,India,SITE0146,rented,3208,9000,2022-03-01,2022-05-30,307,63460,Good,Leased,True,https://images.catrental.com/assets/road-roller.jpg
MAC00034,QR-00034-G07VSC,RFID70571378,Caterpillar 785C #0034,Dump Truck,Caterpillar,785C,CAT4266623,2022,Diesel,Diesel,750,180,11700,USA,SITE0003,rented,4349,18000,2022-10-21,2023-04-03,499,119448,Fair,Owned,True,https://images.catrental.com/assets/dump-truck.jpg
MAC00035,QR-00035-ROP2BY,RFID25638062,Grindex Major H #0035,Water Pump,Grindex,Major H,GRI4987082,2025,Diesel,Diesel,60,50,4154,India,SITE0157,maintenance,100,8000,2022-12-21,2023-05-16,83,15738,Fair,Leased,True,https://images.catrental.com/assets/water-pump.jpg
MAC00036,QR-00036-YC7H81,RFID44094915,Komatsu WA470-8 #0036,Wheel Loader,Komatsu,WA470-8,KOM3583553,2024,Diesel,Diesel,380,230,19082,Australia,SITE0088,rented,451,13000,2022-12-18,2023-05-25,853,143161,Excellent,Owned,True,https://images.catrental.com/assets/wheel-loader.jpg
MAC00037,QR-00037-0BI6AT,RFID70053039,SnowEx HDV #0037,Snow Plow,SnowEx,HDV,SNO5872117,2023,Attachment-No-Engine,Diesel,90,114,6496,Germany,SITE0179,maintenance,2375,6000,2022-04-07,2022-08-12,370,76826,Fair,Leased,True,https://images.catrental.com/assets/snow-plow.jpg
MAC00038,QR-00038-YA3S9U,RFID18702667,Volvo A40G #0038,Dump Truck,Volvo,A40G,VOL8575481,2021,Diesel,Diesel,750,178,9749,USA,SITE0013,rented,4187,18000,2022-01-24,2022-06-27,503,137884,Poor,Leased,True,https://images.catrental.com/assets/dump-truck.jpg
MAC00039,QR-00039-3X10Y1,RFID71230430,Volvo L120H #0039,Wheel Loader,Volvo,L120H,VOL5972962,2023,Diesel,Diesel,380,261,13603,India,SITE0063,rented,2767,13000,2022-03-13,2022-08-16,435,93202,Good,Owned,False,https://images.catrental.com/assets/wheel-loader.jpg
MAC00040,QR-00040-6D43I2,RFID67696791,Caterpillar CS56B #0040,Road Roller,Caterpillar,CS56B,CAT3938087,2020,Electric-Hybrid,Diesel,200,173,14704,India,SITE0103,rented,9242,9000,2022-03-15,2022-07-02,320,70114,Good,Owned,True,https://images.catrental.com/assets/road-roller.jpg
MAC00041,QR-00041-L70SHY,RFID90852772,Terex AC 100/4L #0041,Mobile Crane,Terex,AC 100/4L,TER4622315,2024,Diesel,Diesel,500,531,42716,India,SITE0097,rented,1205,20000,2022-05-19,2022-08-31,750,224867,Good,Owned,True,https://images.catrental.com/assets/mobile-crane.jpg
MAC00042,QR-00042-MT4FVM,RFID29677965,Caterpillar 966M #0042,Wheel Loader,Caterpillar,966M,CAT8283798,2024,Electric-Hybrid,Diesel,380,248,11481,Germany,SITE0094,available,1518,13000,2022-11-01,2023-02-05,897,209040,Good,Owned,True,https://images.catrental.com/assets/wheel-loader.jpg
MAC00043,QR-00043-3LM7E4,RFID45842449,Komatsu PC200-8 #0043,Excavator,Komatsu,PC200-8,KOM4192479,2022,Electric-Hybrid,Diesel,400,293,15817,Australia,SITE0113,available,4669,12000,2022-01-14,2022-04-21,983,200351,Good,Owned,True,https://images.catrental.com/assets/excavator.jpg
MAC00044,QR-00044-6O9E9N,RFID37119856,Caterpillar 428F #0044,Backhoe Loader,Caterpillar,428F,CAT7554404,2022,Diesel,Diesel,130,138,8054,India,SITE0004,available,1830,10000,2022-04-12,2022-09-30,223,51155,Fair,Leased,True,https://images.catrental.com/assets/backhoe-loader.jpg
MAC00045,QR-00045-BOGWHU,RFID69500546,Caterpillar 966M #0045,Wheel Loader,Caterpillar,966M,CAT6392076,2023,Electric-Hybrid,Diesel,380,246,11028,Australia,SITE0113,rented,2336,13000,2022-02-24,2022-05-13,726,155506,Good,Owned,True,https://images.catrental.com/assets/wheel-loader.jpg
MAC00046,QR-00046-YVMTD5,RFID93938382,JCB VMT 860 #0046,Road Roller,JCB,VMT 860,JCB7906275,2020,Electric-Hybrid,Diesel,200,188,14423,USA,SITE0140,transit,4842,9000,2022-10-21,2023-04-02,517,124929,Good,Leased,True,https://images.catrental.com/assets/road-roller.jpg
MAC00047,QR-00047-I78LZG,RFID56270369,Komatsu PC200-8 #0047,Excavator,Komatsu,PC200-8,KOM8614615,2023,Electric-Hybrid,Diesel,400,262,19694,Germany,SITE0008,rented,2989,12000,2022-09-21,2023-01-10,1113,196468,Excellent,Leased,True,https://images.catrental.com/assets/excavator.jpg
MAC00048,QR-00048-9LQT9N,RFID35553337,Case 580N #0048,Backhoe Loader,Case,580N,CAS9611651,2020,Diesel,Diesel,130,151,12766,India,SITE0173,rented,10761,10000,2022-05-29,2022-09-26,239,54555,Good,Owned,True,https://images.catrental.com/assets/backhoe-loader.jpg
MAC00049,QR-00049-KBQY3O,RFID81696670,Caterpillar 745C #0049,Dump Truck,Caterpillar,745C,CAT5620307,2019,Diesel,Diesel,750,207,15716,India,SITE0051,available,10853,18000,2022-11-13,2023-05-02,318,67098,Good,Owned,False,https://images.catrental.com/assets/dump-truck.jpg
MAC00050,QR-00050-WJ7PUM,RFID75941954,Komatsu D155A-6 #0050,Bulldozer,Komatsu,D155A-6,KOM2716946,2019,Electric-Hybrid,Diesel,620,383,25668,India,SITE0004,available,7045,15000,2022-04-01,2022-07-16,756,151970,Fair,Owned,True,https://images.catrental.com/assets/bulldozer.jpg
MAC00051,QR-00051-RZTWO7,RFID25971233,Komatsu D155A-6 #0051,Bulldozer,Komatsu,D155A-6,KOM1384511,2025,Electric-Hybrid,Diesel,620,407,19099,Germany,SITE0008,maintenance,100,15000,2022-03-13,2022-09-04,1322,294282,Good,Leased,True,https://images.catrental.com/assets/bulldozer.jpg
MAC00052,QR-00052-IMYDO5,RFID59129124,Caterpillar DE110E0 #0052,Generator,Caterpillar,DE110E0,CAT4027431,2021,Diesel,Diesel,220,91,5771,Germany,SITE0179,rented,7227,15000,2022-11-18,2023-03-01,292,51479,Excellent,Owned,True,https://images.catrental.com/assets/generator.jpg
MAC00053,QR-00053-UTYIWT,RFID83380336,Tadano ATF 60G-3 #0053,Mobile Crane,Tadano,ATF 60G-3,TAD1661606,2019,Diesel,Diesel,500,569,25354,Germany,SITE0038,maintenance,8701,20000,2022-06-11,2022-12-04,1647,391403,Fair,Leased,False,https://images.catrental.com/assets/mobile-crane.jpg
MAC00054,QR-00054-XKV4VT,RFID18860687,Volvo L120H #0054,Wheel Loader,Volvo,L120H,VOL5896725,2021,Diesel,Diesel,380,226,15244,Germany,SITE0009,rented,1877,13000,2022-08-25,2023-03-02,858,192722,Good,Leased,False,https://images.catrental.com/assets/wheel-loader.jpg
MAC00055,QR-00055-H1XAWJ,RFID20467889,Caterpillar 16M3 #0055,Motor Grader,Caterpillar,16M3,CAT9012822,2025,Diesel,Diesel,415,323,22459,Germany,SITE0078,rented,100,14000,2022-05-16,2022-10-22,1052,205627,Good,Owned,True,https://images.catrental.com/assets/motor-grader.jpg
MAC00056,QR-00056-UR02TY,RFID10087862,Grindex Major H #0056,Water Pump,Grindex,Major H,GRI9659004,2022,Electric-Hybrid,Diesel,60,53,3785,Australia,SITE0133,available,5354,8000,2022-10-26,2023-03-16,149,39411,Good,Owned,True,https://images.catrental.com/assets/water-pump.jpg
MAC00057,QR-00057-YG6G04,RFID46013628,Kohler 250REOZK #0057,Generator,Kohler,250REOZK,KOH1513955,2021,Diesel,Diesel,220,78,5713,Germany,SITE0180,rented,5012,15000,2022-03-15,2022-05-23,304,66417,Good,Owned,True,https://images.catrental.com/assets/generator.jpg
MAC00058,QR-00058-3H7T6U,RFID23838198,Caterpillar D8T #0058,Bulldozer,Caterpillar,D8T,CAT7566356,2023,Diesel,Diesel,620,400,22693,USA,SITE0112,available,1827,15000,2022-03-12,2022-07-18,1271,238455,Fair,Owned,True,https://images.catrental.com/assets/bulldozer.jpg
MAC00059,QR-00059-8HZMVY,RFID23719833,Sykes CP150 #0059,Water Pump,Sykes,CP150,SYK7772146,2025,Diesel,Diesel,60,55,4364,Germany,SITE0111,rented,100,8000,2022-03-12,2022-06-23,156,35840,Fair,Owned,True,https://images.catrental.com/assets/water-pump.jpg
MAC00060,QR-00060-3IGWEY,RFID78761110,Ajax Fiori ARGO 4000 #0060,Concrete Mixer,Ajax Fiori,ARGO 4000,AJA5820173,2025,Diesel,Diesel,300,150,6679,USA,SITE0177,rented,100,8000,2022-07-20,2023-01-20,361,94465,Good,Owned,True,https://images.catrental.com/assets/concrete-mixer.jpg
MAC00061,QR-00061-LQLLD0,RFID59138468,Putzmeister TMM 24-4 #0061,Concrete Mixer,Putzmeister,TMM 24-4,PUT2479872,2024,Diesel,Diesel,300,147,8855,Germany,SITE0012,available,1166,8000,2022-06-13,2022-10-29,444,85610,Good,Owned,True,https://images.catrental.com/assets/concrete-mixer.jpg
MAC00062,QR-00062-82BMQW,RFID26376401,Komatsu HD465-7 #0062,Dump Truck,Komatsu,HD465-7,KOM5755985,2020,Electric-Hybrid,Diesel,750,190,13241,Australia,SITE0159,available,9248,18000,2022-02-05,2022-05-03,640,151016,Fair,Owned,True,https://images.catrental.com/assets/dump-truck.jpg
MAC00063,QR-00063-O85VO1,RFID82331933,Tsurumi HS3.75S #0063,Water Pump,Tsurumi,HS3.75S,TSU8183194,2024,Electric-Hybrid,Diesel,60,48,4190,India,SITE0089,rented,1885,8000,2022-10-22,2023-03-15,78,17956,Fair,Owned,False,https://images.catrental.com/assets/water-pump.jpg
MAC00064,QR-00064-SKWECY,RFID54599850,Komatsu D155A-6 #0064,Bulldozer,Komatsu,D155A-6,KOM3982571,2021,Diesel,Diesel,620,373,33318,Australia,SITE0105,maintenance,6081,15000,2022-07-22,2022-12-02,1498,300853,Excellent,Leased,True,https://images.catrental.com/assets/bulldozer.jpg
MAC00065,QR-00065-CAMBHW,RFID84564128,Tadano ATF 60G-3 #0065,Mobile Crane,Tadano,ATF 60G-3,TAD6324701,2019,Diesel,Diesel,500,535,28887,India,SITE0150,rented,7280,20000,2022-11-02,2023-03-25,901,171439,Good,Owned,True,https://images.catrental.com/assets/mobile-crane.jpg
MAC00066,QR-00066-62ZKO0,RFID27412946,Hyster H50FT #0066,Forklift,Hyster,H50FT,HYS8533043,2022,Diesel,Electric,55,76,5111,USA,SITE0016,maintenance,3668,12000,2022-09-09,2023-02-24,239,52366,Excellent,Leased,True,https://images.catrental.com/assets/forklift.jpg
MAC00067,QR-00067-HF4AKD,RFID60621065,Komatsu D155A-6 #0067,Bulldozer,Komatsu,D155A-6,KOM3118885,2022,Diesel,Diesel,620,448,27352,India,SITE0030,rented,5376,15000,2022-09-25,2022-12-10,739,170833,Good,Owned,True,https://images.catrental.com/assets/bulldozer.jpg
MAC00068,QR-00068-RL0NWR,RFID60856386,Grindex Major H #0068,Water Pump,Grindex,Major H,GRI6873497,2021,Diesel,Diesel,60,55,4369,India,SITE0178,rented,3664,8000,2022-10-02,2023-01-16,90,20554,Good,Owned,True,https://images.catrental.com/assets/water-pump.jpg
MAC00069,QR-00069-XGQHPZ,RFID39161475,John Deere 672G #0069,Motor Grader,John Deere,672G,JOH3028864,2020,Diesel,Diesel,415,341,26002,Germany,SITE0147,rented,8691,14000,2022-09-29,2023-03-20,906,194038,Excellent,Owned,True,https://images.catrental.com/assets/motor-grader.jpg
MAC00070,QR-00070-ITIFXZ,RFID42819076,Hyster H50FT #0070,Forklift,Hyster,H50FT,HYS6086827,2025,Diesel,LPG,55,69,3924,USA,SITE0115,rented,106,12000,2022-01-29,2022-04-18,227,50297,Good,Owned,True,https://images.catrental.com/assets/forklift.jpg
MAC00071,QR-00071-U8RZE6,RFID91014816,JCB JS205 #0071,Excavator,JCB,JS205,JCB5259672,2021,Electric-Hybrid,Diesel,400,255,20030,Australia,SITE0119,rented,6366,12000,2022-07-14,2022-11-17,808,186307,Excellent,Owned,True,https://images.catrental.com/assets/excavator.jpg
MAC00072,QR-00072-IF31D2,RFID63302112,Crown SC 6000 #0072,Forklift,Crown,SC 6000,CRO9706450,2023,Diesel,Electric,55,63,3112,USA,SITE0054,rented,2444,12000,2022-07-17,2022-10-20,222,41170,Fair,Owned,True,https://images.catrental.com/assets/forklift.jpg
MAC00073,QR-00073-MIT727,RFID15427468,John Deere 672G #0073,Motor Grader,John Deere,672G,JOH9629101,2022,Diesel,Diesel,415,271,26702,Germany,SITE0065,rented,4505,14000,2022-09-15,2023-02-17,994,234694,Good,Owned,True,https://images.catrental.com/assets/motor-grader.jpg
MAC00074,QR-00074-2XG770,RFID99121694,Caterpillar 785C #0074,Dump Truck,Caterpillar,785C,CAT1383201,2019,Diesel,Diesel,750,169,9890,Germany,SITE0179,rented,9573,18000,2022-09-15,2022-12-07,574,157600,Fair,Owned,True,https://images.catrental.com/assets/dump-truck.jpg
MAC00075,QR-00075-VEOW0E,RFID31126481,Tsurumi HS3.75S #0075,Water Pump,Tsurumi,HS3.75S,TSU2559093,2021,Diesel,Diesel,60,55,4328,Germany,SITE0180,transit,6200,8000,2022-03-03,2022-09-06,158,37680,Good,Leased,True,https://images.catrental.com/assets/water-pump.jpg
MAC00076,QR-00076-WBEM0T,RFID68738639,Caterpillar 966M #0076,Wheel Loader,Caterpillar,966M,CAT3029318,2019,Diesel,Diesel,380,221,17041,India,SITE0052,available,10934,13000,2022-09-30,2022-12-09,358,84956,Excellent,Owned,True,https://images.catrental.com/assets/wheel-loader.jpg
MAC00077,QR-00077-F2GDAU,RFID62986971,Sykes CP150 #0077,Water Pump,Sykes,CP150,SYK2738615,2022,Diesel,Diesel,60,56,4184,India,SITE0002,available,3572,8000,2021-11-29,2022-06-10,94,21793,Good,Owned,True,https://images.catrental.com/assets/water-pump.jpg
MAC00078,QR-00078-30A7ZU,RFID56337164,JCB JS205 #0078,Excavator,JCB,JS205,JCB2107591,2022,Diesel,Diesel,400,310,20189,USA,SITE0100,available,7465,12000,2022-07-05,2022-12-09,858,211356,Fair,Owned,True,https://images.catrental.com/assets/excavator.jpg
MAC00079,QR-00079-4JC0FF,RFID74673141,Caterpillar 349F #0079,Excavator,Caterpillar,349F,CAT4556981,2022,Diesel,Diesel,400,284,17363,India,SITE0090,rented,3696,12000,2021-12-06,2022-03-09,475,109623,Excellent,Owned,True,https://images.catrental.com/assets/excavator.jpg
MAC00080,QR-00080-IEKX6M,RFID45039128,Hitachi ZX350 #0080,Excavator,Hitachi,ZX350,HIT7917936,2023,Diesel,Diesel,400,313,21476,USA,SITE0061,available,1045,12000,2022-03-04,2022-05-08,873,165335,Excellent,Leased,True,https://images.catrental.com/assets/excavator.jpg
MAC00081,QR-00081-P2WNV2,RFID56712081,Komatsu PC200-8 #0081,Excavator,Komatsu,PC200-8,KOM7183513,2021,Diesel,Diesel,400,275,23504,India,SITE0110,maintenance,5037,12000,2022-03-18,2022-09-09,554,124658,Excellent,Leased,True,https://images.catrental.com/assets/excavator.jpg
MAC00082,QR-00082-H30OIQ,RFID47066908,Caterpillar 12M3 #0082,Motor Grader,Caterpillar,12M3,CAT1649788,2019,Diesel,Diesel,415,306,19221,Germany,SITE0179,rented,11248,14000,2022-04-12,2022-07-12,1119,233476,Excellent,Owned,True,https://images.catrental.com/assets/motor-grader.jpg
MAC00083,QR-00083-DSODBZ,RFID54578981,Komatsu PC200-8 #0083,Excavator,Komatsu,PC200-8,KOM8775490,2018,Diesel,Diesel,400,323,23115,USA,SITE0158,rented,10056,12000,2022-01-05,2022-03-21,1013,212790,Poor,Leased,True,https://images.catrental.com/assets/excavator.jpg
MAC00084,QR-00084-4YQZVR,RFID37455833,Caterpillar DE110E0 #0084,Generator,Caterpillar,DE110E0,CAT9920306,2023,Diesel,Diesel,220,86,5001,India,SITE0055,transit,2861,15000,2022-09-29,2023-02-25,147,26012,Fair,Leased,True,https://images.catrental.com/assets/generator.jpg
MAC00085,QR-00085-MCIE4A,RFID17728375,Caterpillar D11T #0085,Bulldozer,Caterpillar,D11T,CAT2324282,2025,Diesel,Diesel,620,400,25660,India,SITE0081,rented,100,15000,2022-05-22,2022-08-28,770,172110,Good,Owned,True,https://images.catrental.com/assets/bulldozer.jpg
MAC00086,QR-00086-VT7CZ1,RFID94701395,Komatsu PC200-8 #0086,Excavator,Komatsu,PC200-8,KOM5407277,2022,Diesel,Diesel,400,295,16766,Germany,SITE0138,available,3585,12000,2022-12-12,2023-02-15,1097,213299,Fair,Owned,True,https://images.catrental.com/assets/excavator.jpg
MAC00087,QR-00087-9WXHVY,RFID65643484,Caterpillar 745C #0087,Dump Truck,Caterpillar,745C,CAT9878299,2024,Electric-Hybrid,Diesel,750,192,14436,India,SITE0063,rented,1483,18000,2022-04-21,2022-09-29,347,64490,Fair,Leased,True,https://images.catrental.com/assets/dump-truck.jpg
MAC00088,QR-00088-G08YVU,RFID25292558,Ingersoll Rand P185WJD #0088,Air Compressor,Ingersoll Rand,P185WJD,ING8329860,2022,Electric-Hybrid,Diesel,120,66,2880,USA,SITE0139,available,4337,10000,2022-10-03,2023-02-22,174,37876,Excellent,Leased,True,https://images.catrental.com/assets/air-compressor.jpg
MAC00089,QR-00089-DBFXA2,RFID94257872,Caterpillar 336F #0089,Excavator,Caterpillar,336F,CAT2773203,2022,Diesel,Diesel,400,261,24618,Australia,SITE0101,maintenance,4834,12000,2022-03-30,2022-07-11,1022,207390,Fair,Leased,True,https://images.catrental.com/assets/excavator.jpg
MAC00090,QR-00090-6DQA4S,RFID88872698,Linde H30D #0090,Forklift,Linde,H30D,LIN3459638,2022,Diesel,Electric,55,68,5445,Germany,SITE0049,maintenance,2651,12000,2022-03-07,2022-08-28,263,50906,Poor,Leased,True,https://images.catrental.com/assets/forklift.jpg
MAC00091,QR-00091-UPSPAG,RFID13448448,JCB JS205 #0091,Excavator,JCB,JS205,JCB4911403,2019,Diesel,Diesel,400,293,18089,India,SITE0165,rented,9991,12000,2022-04-08,2022-10-16,544,126373,Good,Leased,True,https://images.catrental.com/assets/excavator.jpg
MAC00092,QR-00092-6YV2VP,RFID77737903,Caterpillar 777G #0092,Dump Truck,Caterpillar,777G,CAT9571450,2022,Diesel,Diesel,750,186,14455,India,SITE0110,available,4993,18000,2022-11-18,2023-02-26,331,59003,Poor,Leased,True,https://images.catrental.com/assets/dump-truck.jpg
MAC00093,QR-00093-MB6XGK,RFID84250773,Volvo L120H #0093,Wheel Loader,Volvo,L120H,VOL2887319,2021,Diesel,Diesel,380,229,14462,USA,SITE0155,rented,2921,13000,2022-11-16,2023-05-03,684,174844,Fair,Owned,True,https://images.catrental.com/assets/wheel-loader.jpg
MAC00094,QR-00094-NIJWAQ,RFID51928769,Caterpillar CS78B #0094,Road Roller,Caterpillar,CS78B,CAT7313511,2020,Diesel,Diesel,200,152,7587,Germany,SITE0049,available,3919,9000,2022-05-30,2022-10-09,594,105036,Excellent,Owned,False,https://images.catrental.com/assets/road-roller.jpg
MAC00095,QR-00095-TTSW5E,RFID44699521,Crown SC 6000 #0095,Forklift,Crown,SC 6000,CRO5461367,2020,Electric-Hybrid,LPG,55,62,5962,USA,SITE0170,rented,7772,12000,2022-03-13,2022-07-07,180,47022,Good,Owned,True,https://images.catrental.com/assets/forklift.jpg
MAC00096,QR-00096-X9XF3H,RFID64677550,Caterpillar 320D #0096,Excavator,Caterpillar,320D,CAT7002000,2020,Diesel,Diesel,400,271,18807,Germany,SITE0180,rented,5750,12000,2021-12-09,2022-04-11,1006,243112,Excellent,Owned,True,https://images.catrental.com/assets/excavator.jpg
MAC00097,QR-00097-6KKFED,RFID52665624,Komatsu D65PX-18 #0097,Bulldozer,Komatsu,D65PX-18,KOM7045102,2019,Diesel,Diesel,620,447,30546,Australia,SITE0159,rented,4068,15000,2022-12-20,2023-04-01,1447,272482,Fair,Owned,True,https://images.catrental.com/assets/bulldozer.jpg
MAC00098,QR-00098-T805QT,RFID23005444,Toyota 8FGCU25 #0098,Forklift,Toyota,8FGCU25,TOY1701806,2024,Diesel,Diesel,55,67,4241,USA,SITE0048,available,1361,12000,2022-03-31,2022-10-16,195,39631,Excellent,Owned,True,https://images.catrental.com/assets/forklift.jpg
MAC00099,QR-00099-ZTLSUY,RFID22119306,JCB VMT 860 #0099,Road Roller,JCB,VMT 860,JCB7640884,2025,Diesel,Diesel,200,164,9459,India,SITE0045,rented,100,9000,2022-03-31,2022-08-01,298,64636,Good,Owned,True,https://images.catrental.com/assets/road-roller.jpg
MAC00100,QR-00100-MCCYC3,RFID82184638,Caterpillar 420F #0100,Backhoe Loader,Caterpillar,420F,CAT1746392,2024,Electric-Hybrid,Diesel,130,142,8872,Germany,SITE0085,rented,2183,10000,2022-08-27,2023-01-31,593,126587,Fair,Owned,True,https://images.catrental.com/assets/backhoe-loader.jpg
MAC00101,QR-00101-K8JB79,RFID46771858,Caterpillar CS56B #0101,Road Roller,Caterpillar,CS56B,CAT3279801,2021,Electric-Hybrid,Diesel,200,167,10578,India,SITE0051,rented,5326,9000,2022-01-30,2022-06-16,249,51610,Good,Owned,True,https://images.catrental.com/assets/road-roller.jpg
MAC00102,QR-00102-18GSVP,RFID42550031,Caterpillar D9T #0102,Bulldozer,Caterpillar,D9T,CAT6176130,2022,Diesel,Diesel,620,385,25279,Australia,SITE0096,rented,3139,15000,2022-12-17,2023-06-10,1337,284750,Excellent,Owned,True,https://images.catrental.com/assets/bulldozer.jpg
MAC00103,QR-00103-ZYFGGK,RFID70656527,Schwing Stetter AM 7 CBM #0103,Concrete Mixer,Schwing Stetter,AM 7 CBM,SCH1153613,2021,Electric-Hybrid,Diesel,300,152,8870,India,SITE0103,available,5247,8000,2022-09-05,2022-11-17,238,47606,Good,Owned,True,https://images.catrental.com/assets/concrete-mixer.jpg
MAC00104,QR-00104-TSNC19,RFID12015146,Caterpillar 420F #0104,Backhoe Loader,Caterpillar,420F,CAT5214454,2020,Diesel,Diesel,130,152,10234,India,SITE0030,rented,7461,10000,2022-06-24,2022-12-29,230,61727,Fair,Leased,True,https://images.catrental.com/assets/backhoe-loader.jpg
MAC00105,QR-00105-EZ24WP,RFID29766881,Komatsu PC200-8 #0105,Excavator,Komatsu,PC200-8,KOM8484573,2024,Diesel,Diesel,400,320,13431,Australia,SITE0119,rented,1090,12000,2022-12-25,2023-05-03,1052,195043,Excellent,Leased,True,https://images.catrental.com/assets/excavator.jpg
MAC00106,QR-00106-NJSLEU,RFID41213772,Hamm 3520 #0106,Road Roller,Hamm,3520,HAM3832054,2023,Diesel,Diesel,200,186,10215,India,SITE0098,available,3145,9000,2022-05-09,2022-10-05,291,72391,Poor,Owned,True,https://images.catrental.com/assets/road-roller.jpg
MAC00107,QR-00107-FG79KT,RFID75934922,Caterpillar 950GC #0107,Wheel Loader,Caterpillar,950GC,CAT2869043,2020,Diesel,Diesel,380,236,19962,USA,SITE0120,rented,8540,13000,2022-09-22,2022-12-10,785,159681,Excellent,Owned,True,https://images.catrental.com/assets/wheel-loader.jpg
MAC00108,QR-00108-6MAT2C,RFID61945598,Caterpillar D8T #0108,Bulldozer,Caterpillar,D8T,CAT2220978,2018,Diesel,Diesel,620,442,22588,Germany,SITE0141,available,8796,15000,2022-06-20,2022-10-01,1407,347621,Excellent,Owned,False,https://images.catrental.com/assets/bulldozer.jpg
MAC00109,QR-00109-5A4520,RFID79082162,Komatsu D65PX-18 #0109,Bulldozer,Komatsu,D65PX-18,KOM4850679,2022,Diesel,Diesel,620,431,25134,Australia,SITE0071,rented,3472,15000,2022-09-05,2023-01-27,1369,251678,Excellent,Leased,True,https://images.catrental.com/assets/bulldozer.jpg
MAC00110,QR-00110-3HTNCV,RFID39184664,Caterpillar 349F #0110,Excavator,Caterpillar,349F,CAT1897366,2020,Electric-Hybrid,Diesel,400,304,19794,India,SITE0011,rented,8598,12000,2022-08-19,2023-02-04,471,114987,Good,Leased,True,https://images.catrental.com/assets/excavator.jpg
MAC00111,QR-00111-2UPVSF,RFID90376344,Volvo L120H #0111,Wheel Loader,Volvo,L120H,VOL7475947,2019,Diesel,Diesel,380,227,20845,Germany,SITE0176,rented,7364,13000,2022-04-13,2022-08-16,914,180352,Fair,Leased,True,https://images.catrental.com/assets/wheel-loader.jpg
MAC00112,QR-00112-ZGEHUI,RFID70334957,JCB 3DX Xtra #0112,Backhoe Loader,JCB,3DX Xtra,JCB7397798,2021,Diesel,Diesel,130,154,8358,Germany,SITE0164,available,6929,10000,2021-12-23,2022-07-09,458,94151,Excellent,Owned,True,https://images.catrental.com/assets/backhoe-loader.jpg
MAC00113,QR-00113-7ZUHFB,RFID25699847,JCB JS205 #0113,Excavator,JCB,JS205,JCB9634963,2020,Diesel,Diesel,400,268,14990,USA,SITE0100,rented,9000,12000,2022-10-04,2023-04-14,818,224890,Excellent,Owned,True,https://images.catrental.com/assets/excavator.jpg
MAC00114,QR-00114-ET3GND,RFID18282820,Caterpillar 320D #0114,Excavator,Caterpillar,320D,CAT7479928,2022,Diesel,Diesel,400,318,16439,USA,SITE0172,rented,2091,12000,2022-03-21,2022-09-20,936,206177,Excellent,Leased,True,https://images.catrental.com/assets/excavator.jpg
MAC00115,QR-00115-LO9LYD,RFID10489883,Caterpillar EP18NT #0115,Forklift,Caterpillar,EP18NT,CAT4271345,2021,Diesel,Electric,55,72,3050,Germany,SITE0179,available,8358,12000,2022-02-06,2022-05-12,254,55680,Good,Owned,True,https://images.catrental.com/assets/forklift.jpg
MAC00116,QR-00116-P6OJC6,RFID62745872,Doosan P185WDO #0116,Air Compressor,Doosan,P185WDO,DOO8313384,2021,Diesel,Diesel,120,58,2933,Germany,SITE0018,rented,6627,10000,2022-01-13,2022-03-25,197,51559,Fair,Leased,True,https://images.catrental.com/assets/air-compressor.jpg
MAC00117,QR-00117-BWNUHP,RFID37152527,Komatsu D65PX-18 #0117,Bulldozer,Komatsu,D65PX-18,KOM8875791,2021,Diesel,Diesel,620,415,24802,India,SITE0023,available,3540,15000,2022-03-04,2022-07-10,755,146583,Good,Owned,True,https://images.catrental.com/assets/bulldozer.jpg
MAC00118,QR-00118-TYX2CB,RFID89371251,Caterpillar 336F #0118,Excavator,Caterpillar,336F,CAT8926872,2022,Electric-Hybrid,Diesel,400,267,18532,USA,SITE0079,rented,5592,12000,2022-02-09,2022-05-10,897,200690,Good,Owned,True,https://images.catrental.com/assets/excavator.jpg
MAC00119,QR-00119-U3GA9T,RFID10784416,Caterpillar 420F #0119,Backhoe Loader,Caterpillar,420F,CAT9757314,2019,Diesel,Diesel,130,170,13100,India,SITE0077,available,9468,10000,2022-07-01,2022-12-24,279,65474,Good,Owned,False,https://images.catrental.com/assets/backhoe-loader.jpg
MAC00120,QR-00120-2DY4TK,RFID91678422,Godwin CD150M #0120,Water Pump,Godwin,CD150M,GOD4101741,2023,Electric-Hybrid,Diesel,60,56,3230,India,SITE0055,rented,3450,8000,2022-08-02,2023-01-07,77,20298,Excellent,Leased,True,https://images.catrental.com/assets/water-pump.jpg
MAC00121,QR-00121-N4BPSA,RFID87574875,Caterpillar 16M3 #0121,Motor Grader,Caterpillar,16M3,CAT5926603,2023,Diesel,Diesel,415,279,25240,USA,SITE0073,rented,2560,14000,2022-11-08,2023-04-05,1057,197322,Excellent,Owned,False,https://images.catrental.com/assets/motor-grader.jpg
MAC00122,QR-00122-HE4QGF,RFID85160586,Caterpillar 770G #0122,Dump Truck,Caterpillar,770G,CAT3880263,2025,Diesel,Diesel,750,205,15555,India,SITE0015,rented,284,18000,2022-12-04,2023-05-30,309,80484,Excellent,Owned,True,https://images.catrental.com/assets/dump-truck.jpg
MAC00123,QR-00123-O772NR,RFID17907766,Tadano ATF 60G-3 #0123,Mobile Crane,Tadano,ATF 60G-3,TAD2216146,2023,Diesel,Diesel,500,567,36933,Australia,SITE0091,available,2215,20000,2022-10-23,2023-04-08,1531,393911,Excellent,Owned,True,https://images.catrental.com/assets/mobile-crane.jpg
MAC00124,QR-00124-P0BN85,RFID69134843,Caterpillar 390F #0124,Excavator,Caterpillar,390F,CAT4119384,2024,Diesel,Diesel,400,313,14486,India,SITE0058,rented,1597,12000,2022-11-17,2023-04-06,535,91915,Good,Leased,True,https://images.catrental.com/assets/excavator.jpg
MAC00125,QR-00125-ULK3FU,RFID72857546,Caterpillar 390F #0125,Excavator,Caterpillar,390F,CAT6238826,2020,Electric-Hybrid,Diesel,400,297,20056,Germany,SITE0008,maintenance,6391,12000,2022-11-17,2023-05-25,1118,232495,Good,Owned,True,https://images.catrental.com/assets/excavator.jpg
MAC00126,QR-00126-9HLTH1,RFID19492312,Crown SC 6000 #0126,Forklift,Crown,SC 6000,CRO3369793,2024,Diesel,LPG,55,65,3461,Australia,SITE0130,available,1258,12000,2021-12-27,2022-07-06,228,40897,Good,Owned,True,https://images.catrental.com/assets/forklift.jpg
MAC00127,QR-00127-13M7PC,RFID46642579,Hyster H50FT #0127,Forklift,Hyster,H50FT,HYS9791561,2025,Electric-Hybrid,Diesel,55,72,4343,India,SITE0020,available,100,12000,2022-05-21,2022-09-23,123,28155,Excellent,Leased,True,https://images.catrental.com/assets/forklift.jpg
MAC00128,QR-00128-OEBMQP,RFID47138074,Sykes CP150 #0128,Water Pump,Sykes,CP150,SYK5998189,2022,Diesel,Diesel,60,49,3260,India,SITE0082,rented,4995,8000,2022-09-06,2023-02-10,82,22452,Excellent,Leased,True,https://images.catrental.com/assets/water-pump.jpg
MAC00129,QR-00129-BWLA9D,RFID41349369,Toyota 8FGCU25 #0129,Forklift,Toyota,8FGCU25,TOY2797513,2022,Diesel,Diesel,55,76,4388,USA,SITE0067,rented,4447,12000,2021-12-04,2022-04-26,199,46918,Good,Owned,True,https://images.catrental.com/assets/forklift.jpg
MAC00130,QR-00130-WOW7L7,RFID45976961,Komatsu D155A-6 #0130,Bulldozer,Komatsu,D155A-6,KOM3821761,2025,Diesel,Diesel,620,428,35967,India,SITE0153,maintenance,100,15000,2022-01-06,2022-04-21,604,163029,Good,Owned,False,https://images.catrental.com/assets/bulldozer.jpg
MAC00131,QR-00131-LM576M,RFID97869173,Godwin CD150M #0131,Water Pump,Godwin,CD150M,GOD2324391,2024,Diesel,Diesel,60,50,4253,Germany,SITE0064,rented,1077,8000,2022-06-01,2022-08-12,156,31719,Good,Owned,True,https://images.catrental.com/assets/water-pump.jpg
MAC00132,QR-00132-6X3B9K,RFID93488889,Caterpillar DE165 #0132,Generator,Caterpillar,DE165,CAT1470606,2024,Diesel,Diesel,220,95,6648,India,SITE0023,rented,1034,15000,2022-07-03,2022-12-03,146,31323,Good,Owned,True,https://images.catrental.com/assets/generator.jpg
MAC00133,QR-00133-CKWDHX,RFID92594049,Caterpillar 262D3 #0133,Skid Steer Loader,Caterpillar,262D3,CAT2080611,2021,Diesel,Diesel,100,113,6116,India,SITE0027,available,5140,9000,2021-12-07,2022-04-18,183,38209,Excellent,Owned,True,https://images.catrental.com/assets/skid-steer-loader.jpg
MAC00134,QR-00134-OP63CT,RFID68952764,Caterpillar CS56B #0134,Road Roller,Caterpillar,CS56B,CAT1322484,2018,Electric-Hybrid,Diesel,200,160,13337,India,SITE0047,maintenance,15761,9000,2022-03-11,2022-05-13,287,61287,Poor,Owned,True,https://images.catrental.com/assets/road-roller.jpg
MAC00135,QR-00135-AOQ14M,RFID11080445,Hyster H50FT #0135,Forklift,Hyster,H50FT,HYS4775348,2023,Diesel,Diesel,55,70,5485,India,SITE0023,rented,2917,12000,2022-03-09,2022-08-11,108,26090,Excellent,Owned,True,https://images.catrental.com/assets/forklift.jpg
MAC00136,QR-00136-HHLDA2,RFID86680961,Caterpillar 320D #0136,Excavator,Caterpillar,320D,CAT3507382,2022,Diesel,Diesel,400,300,24127,Australia,SITE0091,available,3201,12000,2022-02-13,2022-05-31,959,186907,Excellent,Owned,True,https://images.catrental.com/assets/excavator.jpg
MAC00137,QR-00137-OHE7KY,RFID71275566,Terex AC 100/4L #0137,Mobile Crane,Terex,AC 100/4L,TER7442888,2022,Diesel,Diesel,500,544,44910,Australia,SITE0130,available,6339,20000,2022-11-02,2023-01-23,1489,328201,Poor,Owned,True,https://images.catrental.com/assets/mobile-crane.jpg
MAC00138,QR-00138-8IY525,RFID28987151,Komatsu HD465-7 #0138,Dump Truck,Komatsu,HD465-7,KOM4874616,2023,Electric-Hybrid,Diesel,750,181,12545,Australia,SITE0068,rented,2423,18000,2022-06-12,2022-08-22,573,147178,Good,Owned,True,https://images.catrental.com/assets/dump-truck.jpg
MAC00139,QR-00139-GP8D20,RFID32940063,Caterpillar 390F #0139,Excavator,Caterpillar,390F,CAT1102663,2019,Diesel,Diesel,400,279,24357,USA,SITE0177,available,6068,12000,2022-09-07,2023-03-26,979,218876,Good,Leased,True,https://images.catrental.com/assets/excavator.jpg
MAC00140,QR-00140-TCVL0Y,RFID73142083,Ajax Fiori ARGO 4000 #0140,Concrete Mixer,Ajax Fiori,ARGO 4000,AJA6575333,2019,Diesel,Diesel,300,143,6565,Germany,SITE0180,available,11688,8000,2022-04-01,2022-09-03,453,86619,Excellent,Owned,False,https://images.catrental.com/assets/concrete-mixer.jpg
MAC00141,QR-00141-VF6RGS,RFID54519864,Komatsu PC200-8 #0141,Excavator,Komatsu,PC200-8,KOM7298799,2024,Diesel,Diesel,400,316,21131,India,SITE0082,transit,731,12000,2022-11-27,2023-06-15,541,116194,Excellent,Leased,True,https://images.catrental.com/assets/excavator.jpg
MAC00142,QR-00142-CDK9X0,RFID80450969,Caterpillar 336F #0142,Excavator,Caterpillar,336F,CAT3608640,2023,Diesel,Diesel,400,259,25167,India,SITE0097,transit,2545,12000,2022-09-05,2022-12-08,508,109500,Good,Leased,True,https://images.catrental.com/assets/excavator.jpg
MAC00143,QR-00143-4EPM7Z,RFID23856023,Toyota 8FGCU25 #0143,Forklift,Toyota,8FGCU25,TOY4674504,2019,Diesel,LPG,55,71,3124,Germany,SITE0179,available,11077,12000,2022-08-12,2022-11-18,262,53415,Excellent,Owned,True,https://images.catrental.com/assets/forklift.jpg
MAC00144,QR-00144-QM6DTE,RFID19534513,SANY SY308C-8 #0144,Concrete Mixer,SANY,SY308C-8,SAN8381477,2018,Diesel,Diesel,300,141,11944,India,SITE0178,rented,9528,8000,2021-12-30,2022-04-28,201,60197,Good,Leased,False,https://images.catrental.com/assets/concrete-mixer.jpg
MAC00145,QR-00145-7BI8TJ,RFID93226902,Liebherr HTM 1004 #0145,Concrete Mixer,Liebherr,HTM 1004,LIE3002052,2018,Electric-Hybrid,Diesel,300,133,6905,India,SITE0040,rented,8349,8000,2022-04-04,2022-07-28,236,59433,Fair,Leased,True,https://images.catrental.com/assets/concrete-mixer.jpg
MAC00146,QR-00146-NZ7DSO,RFID58542593,JCB 3CX Compact #0146,Backhoe Loader,JCB,3CX Compact,JCB1680808,2022,Diesel,Diesel,130,146,8686,India,SITE0171,available,3857,10000,2022-06-13,2022-12-07,285,54310,Excellent,Owned,True,https://images.catrental.com/assets/backhoe-loader.jpg
MAC00147,QR-00147-KVGG4N,RFID68229002,Sullair 185 #0147,Air Compressor,Sullair,185,SUL1143212,2023,Diesel,Diesel,120,55,5315,USA,SITE0043,rented,2980,10000,2022-06-01,2022-10-27,174,36646,Fair,Owned,False,https://images.catrental.com/assets/air-compressor.jpg
MAC00148,QR-00148-W8TR98,RFID92906190,Doosan P185WDO #0148,Air Compressor,Doosan,P185WDO,DOO9610706,2023,Diesel,Diesel,120,65,5211,Germany,SITE0174,rented,2997,10000,2022-01-18,2022-07-28,187,41670,Excellent,Owned,True,https://images.catrental.com/assets/air-compressor.jpg
MAC00149,QR-00149-89GNCT,RFID40187291,Volvo A40G #0149,Dump Truck,Volvo,A40G,VOL5726703,2021,Diesel,Diesel,750,176,9919,India,SITE0077,available,8430,18000,2022-08-31,2022-12-03,323,62439,Fair,Owned,True,https://images.catrental.com/assets/dump-truck.jpg
MAC00150,QR-00150-2OYYR2,RFID63871859,Kubota SSV75 #0150,Skid Steer Loader,Kubota,SSV75,KUB8833357,2022,Diesel,Diesel,100,108,8742,Germany,SITE0012,maintenance,3717,9000,2022-08-17,2023-01-18,394,62522,Good,Owned,False,https://images.catrental.com/assets/skid-steer-loader.jpg
MAC00151,QR-00151-P6EGKA,RFID11062915,Putzmeister TMM 24-4 #0151,Concrete Mixer,Putzmeister,TMM 24-4,PUT2066731,2021,Diesel,Diesel,300,150,11621,USA,SITE0112,maintenance,6383,8000,2022-04-18,2022-09-22,431,107578,Good,Owned,True,https://images.catrental.com/assets/concrete-mixer.jpg
MAC00152,QR-00152-E7A5JI,RFID88987309,Putzmeister TMM 24-4 #0152,Concrete Mixer,Putzmeister,TMM 24-4,PUT4048820,2024,Diesel,Diesel,300,128,8308,Germany,SITE0049,maintenance,1221,8000,2022-07-30,2023-01-20,446,96653,Excellent,Leased,False,https://images.catrental.com/assets/concrete-mixer.jpg
MAC00153,QR-00153-5H3QOX,RFID71457996,SANY SY308C-8 #0153,Concrete Mixer,SANY,SY308C-8,SAN6313929,2024,Diesel,Diesel,300,123,11444,Germany,SITE0174,maintenance,1907,8000,2022-11-02,2023-03-19,450,88375,Excellent,Owned,True,https://images.catrental.com/assets/concrete-mixer.jpg
MAC00154,QR-00154-D7KFN8,RFID47495084,Putzmeister TMM 24-4 #0154,Concrete Mixer,Putzmeister,TMM 24-4,PUT8493277,2025,Diesel,Diesel,300,134,11435,USA,SITE0039,available,100,8000,2022-06-26,2023-01-12,374,79801,Excellent,Leased,True,https://images.catrental.com/assets/concrete-mixer.jpg
MAC00155,QR-00155-OM0F6Q,RFID27724374,Caterpillar 390F #0155,Excavator,Caterpillar,390F,CAT9875764,2020,Electric-Hybrid,Diesel,400,283,16879,Germany,SITE0141,rented,8342,12000,2022-01-19,2022-03-26,1085,254234,Good,Owned,False,https://images.catrental.com/assets/excavator.jpg
MAC00156,QR-00156-A7LS9B,RFID30398821,JCB JS205 #0156,Excavator,JCB,JS205,JCB2054981,2023,Electric-Hybrid,Diesel,400,315,15021,USA,SITE0099,rented,3162,12000,2022-05-21,2022-12-04,803,185661,Good,Owned,True,https://images.catrental.com/assets/excavator.jpg
MAC00157,QR-00157-TWD96H,RFID36590626,Caterpillar 320D #0157,Excavator,Caterpillar,320D,CAT7677265,2023,Electric-Hybrid,Diesel,400,299,17226,Australia,SITE0026,rented,2455,12000,2022-10-29,2023-02-21,956,184703,Fair,Owned,True,https://images.catrental.com/assets/excavator.jpg
MAC00158,QR-00158-34Y6FF,RFID69417375,Komatsu D155A-6 #0158,Bulldozer,Komatsu,D155A-6,KOM6909755,2023,Diesel,Diesel,620,429,21421,USA,SITE0131,rented,3435,15000,2022-10-27,2023-03-31,1168,275577,Good,Owned,True,https://images.catrental.com/assets/bulldozer.jpg
MAC00159,QR-00159-MBO6TQ,RFID78645744,Tadano ATF 60G-3 #0159,Mobile Crane,Tadano,ATF 60G-3,TAD9510677,2024,Diesel,Diesel,500,498,33701,USA,SITE0112,transit,819,20000,2022-05-27,2022-08-17,1451,310266,Fair,Leased,True,https://images.catrental.com/assets/mobile-crane.jpg
MAC00160,QR-00160-Z8R2W7,RFID45183616,Caterpillar 420F #0160,Backhoe Loader,Caterpillar,420F,CAT4068301,2022,Diesel,Diesel,130,164,9979,India,SITE0020,rented,2838,10000,2022-02-04,2022-05-31,230,49679,Fair,Owned,True,https://images.catrental.com/assets/backhoe-loader.jpg
MAC00161,QR-00161-W1K9M9,RFID85977102,Hitachi ZX350 #0161,Excavator,Hitachi,ZX350,HIT1283322,2025,Diesel,Diesel,400,305,21228,Australia,SITE0160,available,180,12000,2022-01-01,2022-07-10,846,178021,Fair,Owned,False,https://images.catrental.com/assets/excavator.jpg
MAC00162,QR-00162-3WZ5I4,RFID25400191,SnowEx HDV #0162,Snow Plow,SnowEx,HDV,SNO5064165,2025,Attachment-No-Engine,Electric,90,106,7333,USA,SITE0099,available,100,6000,2022-12-06,2023-05-14,354,75846,Excellent,Leased,True,https://images.catrental.com/assets/snow-plow.jpg
MAC00163,QR-00163-5C1GXS,RFID48496836,Volvo L120H #0163,Wheel Loader,Volvo,L120H,VOL1227365,2025,Electric-Hybrid,Diesel,380,223,19195,Germany,SITE0009,rented,100,13000,2022-07-19,2022-10-25,843,196312,Good,Owned,True,https://images.catrental.com/assets/wheel-loader.jpg
MAC00164,QR-00164-D9JC1Y,RFID54284913,Caterpillar 349F #0164,Excavator,Caterpillar,349F,CAT7178837,2020,Electric-Hybrid,Diesel,400,274,20012,Germany,SITE0179,available,7248,12000,2022-02-14,2022-05-02,890,180828,Good,Owned,False,https://images.catrental.com/assets/excavator.jpg
MAC00165,QR-00165-JPFAWX,RFID22897516,Komatsu GD655-6 #0165,Motor Grader,Komatsu,GD655-6,KOM1304676,2021,Diesel,Diesel,415,324,14712,USA,SITE0112,rented,5569,14000,2022-12-31,2023-04-05,938,182941,Fair,Owned,True,https://images.catrental.com/assets/motor-grader.jpg
MAC00166,QR-00166-HFRRCV,RFID34880515,Ingersoll Rand P185WJD #0166,Air Compressor,Ingersoll Rand,P185WJD,ING8961904,2022,Diesel,Diesel,120,60,3751,USA,SITE0112,available,5045,10000,2022-12-13,2023-06-24,186,42633,Good,Owned,True,https://images.catrental.com/assets/air-compressor.jpg
MAC00167,QR-00167-ED1LG8,RFID87607161,Hamm 3520 #0167,Road Roller,Hamm,3520,HAM4406031,2021,Diesel,Diesel,200,157,8435,USA,SITE0151,rented,5224,9000,2022-09-16,2023-02-02,545,103938,Excellent,Owned,True,https://images.catrental.com/assets/road-roller.jpg
MAC00168,QR-00168-ZAPUOL,RFID99305963,Terex AC 100/4L #0168,Mobile Crane,Terex,AC 100/4L,TER1115555,2020,Electric-Hybrid,Diesel,500,512,29199,Germany,SITE0065,rented,6866,20000,2022-08-08,2023-02-06,1801,349610,Good,Owned,False,https://images.catrental.com/assets/mobile-crane.jpg
MAC00169,QR-00169-OMZQB0,RFID46560856,Caterpillar 777G #0169,Dump Truck,Caterpillar,777G,CAT1386775,2021,Electric-Hybrid,Diesel,750,193,16193,USA,SITE0050,rented,4855,18000,2022-07-15,2022-09-21,537,150795,Excellent,Owned,True,https://images.catrental.com/assets/dump-truck.jpg
MAC00170,QR-00170-NDTQYP,RFID41510394,Tadano ATF 60G-3 #0170,Mobile Crane,Tadano,ATF 60G-3,TAD4007253,2021,Diesel,Diesel,500,556,36316,India,SITE0045,maintenance,6850,20000,2022-05-07,2022-07-08,834,157871,Good,Owned,True,https://images.catrental.com/assets/mobile-crane.jpg
MAC00171,QR-00171-0LJC6W,RFID63086054,Bomag BW 213 #0171,Road Roller,Bomag,BW 213,BOM5901629,2021,Diesel,Diesel,200,181,9318,India,SITE0086,available,4919,9000,2022-07-15,2022-11-19,272,61942,Fair,Owned,True,https://images.catrental.com/assets/road-roller.jpg
MAC00172,QR-00172-IVSE00,RFID39330100,Crown SC 6000 #0172,Forklift,Crown,SC 6000,CRO3451220,2020,Diesel,Diesel,55,64,3310,India,SITE0103,rented,8731,12000,2022-01-29,2022-05-12,121,25659,Fair,Owned,True,https://images.catrental.com/assets/forklift.jpg
MAC00173,QR-00173-KZOM2E,RFID26865926,Caterpillar 390F #0173,Excavator,Caterpillar,390F,CAT4233244,2024,Diesel,Diesel,400,272,13297,Germany,SITE0137,rented,1373,12000,2022-04-10,2022-09-06,926,214251,Good,Owned,False,https://images.catrental.com/assets/excavator.jpg
MAC00174,QR-00174-2H5LOM,RFID89846877,Komatsu HD465-7 #0174,Dump Truck,Komatsu,HD465-7,KOM3287748,2019,Electric-Hybrid,Diesel,750,173,13054,India,SITE0032,available,8917,18000,2022-07-02,2022-09-27,353,57296,Fair,Leased,True,https://images.catrental.com/assets/dump-truck.jpg
MAC00175,QR-00175-JLNDIT,RFID59792980,Kubota SSV75 #0175,Skid Steer Loader,Kubota,SSV75,KUB4173453,2023,Diesel,Diesel,100,112,5834,USA,SITE0044,rented,3148,9000,2022-06-30,2022-11-13,293,81031,Fair,Owned,True,https://images.catrental.com/assets/skid-steer-loader.jpg
MAC00176,QR-00176-KXZO0Y,RFID98319658,Caterpillar 14M3 #0176,Motor Grader,Caterpillar,14M3,CAT1314011,2021,Electric-Hybrid,Diesel,415,328,20793,India,SITE0020,rented,5127,14000,2022-09-16,2022-12-12,484,105317,Good,Leased,False,https://images.catrental.com/assets/motor-grader.jpg
MAC00177,QR-00177-X9PKQG,RFID15038516,Tadano ATF 60G-3 #0177,Mobile Crane,Tadano,ATF 60G-3,TAD2504422,2022,Diesel,Diesel,500,475,29667,India,SITE0165,rented,5290,20000,2022-12-06,2023-03-15,928,174645,Good,Leased,True,https://images.catrental.com/assets/mobile-crane.jpg
MAC00178,QR-00178-011HE9,RFID93699313,Komatsu PC200-8 #0178,Excavator,Komatsu,PC200-8,KOM6650131,2023,Diesel,Diesel,400,255,12957,India,SITE0083,rented,1763,12000,2022-09-30,2023-03-23,475,98955,Good,Owned,True,https://images.catrental.com/assets/excavator.jpg
MAC00179,QR-00179-2N3PP1,RFID91828859,Caterpillar 428F #0179,Backhoe Loader,Caterpillar,428F,CAT8176895,2020,Diesel,Diesel,130,163,8877,India,SITE0178,maintenance,3878,10000,2022-01-11,2022-04-12,227,56485,Excellent,Owned,True,https://images.catrental.com/assets/backhoe-loader.jpg
MAC00180,QR-00180-IHZ8EE,RFID49729133,Caterpillar 262D3 #0180,Skid Steer Loader,Caterpillar,262D3,CAT3862651,2025,Electric-Hybrid,Diesel,100,91,8874,India,SITE0023,available,100,9000,2022-08-21,2023-02-21,176,41523,Fair,Leased,True,https://images.catrental.com/assets/skid-steer-loader.jpg
MAC00181,QR-00181-3Z6J5Q,RFID23635217,Caterpillar 980M #0181,Wheel Loader,Caterpillar,980M,CAT8371012,2023,Electric-Hybrid,Diesel,380,247,17755,India,SITE0153,rented,1856,13000,2022-06-23,2022-09-05,352,76480,Excellent,Owned,True,https://images.catrental.com/assets/wheel-loader.jpg
MAC00182,QR-00182-2QFS7G,RFID52501103,Cummins C220D5 #0182,Generator,Cummins,C220D5,CUM3585136,2019,Diesel,Diesel,220,91,5943,USA,SITE0093,available,9295,15000,2022-04-01,2022-09-20,265,54664,Good,Leased,True,https://images.catrental.com/assets/generator.jpg
MAC00183,QR-00183-DD9EQS,RFID41635949,Sykes CP150 #0183,Water Pump,Sykes,CP150,SYK4125710,2025,Diesel,Diesel,60,57,3493,India,SITE0148,available,100,8000,2022-05-14,2022-08-01,89,18951,Fair,Owned,False,https://images.catrental.com/assets/water-pump.jpg
MAC00184,QR-00184-MVWJMV,RFID24682341,Caterpillar 745C #0184,Dump Truck,Caterpillar,745C,CAT3534208,2024,Electric-Hybrid,Diesel,750,169,9697,Australia,SITE0101,maintenance,681,18000,2022-02-12,2022-06-09,639,132626,Fair,Leased,True,https://images.catrental.com/assets/dump-truck.jpg
MAC00185,QR-00185-YYJ5N8,RFID36212551,Caterpillar D6T #0185,Bulldozer,Caterpillar,D6T,CAT7323067,2021,Diesel,Diesel,620,429,32696,USA,SITE0109,rented,4154,15000,2022-06-22,2022-10-05,1131,254946,Excellent,Owned,True,https://images.catrental.com/assets/bulldozer.jpg
MAC00186,QR-00186-AF4WNS,RFID56890422,Komatsu HD465-7 #0186,Dump Truck,Komatsu,HD465-7,KOM8795112,2022,Diesel,Diesel,750,193,15468,Germany,SITE0138,rented,4296,18000,2022-12-25,2023-05-03,711,145037,Good,Owned,True,https://images.catrental.com/assets/dump-truck.jpg
MAC00187,QR-00187-G7R2FM,RFID30617314,Caterpillar 980M #0187,Wheel Loader,Caterpillar,980M,CAT5496419,2020,Diesel,Diesel,380,234,19801,Australia,SITE0005,rented,9803,13000,2022-06-02,2022-09-29,824,194211,Excellent,Leased,True,https://images.catrental.com/assets/wheel-loader.jpg
MAC00188,QR-00188-BVLXUI,RFID42797947,SANY SY308C-8 #0188,Concrete Mixer,SANY,SY308C-8,SAN4663578,2020,Electric-Hybrid,Diesel,300,142,10874,Germany,SITE0078,available,4218,8000,2021-12-03,2022-05-17,405,93347,Excellent,Owned,True,https://images.catrental.com/assets/concrete-mixer.jpg
MAC00189,QR-00189-DHDX1B,RFID46589276,Caterpillar D11T #0189,Bulldozer,Caterpillar,D11T,CAT6698254,2021,Diesel,Diesel,620,430,20826,Germany,SITE0179,available,5358,15000,2022-04-12,2022-06-17,1290,285779,Excellent,Leased,True,https://images.catrental.com/assets/bulldozer.jpg
MAC00190,QR-00190-5TT9KA,RFID88228686,Caterpillar EP18NT #0190,Forklift,Caterpillar,EP18NT,CAT3577881,2023,Diesel,Electric,55,65,4668,Germany,SITE0111,rented,3752,12000,2022-11-04,2023-04-08,258,51039,Good,Owned,True,https://images.catrental.com/assets/forklift.jpg
MAC00191,QR-00191-R3S18W,RFID47818391,JCB JS205 #0191,Excavator,JCB,JS205,JCB9798264,2021,Electric-Hybrid,Diesel,400,308,22632,Germany,SITE0012,rented,7313,12000,2022-04-21,2022-10-11,982,221746,Good,Owned,True,https://images.catrental.com/assets/excavator.jpg
MAC00192,QR-00192-LCKWT2,RFID25135451,Volvo A40G #0192,Dump Truck,Volvo,A40G,VOL1287020,2025,Diesel,Diesel,750,198,15985,India,SITE0146,maintenance,100,18000,2022-09-24,2023-01-08,288,78094,Good,Leased,True,https://images.catrental.com/assets/dump-truck.jpg
MAC00193,QR-00193-DFZDTC,RFID67980848,Komatsu GD655-6 #0193,Motor Grader,Komatsu,GD655-6,KOM9839008,2020,Electric-Hybrid,Diesel,415,300,23456,India,SITE0089,available,5035,14000,2022-03-02,2022-07-11,532,125685,Fair,Owned,True,https://images.catrental.com/assets/motor-grader.jpg
MAC00194,QR-00194-LGITIZ,RFID57684613,Caterpillar 349F #0194,Excavator,Caterpillar,349F,CAT1778685,2020,Diesel,Diesel,400,320,23491,India,SITE0171,available,6026,12000,2022-12-30,2023-05-21,543,103715,Good,Owned,True,https://images.catrental.com/assets/excavator.jpg
MAC00195,QR-00195-49H5VN,RFID37359832,JCB VMT 860 #0195,Road Roller,JCB,VMT 860,JCB3974774,2020,Diesel,Diesel,200,183,10556,India,SITE0128,available,5662,9000,2022-08-29,2022-12-25,283,62493,Good,Owned,True,https://images.catrental.com/assets/road-roller.jpg
MAC00196,QR-00196-ACFSF6,RFID91708236,Ajax Fiori ARGO 4000 #0196,Concrete Mixer,Ajax Fiori,ARGO 4000,AJA2823015,2020,Diesel,Diesel,300,123,9243,Australia,SITE0159,rented,3437,8000,2022-03-24,2022-08-09,409,95352,Poor,Owned,True,https://images.catrental.com/assets/concrete-mixer.jpg
MAC00197,QR-00197-8RNXPW,RFID59691975,Toyota 8FGCU25 #0197,Forklift,Toyota,8FGCU25,TOY7812566,2022,Diesel,Diesel,55,70,5802,Germany,SITE0012,rented,4659,12000,2021-12-20,2022-02-23,259,47439,Fair,Leased,True,https://images.catrental.com/assets/forklift.jpg
MAC00198,QR-00198-8P4XTK,RFID98683176,Komatsu PC200-8 #0198,Excavator,Komatsu,PC200-8,KOM6911339,2021,Electric-Hybrid,Diesel,400,267,21363,India,SITE0117,transit,5440,12000,2022-04-18,2022-07-15,485,104279,Fair,Owned,True,https://images.catrental.com/assets/excavator.jpg
MAC00199,QR-00199-LHWV6F,RFID53775151,Ingersoll Rand P185WJD #0199,Air Compressor,Ingersoll Rand,P185WJD,ING3321393,2022,Diesel,Diesel,120,63,4512,USA,SITE0120,available,6092,10000,2022-07-03,2022-09-25,195,45757,Excellent,Owned,True,https://images.catrental.com/assets/air-compressor.jpg
MAC00200,QR-00200-V9CPWR,RFID85488864,Caterpillar 12M3 #0200,Motor Grader,Caterpillar,12M3,CAT8097624,2021,Diesel,Diesel,415,311,21536,India,SITE0052,rented,5132,14000,2022-02-18,2022-08-02,466,119894,Good,Owned,True,https://images.catrental.com/assets/motor-grader.jpg
MAC00201,QR-00201-EQKQ7M,RFID63508312,JCB VMT 860 #0201,Road Roller,JCB,VMT 860,JCB6071231,2020,Diesel,Diesel,200,191,9697,USA,SITE0062,available,8125,9000,2022-02-23,2022-08-31,479,135458,Excellent,Owned,True,https://images.catrental.com/assets/road-roller.jpg
MAC00202,QR-00202-FFQOKV,RFID18215004,XCMG QY50KA #0202,Mobile Crane,XCMG,QY50KA,XCM1526788,2024,Diesel,Diesel,500,554,26530,USA,SITE0126,rented,1669,20000,2022-10-05,2023-01-03,1497,396110,Excellent,Owned,True,https://images.catrental.com/assets/mobile-crane.jpg
MAC00203,QR-00203-YTIVR4,RFID24225241,John Deere 672G #0203,Motor Grader,John Deere,672G,JOH6119085,2022,Diesel,Diesel,415,301,25184,India,SITE0020,rented,4990,14000,2022-07-16,2023-01-15,564,130677,Fair,Owned,True,https://images.catrental.com/assets/motor-grader.jpg
MAC00204,QR-00204-XA8MKU,RFID85877745,Caterpillar 420F #0204,Backhoe Loader,Caterpillar,420F,CAT6970859,2023,Diesel,Diesel,130,165,13356,India,SITE0098,available,2018,10000,2022-06-08,2022-09-02,279,61968,Fair,Owned,True,https://images.catrental.com/assets/backhoe-loader.jpg
MAC00205,QR-00205-E1P5EI,RFID49678304,Caterpillar 966M #0205,Wheel Loader,Caterpillar,966M,CAT1523952,2023,Diesel,Diesel,380,265,13146,India,SITE0169,available,2854,13000,2022-02-05,2022-04-14,365,89979,Fair,Owned,True,https://images.catrental.com/assets/wheel-loader.jpg
MAC00206,QR-00206-2ELMV5,RFID28378033,Kohler 250REOZK #0206,Generator,Kohler,250REOZK,KOH3378394,2024,Diesel,Diesel,220,94,6630,India,SITE0117,rented,2423,15000,2022-12-12,2023-05-17,136,30240,Fair,Owned,True,https://images.catrental.com/assets/generator.jpg
MAC00207,QR-00207-TYLVVL,RFID22937099,Bobcat S650 #0207,Skid Steer Loader,Bobcat,S650,BOB6093126,2021,Diesel,Diesel,100,103,5906,India,SITE0143,rented,8199,9000,2022-04-30,2022-10-06,173,31281,Excellent,Owned,True,https://images.catrental.com/assets/skid-steer-loader.jpg
MAC00208,QR-00208-7CZR7X,RFID95001070,Case 580N #0208,Backhoe Loader,Case,580N,CAS2533514,2019,Electric-Hybrid,Diesel,130,153,9622,India,SITE0040,rented,7444,10000,2022-01-28,2022-05-15,252,62421,Good,Leased,True,https://images.catrental.com/assets/backhoe-loader.jpg
MAC00209,QR-00209-F4DESR,RFID92536894,Caterpillar EP18NT #0209,Forklift,Caterpillar,EP18NT,CAT6809536,2022,Diesel,LPG,55,61,4007,USA,SITE0158,rented,4152,12000,2022-07-28,2022-11-08,215,40409,Fair,Owned,True,https://images.catrental.com/assets/forklift.jpg
MAC00210,QR-00210-K504K3,RFID71907135,Cummins C220D5 #0210,Generator,Cummins,C220D5,CUM3368038,2020,Diesel,Diesel,220,82,4876,India,SITE0032,available,8466,15000,2022-09-13,2023-02-11,138,28499,Good,Owned,True,https://images.catrental.com/assets/generator.jpg
MAC00211,QR-00211-HC2YIX,RFID90648127,Caterpillar 349F #0211,Excavator,Caterpillar,349F,CAT9889427,2020,Diesel,Diesel,400,285,13227,Australia,SITE0130,rented,8273,12000,2022-09-23,2022-12-23,811,206995,Good,Owned,False,https://images.catrental.com/assets/excavator.jpg
MAC00212,QR-00212-LCGQLL,RFID98703668,Komatsu WA470-8 #0212,Wheel Loader,Komatsu,WA470-8,KOM4086244,2022,Diesel,Diesel,380,264,18153,India,SITE0098,rented,4886,13000,2022-03-22,2022-09-09,379,78645,Fair,Owned,True,https://images.catrental.com/assets/wheel-loader.jpg
MAC00213,QR-00213-0PNF3V,RFID18765008,Caterpillar 390F #0213,Excavator,Caterpillar,390F,CAT2470058,2023,Diesel,Diesel,400,270,23123,USA,SITE0140,rented,4094,12000,2022-06-19,2022-12-23,836,173011,Good,Owned,True,https://images.catrental.com/assets/excavator.jpg
MAC00214,QR-00214-BVMIA6,RFID55685117,Caterpillar 950GC #0214,Wheel Loader,Caterpillar,950GC,CAT2881825,2019,Diesel,Diesel,380,215,11392,Germany,SITE0124,available,7693,13000,2022-12-17,2023-02-24,828,183801,Good,Owned,True,https://images.catrental.com/assets/wheel-loader.jpg
MAC00215,QR-00215-PU536L,RFID86640291,SnowEx HDV #0215,Snow Plow,SnowEx,HDV,SNO7219517,2024,Attachment-No-Engine,LPG,90,126,5913,Germany,SITE0018,rented,1620,6000,2022-01-22,2022-07-18,433,82075,Excellent,Owned,True,https://images.catrental.com/assets/snow-plow.jpg
MAC00216,QR-00216-KTX6QC,RFID11931219,Komatsu WA470-8 #0216,Wheel Loader,Komatsu,WA470-8,KOM3309534,2023,Diesel,Diesel,380,253,16055,India,SITE0045,maintenance,2772,13000,2022-02-11,2022-04-30,450,92634,Excellent,Owned,True,https://images.catrental.com/assets/wheel-loader.jpg
MAC00217,QR-00217-C0WHS1,RFID81991176,Bobcat S770 #0217,Skid Steer Loader,Bobcat,S770,BOB2758439,2022,Diesel,Diesel,100,109,7101,India,SITE0092,available,4101,9000,2022-06-14,2022-12-24,174,43543,Poor,Leased,True,https://images.catrental.com/assets/skid-steer-loader.jpg
MAC00218,QR-00218-QUNF57,RFID88544364,Caterpillar D6T #0218,Bulldozer,Caterpillar,D6T,CAT2767750,2024,Diesel,Diesel,620,382,32207,Australia,SITE0101,rented,1114,15000,2022-01-29,2022-05-11,1434,238132,Fair,Owned,True,https://images.catrental.com/assets/bulldozer.jpg
MAC00219,QR-00219-YA0EIV,RFID11400593,Crown SC 6000 #0219,Forklift,Crown,SC 6000,CRO3122930,2025,Diesel,Electric,55,62,4720,Germany,SITE0111,rented,100,12000,2022-07-21,2022-11-07,253,41370,Excellent,Leased,True,https://images.catrental.com/assets/forklift.jpg
MAC00220,QR-00220-BL5KZH,RFID19352129,Atlas Copco QAS 60 #0220,Generator,Atlas Copco,QAS 60,ATL3063881,2019,Diesel,Diesel,220,94,6731,India,SITE0110,rented,6720,15000,2022-11-10,2023-05-17,157,32139,Excellent,Leased,True,https://images.catrental.com/assets/generator.jpg
MAC00221,QR-00221-2CAML5,RFID67740709,Caterpillar 777G #0221,Dump Truck,Caterpillar,777G,CAT5059993,2022,Diesel,Diesel,750,181,16133,USA,SITE0125,rented,6058,18000,2022-09-15,2023-02-12,588,131869,Excellent,Owned,True,https://images.catrental.com/assets/dump-truck.jpg
MAC00222,QR-00222-KOYBES,RFID42210133,Komatsu WA470-8 #0222,Wheel Loader,Komatsu,WA470-8,KOM7372504,2022,Electric-Hybrid,Diesel,380,238,15297,Germany,SITE0174,maintenance,5814,13000,2022-11-02,2023-01-26,875,168184,Good,Owned,True,https://images.catrental.com/assets/wheel-loader.jpg
MAC00223,QR-00223-3YC6WZ,RFID53396592,Caterpillar 336F #0223,Excavator,Caterpillar,336F,CAT2152393,2020,Diesel,Diesel,400,278,23870,USA,SITE0116,available,7572,12000,2022-08-23,2022-12-26,861,197938,Excellent,Leased,True,https://images.catrental.com/assets/excavator.jpg
MAC00224,QR-00224-FPP7SD,RFID95061828,Caterpillar D8T #0224,Bulldozer,Caterpillar,D8T,CAT5430170,2023,Diesel,Diesel,620,427,26159,USA,SITE0122,rented,2560,15000,2022-09-13,2022-11-14,1128,282148,Good,Owned,True,https://images.catrental.com/assets/bulldozer.jpg
MAC00225,QR-00225-GT47S1,RFID52936392,Tsurumi HS3.75S #0225,Water Pump,Tsurumi,HS3.75S,TSU3914209,2024,Diesel,Diesel,60,46,3840,Australia,SITE0071,available,1160,8000,2022-01-10,2022-03-11,160,35251,Fair,Owned,True,https://images.catrental.com/assets/water-pump.jpg
MAC00226,QR-00226-14311B,RFID50945382,Grindex Major H #0226,Water Pump,Grindex,Major H,GRI2772652,2020,Diesel,Diesel,60,52,3960,India,SITE0086,maintenance,7062,8000,2022-05-28,2022-08-26,90,16854,Good,Owned,True,https://images.catrental.com/assets/water-pump.jpg
MAC00227,QR-00227-AJIAA6,RFID56856297,Komatsu HD465-7 #0227,Dump Truck,Komatsu,HD465-7,KOM8541478,2020,Diesel,Diesel,750,188,13504,Germany,SITE0147,rented,7330,18000,2021-12-07,2022-06-06,617,125595,Excellent,Owned,True,https://images.catrental.com/assets/dump-truck.jpg
MAC00228,QR-00228-0MQA1C,RFID17596334,Caterpillar 966M #0228,Wheel Loader,Caterpillar,966M,CAT1584689,2025,Electric-Hybrid,Diesel,380,250,19308,India,SITE0144,rented,634,13000,2022-09-03,2022-11-23,444,74292,Good,Owned,True,https://images.catrental.com/assets/wheel-loader.jpg
MAC00229,QR-00229-1TQV0R,RFID62314659,Caterpillar 236D3 #0229,Skid Steer Loader,Caterpillar,236D3,CAT3419247,2019,Diesel,Diesel,100,111,7084,Germany,SITE0038,rented,10933,9000,2022-11-11,2023-02-15,357,75728,Excellent,Owned,True,https://images.catrental.com/assets/skid-steer-loader.jpg
MAC00230,QR-00230-PD3BGN,RFID67931211,Caterpillar 349F #0230,Excavator,Caterpillar,349F,CAT3892246,2018,Diesel,Diesel,400,303,15492,India,SITE0090,rented,6918,12000,2022-01-21,2022-05-15,518,121666,Excellent,Owned,True,https://images.catrental.com/assets/excavator.jpg
MAC00231,QR-00231-ZCMOTB,RFID55494998,Caterpillar 262D3 #0231,Skid Steer Loader,Caterpillar,262D3,CAT7947521,2024,Electric-Hybrid,Diesel,100,101,5908,India,SITE0095,rented,658,9000,2022-09-01,2023-02-08,165,31316,Good,Owned,False,https://images.catrental.com/assets/skid-steer-loader.jpg
MAC00232,QR-00232-GDH3U0,RFID73433176,JCB JS205 #0232,Excavator,JCB,JS205,JCB8574426,2022,Diesel,Diesel,400,301,19069,USA,SITE0034,rented,5184,12000,2021-12-11,2022-02-17,787,204977,Excellent,Leased,True,https://images.catrental.com/assets/excavator.jpg
MAC00233,QR-00233-RAJIB9,RFID40277222,Bobcat S770 #0233,Skid Steer Loader,Bobcat,S770,BOB2147606,2024,Diesel,Diesel,100,97,8039,Australia,SITE0088,maintenance,964,9000,2022-10-07,2023-04-25,293,86591,Excellent,Owned,True,https://images.catrental.com/assets/skid-steer-loader.jpg
MAC00234,QR-00234-K32RGW,RFID37950053,Caterpillar CS78B #0234,Road Roller,Caterpillar,CS78B,CAT5556644,2025,Diesel,Diesel,200,167,12191,India,SITE0010,rented,1023,9000,2021-12-21,2022-02-23,254,57956,Excellent,Owned,True,https://images.catrental.com/assets/road-roller.jpg
MAC00235,QR-00235-3MTEBD,RFID87171497,Putzmeister TMM 24-4 #0235,Concrete Mixer,Putzmeister,TMM 24-4,PUT6787240,2023,Diesel,Diesel,300,130,11580,Germany,SITE0065,available,2317,8000,2022-10-24,2023-03-02,524,83213,Fair,Owned,True,https://images.catrental.com/assets/concrete-mixer.jpg
MAC00236,QR-00236-26SPHN,RFID17890314,Sullair 185 #0236,Air Compressor,Sullair,185,SUL8179975,2023,Diesel,Diesel,120,61,3426,Australia,SITE0149,rented,1953,10000,2022-08-23,2023-02-21,220,48687,Excellent,Leased,True,https://images.catrental.com/assets/air-compressor.jpg
MAC00237,QR-00237-PBO017,RFID37058295,Doosan P185WDO #0237,Air Compressor,Doosan,P185WDO,DOO2438713,2019,Electric-Hybrid,Diesel,120,63,4671,Germany,SITE0164,rented,5726,10000,2022-03-16,2022-06-17,195,37592,Excellent,Owned,True,https://images.catrental.com/assets/air-compressor.jpg
MAC00238,QR-00238-OJGZAC,RFID32347212,Putzmeister TMM 24-4 #0238,Concrete Mixer,Putzmeister,TMM 24-4,PUT9854747,2021,Diesel,Diesel,300,144,8950,USA,SITE0079,maintenance,5435,8000,2022-11-01,2023-02-26,420,108260,Excellent,Owned,False,https://images.catrental.com/assets/concrete-mixer.jpg
MAC00239,QR-00239-09QVWA,RFID79939821,Caterpillar 336F #0239,Excavator,Caterpillar,336F,CAT5893759,2018,Diesel,Diesel,400,263,14268,India,SITE0027,available,13218,12000,2022-06-22,2022-10-23,497,88270,Excellent,Leased,True,https://images.catrental.com/assets/excavator.jpg
MAC00240,QR-00240-0WNT0K,RFID21032763,Hyster H50FT #0240,Forklift,Hyster,H50FT,HYS8714686,2024,Electric-Hybrid,LPG,55,76,4165,USA,SITE0093,rented,1538,12000,2022-05-12,2022-11-24,209,39844,Excellent,Owned,True,https://images.catrental.com/assets/forklift.jpg
MAC00241,QR-00241-7SDDVX,RFID44780900,Caterpillar 980M #0241,Wheel Loader,Caterpillar,980M,CAT2383817,2020,Diesel,Diesel,380,239,18471,USA,SITE0115,transit,6439,13000,2022-08-28,2023-02-18,650,138214,Good,Leased,True,https://images.catrental.com/assets/wheel-loader.jpg
MAC00242,QR-00242-BL7VJU,RFID46686837,Caterpillar 12M3 #0242,Motor Grader,Caterpillar,12M3,CAT7897378,2019,Electric-Hybrid,Diesel,415,302,15501,India,SITE0157,rented,7840,14000,2022-08-11,2023-01-23,558,101427,Excellent,Owned,True,https://images.catrental.com/assets/motor-grader.jpg
MAC00243,QR-00243-Q7KA8O,RFID14520546,Kubota SSV75 #0243,Skid Steer Loader,Kubota,SSV75,KUB9612398,2025,Diesel,Diesel,100,102,4815,Germany,SITE0008,rented,100,9000,2022-10-22,2023-02-15,312,81710,Good,Owned,True,https://images.catrental.com/assets/skid-steer-loader.jpg
MAC00244,QR-00244-ADW9UF,RFID54562374,Caterpillar DE165 #0244,Generator,Caterpillar,DE165,CAT1291870,2021,Diesel,Diesel,220,86,6324,Australia,SITE0087,maintenance,5709,15000,2022-07-08,2022-12-31,309,52778,Good,Leased,False,https://images.catrental.com/assets/generator.jpg
MAC00245,QR-00245-JOBEIF,RFID21632103,JCB 3CX Compact #0245,Backhoe Loader,JCB,3CX Compact,JCB1929145,2019,Diesel,Diesel,130,138,12683,India,SITE0144,maintenance,9909,10000,2022-10-04,2023-01-28,257,46973,Excellent,Leased,True,https://images.catrental.com/assets/backhoe-loader.jpg
MAC00246,QR-00246-A0PL81,RFID44701832,Caterpillar WP450 #0246,Water Pump,Caterpillar,WP450,CAT7279062,2021,Diesel,Diesel,60,49,2353,Australia,SITE0026,maintenance,6262,8000,2022-08-18,2023-03-02,172,31186,Good,Leased,False,https://images.catrental.com/assets/water-pump.jpg
MAC00247,QR-00247-INZ298,RFID51490410,Volvo A40G #0247,Dump Truck,Volvo,A40G,VOL6585073,2020,Electric-Hybrid,Diesel,750,203,10390,USA,SITE0106,rented,4507,18000,2022-02-16,2022-05-09,499,142790,Poor,Owned,False,https://images.catrental.com/assets/dump-truck.jpg
MAC00248,QR-00248-QAOP37,RFID63712506,Caterpillar D9T #0248,Bulldozer,Caterpillar,D9T,CAT7614267,2024,Diesel,Diesel,620,445,22969,USA,SITE0076,rented,1452,15000,2022-05-11,2022-08-25,1125,303542,Fair,Leased,True,https://images.catrental.com/assets/bulldozer.jpg
MAC00249,QR-00249-XUXNB9,RFID24610015,Liebherr HTM 1004 #0249,Concrete Mixer,Liebherr,HTM 1004,LIE2350894,2024,Diesel,Diesel,300,136,8900,USA,SITE0151,rented,613,8000,2022-05-03,2022-10-29,434,84288,Excellent,Owned,True,https://images.catrental.com/assets/concrete-mixer.jpg
MAC00250,QR-00250-FMW4V1,RFID31961637,Caterpillar 777G #0250,Dump Truck,Caterpillar,777G,CAT2853259,2023,Diesel,Diesel,750,176,14731,Germany,SITE0147,rented,3985,18000,2022-03-26,2022-07-03,681,159917,Good,Owned,True,https://images.catrental.com/assets/dump-truck.jpg
MAC00251,QR-00251-TQAYII,RFID88753507,Caterpillar 320D #0251,Excavator,Caterpillar,320D,CAT2347342,2019,Diesel,Diesel,400,290,23766,USA,SITE0061,available,6436,12000,2022-09-22,2023-04-09,890,212077,Fair,Owned,True,https://images.catrental.com/assets/excavator.jpg
MAC00252,QR-00252-GF5LXK,RFID35030010,Terex AC 100/4L #0252,Mobile Crane,Terex,AC 100/4L,TER1733875,2021,Diesel,Diesel,500,557,25165,Germany,SITE0085,rented,7533,20000,2022-11-11,2023-02-04,1494,434318,Good,Leased,True,https://images.catrental.com/assets/mobile-crane.jpg
MAC00253,QR-00253-9HCZDQ,RFID89487318,Bobcat S770 #0253,Skid Steer Loader,Bobcat,S770,BOB1887034,2019,Diesel,Diesel,100,92,8134,India,SITE0004,rented,8779,9000,2022-04-17,2022-09-22,180,41215,Excellent,Owned,False,https://images.catrental.com/assets/skid-steer-loader.jpg
MAC00254,QR-00254-2DWN71,RFID57617569,Komatsu WA470-8 #0254,Wheel Loader,Komatsu,WA470-8,KOM1764825,2023,Diesel,Diesel,380,252,13212,Germany,SITE0141,available,3271,13000,2022-02-01,2022-07-17,800,183947,Excellent,Leased,True,https://images.catrental.com/assets/wheel-loader.jpg
MAC00255,QR-00255-TZA7UY,RFID69544431,Caterpillar DE110E0 #0255,Generator,Caterpillar,DE110E0,CAT6665617,2023,Diesel,Diesel,220,84,6672,USA,SITE0145,available,2034,15000,2022-07-10,2022-11-04,296,48444,Excellent,Owned,True,https://images.catrental.com/assets/generator.jpg
MAC00256,QR-00256-Y5V9JR,RFID26188599,John Deere 672G #0256,Motor Grader,John Deere,672G,JOH4402463,2023,Diesel,Diesel,415,306,24806,USA,SITE0054,rented,499,14000,2022-10-13,2023-01-14,976,177096,Fair,Owned,True,https://images.catrental.com/assets/motor-grader.jpg
MAC00257,QR-00257-5SAXYK,RFID28113144,Caterpillar 349F #0257,Excavator,Caterpillar,349F,CAT8810164,2022,Diesel,Diesel,400,317,25041,Australia,SITE0130,rented,3325,12000,2022-06-27,2022-11-24,995,219812,Fair,Owned,True,https://images.catrental.com/assets/excavator.jpg
MAC00258,QR-00258-OPYCWE,RFID87586461,Grindex Major H #0258,Water Pump,Grindex,Major H,GRI1334254,2022,Diesel,Diesel,60,53,4364,Australia,SITE0001,maintenance,5413,8000,2022-01-24,2022-07-23,154,41190,Excellent,Owned,True,https://images.catrental.com/assets/water-pump.jpg
MAC00259,QR-00259-B73SJ2,RFID47858700,Caterpillar 980M #0259,Wheel Loader,Caterpillar,980M,CAT7106548,2021,Diesel,Diesel,380,250,17795,USA,SITE0042,available,6885,13000,2022-09-11,2022-12-30,824,131171,Fair,Owned,True,https://images.catrental.com/assets/wheel-loader.jpg
MAC00260,QR-00260-LIFNCR,RFID58953018,Tadano ATF 60G-3 #0260,Mobile Crane,Tadano,ATF 60G-3,TAD1259548,2018,Electric-Hybrid,Diesel,500,537,31596,Australia,SITE0102,available,7368,20000,2022-05-28,2022-08-15,1468,336302,Excellent,Leased,True,https://images.catrental.com/assets/mobile-crane.jpg
MAC00261,QR-00261-P1FS32,RFID26412074,Schwing Stetter AM 7 CBM #0261,Concrete Mixer,Schwing Stetter,AM 7 CBM,SCH9366276,2019,Diesel,Diesel,300,135,9310,India,SITE0051,rented,12416,8000,2021-12-07,2022-04-16,252,47448,Fair,Leased,True,https://images.catrental.com/assets/concrete-mixer.jpg
MAC00262,QR-00262-DNF4X1,RFID90337084,Grindex Major H #0262,Water Pump,Grindex,Major H,GRI9500841,2021,Electric-Hybrid,Diesel,60,47,3902,Germany,SITE0094,rented,4628,8000,2022-06-24,2022-12-28,160,32284,Excellent,Owned,True,https://images.catrental.com/assets/water-pump.jpg
MAC00263,QR-00263-DQCSEN,RFID45376362,Boss DXT 9ft2in #0263,Snow Plow,Boss,DXT 9ft2in,BOS8407861,2021,Attachment-No-Engine,Electric,90,119,10473,Germany,SITE0180,available,3423,6000,2022-07-01,2022-09-15,362,87667,Good,Leased,True,https://images.catrental.com/assets/snow-plow.jpg
MAC00264,QR-00264-SLQGBU,RFID54604683,Caterpillar 980M #0264,Wheel Loader,Caterpillar,980M,CAT6061922,2022,Diesel,Diesel,380,254,14641,USA,SITE0067,rented,2487,13000,2022-08-02,2022-10-19,816,178721,Poor,Leased,True,https://images.catrental.com/assets/wheel-loader.jpg
MAC00265,QR-00265-F84Z7H,RFID83617061,Caterpillar 966M #0265,Wheel Loader,Caterpillar,966M,CAT4470776,2021,Electric-Hybrid,Diesel,380,237,17762,USA,SITE0067,rented,6532,13000,2022-05-17,2022-10-20,658,157302,Excellent,Leased,True,https://images.catrental.com/assets/wheel-loader.jpg
MAC00266,QR-00266-9VICMN,RFID41583718,Caterpillar 420F #0266,Backhoe Loader,Caterpillar,420F,CAT9779777,2021,Diesel,Diesel,130,135,12070,USA,SITE0076,available,2508,10000,2022-08-19,2023-02-27,409,110754,Fair,Owned,True,https://images.catrental.com/assets/backhoe-loader.jpg
MAC00267,QR-00267-LY0OCR,RFID89910383,Caterpillar DE110E0 #0267,Generator,Caterpillar,DE110E0,CAT1148219,2025,Electric-Hybrid,Diesel,220,85,5021,India,SITE0004,rented,100,15000,2022-05-26,2022-09-28,158,29673,Good,Owned,True,https://images.catrental.com/assets/generator.jpg
MAC00268,QR-00268-0GZGXR,RFID24283027,Komatsu D65PX-18 #0268,Bulldozer,Komatsu,D65PX-18,KOM8641043,2020,Diesel,Diesel,620,443,32942,India,SITE0053,available,6156,15000,2022-06-08,2022-09-09,688,172502,Good,Owned,False,https://images.catrental.com/assets/bulldozer.jpg
MAC00269,QR-00269-4OTBGD,RFID67019882,JCB JS205 #0269,Excavator,JCB,JS205,JCB5499730,2020,Diesel,Diesel,400,269,23670,India,SITE0020,rented,11204,12000,2022-11-03,2023-03-16,496,112797,Excellent,Owned,True,https://images.catrental.com/assets/excavator.jpg
MAC00270,QR-00270-RCPACQ,RFID12593999,XCMG QY50KA #0270,Mobile Crane,XCMG,QY50KA,XCM5506991,2018,Diesel,Diesel,500,550,24308,Australia,SITE0105,maintenance,12759,20000,2022-09-28,2023-03-08,1838,432693,Good,Leased,True,https://images.catrental.com/assets/mobile-crane.jpg
MAC00271,QR-00271-7NIE3F,RFID47398032,Sullair 185 #0271,Air Compressor,Sullair,185,SUL5258144,2022,Electric-Hybrid,Diesel,120,60,3352,Germany,SITE0111,available,3287,10000,2022-05-11,2022-08-25,202,40662,Good,Leased,True,https://images.catrental.com/assets/air-compressor.jpg
MAC00272,QR-00272-DV0IQF,RFID76203738,Godwin CD150M #0272,Water Pump,Godwin,CD150M,GOD6453433,2019,Diesel,Diesel,60,51,2445,USA,SITE0061,maintenance,1238,8000,2022-02-21,2022-09-09,162,39678,Excellent,Owned,True,https://images.catrental.com/assets/water-pump.jpg
MAC00273,QR-00273-OLG5TK,RFID37569527,Doosan P185WDO #0273,Air Compressor,Doosan,P185WDO,DOO8592738,2024,Electric-Hybrid,Diesel,120,57,4722,India,SITE0072,available,672,10000,2021-12-29,2022-06-14,113,19031,Excellent,Leased,True,https://images.catrental.com/assets/air-compressor.jpg
MAC00274,QR-00274-BAZD84,RFID89862482,Caterpillar 966M #0274,Wheel Loader,Caterpillar,966M,CAT3846190,2021,Diesel,Diesel,380,219,18602,USA,SITE0034,maintenance,5128,13000,2022-06-03,2022-08-07,706,161401,Fair,Leased,True,https://images.catrental.com/assets/wheel-loader.jpg
MAC00275,QR-00275-8IG8IC,RFID30664729,JCB 3DX Xtra #0275,Backhoe Loader,JCB,3DX Xtra,JCB6846791,2022,Diesel,Diesel,130,168,12186,India,SITE0167,rented,4370,10000,2022-10-04,2023-01-12,266,66186,Poor,Owned,True,https://images.catrental.com/assets/backhoe-loader.jpg
MAC00276,QR-00276-ZHG1GF,RFID43056454,Bomag BW 213 #0276,Road Roller,Bomag,BW 213,BOM5778772,2024,Electric-Hybrid,Diesel,200,188,11940,India,SITE0167,rented,1865,9000,2022-06-07,2022-12-13,250,67952,Fair,Owned,True,https://images.catrental.com/assets/road-roller.jpg
MAC00277,QR-00277-FUPMVL,RFID92104813,Atlas Copco XAS 185 #0277,Air Compressor,Atlas Copco,XAS 185,ATL2517765,2019,Diesel,Diesel,120,68,3018,Germany,SITE0180,rented,7454,10000,2021-12-11,2022-04-19,225,51516,Good,Owned,True,https://images.catrental.com/assets/air-compressor.jpg
MAC00278,QR-00278-U6M9DE,RFID63086227,Caterpillar CS78B #0278,Road Roller,Caterpillar,CS78B,CAT2558716,2019,Electric-Hybrid,Diesel,200,153,9218,India,SITE0072,rented,5578,9000,2021-11-30,2022-04-07,262,51785,Excellent,Owned,False,https://images.catrental.com/assets/road-roller.jpg
MAC00279,QR-00279-D6Z6PQ,RFID40677962,Caterpillar D9T #0279,Bulldozer,Caterpillar,D9T,CAT7427269,2020,Diesel,Diesel,620,360,28675,Australia,SITE0091,available,9262,15000,2022-06-10,2022-10-12,1371,330205,Fair,Leased,True,https://images.catrental.com/assets/bulldozer.jpg
MAC00280,QR-00280-LJZFUD,RFID41911980,Caterpillar 428F #0280,Backhoe Loader,Caterpillar,428F,CAT1166649,2023,Diesel,Diesel,130,154,9730,India,SITE0020,maintenance,3010,10000,2022-07-15,2022-12-12,274,47650,Good,Owned,True,https://images.catrental.com/assets/backhoe-loader.jpg
MAC00281,QR-00281-WYZTDG,RFID10996386,Caterpillar 950GC #0281,Wheel Loader,Caterpillar,950GC,CAT5267659,2024,Diesel,Diesel,380,255,15572,Australia,SITE0130,rented,1382,13000,2022-03-27,2022-07-25,682,147362,Good,Owned,True,https://images.catrental.com/assets/wheel-loader.jpg
MAC00282,QR-00282-FQTKPC,RFID79761721,Caterpillar CS78B #0282,Road Roller,Caterpillar,CS78B,CAT1958982,2022,Diesel,Diesel,200,176,13392,Australia,SITE0096,rented,3647,9000,2022-11-13,2023-04-13,540,143736,Good,Owned,True,https://images.catrental.com/assets/road-roller.jpg
MAC00283,QR-00283-JRX2N7,RFID95583659,Komatsu WA470-8 #0283,Wheel Loader,Komatsu,WA470-8,KOM9521406,2023,Diesel,Diesel,380,252,11341,India,SITE0089,available,3387,13000,2022-10-04,2022-12-07,393,88183,Excellent,Owned,True,https://images.catrental.com/assets/wheel-loader.jpg
MAC00284,QR-00284-19QTG1,RFID34196785,Linde H30D #0284,Forklift,Linde,H30D,LIN3818616,2020,Diesel,Diesel,55,74,3508,USA,SITE0046,rented,5416,12000,2022-02-09,2022-07-22,219,50236,Fair,Owned,True,https://images.catrental.com/assets/forklift.jpg
MAC00285,QR-00285-EOJ3M4,RFID87941905,Caterpillar 420F #0285,Backhoe Loader,Caterpillar,420F,CAT1667019,2023,Diesel,Diesel,130,151,7999,India,SITE0095,rented,3071,10000,2022-01-10,2022-07-02,252,60551,Excellent,Owned,True,https://images.catrental.com/assets/backhoe-loader.jpg
MAC00286,QR-00286-EKQDVN,RFID10776989,JCB JS205 #0286,Excavator,JCB,JS205,JCB3980247,2019,Diesel,Diesel,400,284,13021,USA,SITE0046,rented,10967,12000,2022-09-20,2023-04-05,859,175376,Good,Owned,True,https://images.catrental.com/assets/excavator.jpg
MAC00287,QR-00287-HS7AUI,RFID33281964,JCB 3CX Compact #0287,Backhoe Loader,JCB,3CX Compact,JCB5720776,2024,Diesel,Diesel,130,145,7358,India,SITE0015,available,759,10000,2022-10-26,2023-04-04,295,47478,Good,Leased,True,https://images.catrental.com/assets/backhoe-loader.jpg
MAC00288,QR-00288-Z8K7ZO,RFID47047016,Caterpillar 14M3 #0288,Motor Grader,Caterpillar,14M3,CAT5749869,2024,Diesel,Diesel,415,278,23609,India,SITE0162,rented,1154,14000,2022-02-18,2022-06-24,540,97559,Good,Owned,True,https://images.catrental.com/assets/motor-grader.jpg
MAC00289,QR-00289-WBJPCL,RFID55658304,Caterpillar XAS 400 #0289,Air Compressor,Caterpillar,XAS 400,CAT4020918,2021,Diesel,Diesel,120,61,3891,USA,SITE0122,transit,8114,10000,2022-02-25,2022-07-09,204,44629,Fair,Owned,True,https://images.catrental.com/assets/air-compressor.jpg
MAC00290,QR-00290-1CRHM2,RFID36356418,SANY SY308C-8 #0290,Concrete Mixer,SANY,SY308C-8,SAN5472951,2018,Electric-Hybrid,Diesel,300,139,8691,India,SITE0173,available,8326,8000,2022-05-18,2022-10-03,234,44406,Excellent,Owned,True,https://images.catrental.com/assets/concrete-mixer.jpg
MAC00291,QR-00291-GS0JX9,RFID10431228,Crown SC 6000 #0291,Forklift,Crown,SC 6000,CRO8845202,2024,Diesel,Diesel,55,68,4011,USA,SITE0042,maintenance,658,12000,2022-12-10,2023-04-20,213,39807,Good,Leased,True,https://images.catrental.com/assets/forklift.jpg
MAC00292,QR-00292-TJPK4W,RFID22598111,Caterpillar 950GC #0292,Wheel Loader,Caterpillar,950GC,CAT9001986,2024,Diesel,Diesel,380,222,15804,USA,SITE0116,maintenance,1082,13000,2022-12-15,2023-04-10,805,168069,Excellent,Owned,True,https://images.catrental.com/assets/wheel-loader.jpg
MAC00293,QR-00293-4E51O7,RFID19011856,JCB JS205 #0293,Excavator,JCB,JS205,JCB7947341,2022,Diesel,Diesel,400,301,23998,Germany,SITE0124,rented,3919,12000,2022-06-02,2022-10-05,1081,228477,Good,Owned,True,https://images.catrental.com/assets/excavator.jpg
MAC00294,QR-00294-LBQ4UA,RFID41700602,JCB 3CX Compact #0294,Backhoe Loader,JCB,3CX Compact,JCB9674209,2022,Diesel,Diesel,130,150,12705,India,SITE0077,rented,4642,10000,2022-11-05,2023-01-06,265,61436,Fair,Owned,True,https://images.catrental.com/assets/backhoe-loader.jpg
MAC00295,QR-00295-3Q26TE,RFID34616876,Atlas Copco QAS 60 #0295,Generator,Atlas Copco,QAS 60,ATL1373346,2020,Electric-Hybrid,Diesel,220,83,6966,India,SITE0036,maintenance,5807,15000,2022-05-20,2022-09-11,143,26039,Good,Leased,True,https://images.catrental.com/assets/generator.jpg
MAC00296,QR-00296-QHOK3Z,RFID92935461,John Deere 672G #0296,Motor Grader,John Deere,672G,JOH7496319,2021,Electric-Hybrid,Diesel,415,344,13824,Germany,SITE0038,available,8052,14000,2022-01-19,2022-03-31,1116,204124,Fair,Owned,True,https://images.catrental.com/assets/motor-grader.jpg
MAC00297,QR-00297-11TO0B,RFID62446135,Hamm 3520 #0297,Road Roller,Hamm,3520,HAM8089840,2019,Diesel,Diesel,200,157,7958,Germany,SITE0008,rented,5138,9000,2022-12-01,2023-04-07,609,142946,Fair,Owned,False,https://images.catrental.com/assets/road-roller.jpg
MAC00298,QR-00298-RUPL5H,RFID41323789,Caterpillar 770G #0298,Dump Truck,Caterpillar,770G,CAT3679963,2025,Electric-Hybrid,Diesel,750,169,14334,Australia,SITE0159,maintenance,654,18000,2022-04-15,2022-07-04,550,137479,Good,Leased,True,https://images.catrental.com/assets/dump-truck.jpg
MAC00299,QR-00299-YILYXY,RFID25160526,Cummins C220D5 #0299,Generator,Cummins,C220D5,CUM2461262,2020,Diesel,Diesel,220,82,5870,India,SITE0051,transit,8702,15000,2022-04-01,2022-07-30,152,28208,Good,Leased,True,https://images.catrental.com/assets/generator.jpg
MAC00300,QR-00300-8JUS1X,RFID42931346,Hamm 3520 #0300,Road Roller,Hamm,3520,HAM3724721,2021,Diesel,Diesel,200,179,13371,India,SITE0086,available,8626,9000,2022-02-24,2022-09-07,268,51473,Fair,Owned,True,https://images.catrental.com/assets/road-roller.jpg
MAC00301,QR-00301-MXU16B,RFID60950884,Caterpillar DE110E0 #0301,Generator,Caterpillar,DE110E0,CAT2910887,2021,Diesel,Diesel,220,93,5928,India,SITE0030,available,4729,15000,2022-01-26,2022-05-22,150,30273,Excellent,Leased,True,https://images.catrental.com/assets/generator.jpg
MAC00302,QR-00302-WB5HST,RFID79468597,Caterpillar 390F #0302,Excavator,Caterpillar,390F,CAT7916680,2024,Diesel,Diesel,400,287,17876,India,SITE0167,rented,1943,12000,2022-02-28,2022-06-07,428,92130,Good,Owned,True,https://images.catrental.com/assets/excavator.jpg
MAC00303,QR-00303-FSUMUX,RFID72669837,Caterpillar D9T #0303,Bulldozer,Caterpillar,D9T,CAT8677980,2024,Diesel,Diesel,620,368,25541,Australia,SITE0105,rented,1189,15000,2022-01-27,2022-04-01,1491,271794,Fair,Owned,True,https://images.catrental.com/assets/bulldozer.jpg
MAC00304,QR-00304-EAWQW2,RFID66543141,Caterpillar 966M #0304,Wheel Loader,Caterpillar,966M,CAT9898363,2020,Diesel,Diesel,380,249,19764,Australia,SITE0160,rented,8841,13000,2022-12-24,2023-03-02,747,167989,Excellent,Leased,True,https://images.catrental.com/assets/wheel-loader.jpg
MAC00305,QR-00305-A037FF,RFID60188705,Bomag BW 213 #0305,Road Roller,Bomag,BW 213,BOM3997127,2025,Diesel,Diesel,200,166,7639,Germany,SITE0111,rented,321,9000,2022-12-28,2023-03-18,639,135784,Fair,Leased,True,https://images.catrental.com/assets/road-roller.jpg
MAC00306,QR-00306-VXQE1I,RFID52714131,Caterpillar 349F #0306,Excavator,Caterpillar,349F,CAT5193055,2022,Diesel,Diesel,400,314,24115,India,SITE0086,rented,1994,12000,2022-01-05,2022-03-21,535,104087,Good,Owned,True,https://images.catrental.com/assets/excavator.jpg
MAC00307,QR-00307-53J5SF,RFID57281975,Volvo L120H #0307,Wheel Loader,Volvo,L120H,VOL5078064,2024,Electric-Hybrid,Diesel,380,268,13112,India,SITE0123,rented,1961,13000,2022-08-11,2022-10-14,436,98752,Fair,Owned,True,https://images.catrental.com/assets/wheel-loader.jpg
MAC00308,QR-00308-KCNL38,RFID99466466,Caterpillar 390F #0308,Excavator,Caterpillar,390F,CAT7840953,2018,Diesel,Diesel,400,264,13393,India,SITE0103,rented,7504,12000,2021-11-29,2022-06-12,485,104011,Good,Owned,True,https://images.catrental.com/assets/excavator.jpg
MAC00309,QR-00309-GMVV6V,RFID30712470,Caterpillar CS56B #0309,Road Roller,Caterpillar,CS56B,CAT3968237,2021,Diesel,Diesel,200,158,13136,USA,SITE0073,available,4747,9000,2022-03-15,2022-08-26,594,111018,Fair,Owned,True,https://images.catrental.com/assets/road-roller.jpg
MAC00310,QR-00310-SB8363,RFID22837341,Caterpillar 14M3 #0310,Motor Grader,Caterpillar,14M3,CAT5274951,2021,Diesel,Diesel,415,285,20626,Germany,SITE0141,rented,3921,14000,2022-10-30,2023-03-02,894,253169,Fair,Owned,False,https://images.catrental.com/assets/motor-grader.jpg
MAC00311,QR-00311-FW0C20,RFID98762878,Caterpillar 320D #0311,Excavator,Caterpillar,320D,CAT7692367,2020,Diesel,Diesel,400,315,23851,USA,SITE0046,available,5897,12000,2022-01-08,2022-07-06,1014,162665,Good,Owned,True,https://images.catrental.com/assets/excavator.jpg
MAC00312,QR-00312-VTX3NF,RFID99540581,Caterpillar D11T #0312,Bulldozer,Caterpillar,D11T,CAT1556534,2021,Diesel,Diesel,620,389,18204,India,SITE0069,available,3582,15000,2022-05-05,2022-08-06,761,175757,Fair,Owned,True,https://images.catrental.com/assets/bulldozer.jpg
MAC00313,QR-00313-UWE773,RFID83175374,Caterpillar D6T #0313,Bulldozer,Caterpillar,D6T,CAT5379168,2022,Diesel,Diesel,620,424,33431,India,SITE0173,rented,4509,15000,2022-02-23,2022-05-20,678,151558,Excellent,Owned,True,https://images.catrental.com/assets/bulldozer.jpg
MAC00314,QR-00314-9F16X1,RFID10902958,Grove GMK4100L-1 #0314,Mobile Crane,Grove,GMK4100L-1,GRO6590261,2021,Diesel,Diesel,500,480,43635,USA,SITE0073,rented,5090,20000,2022-04-06,2022-09-23,1395,334420,Excellent,Owned,True,https://images.catrental.com/assets/mobile-crane.jpg
MAC00315,QR-00315-RXC9MI,RFID21564332,Hitachi ZX350 #0315,Excavator,Hitachi,ZX350,HIT9224056,2023,Diesel,Diesel,400,323,14619,India,SITE0011,rented,3381,12000,2022-12-05,2023-06-10,434,122408,Good,Leased,True,https://images.catrental.com/assets/excavator.jpg
MAC00316,QR-00316-4L4KV2,RFID76220651,Caterpillar 390F #0316,Excavator,Caterpillar,390F,CAT5931213,2020,Electric-Hybrid,Diesel,400,256,22309,India,SITE0023,rented,6864,12000,2021-12-22,2022-04-08,447,106331,Fair,Leased,True,https://images.catrental.com/assets/excavator.jpg
MAC00317,QR-00317-W9Y49D,RFID42063578,Caterpillar XAS 400 #0317,Air Compressor,Caterpillar,XAS 400,CAT8905709,2023,Diesel,Diesel,120,66,4301,India,SITE0063,rented,3246,10000,2021-11-28,2022-02-14,98,22611,Good,Owned,True,https://images.catrental.com/assets/air-compressor.jpg
MAC00318,QR-00318-L4JZWY,RFID43403619,JCB JS205 #0318,Excavator,JCB,JS205,JCB2601153,2021,Diesel,Diesel,400,320,13347,USA,SITE0048,rented,3995,12000,2021-12-17,2022-03-07,853,159058,Good,Owned,True,https://images.catrental.com/assets/excavator.jpg
MAC00319,QR-00319-9I7ZFC,RFID82427597,Caterpillar D6T #0319,Bulldozer,Caterpillar,D6T,CAT1308281,2023,Diesel,Diesel,620,428,28594,India,SITE0132,rented,2183,15000,2022-03-30,2022-08-07,655,141943,Excellent,Leased,True,https://images.catrental.com/assets/bulldozer.jpg
MAC00320,QR-00320-TAOFZD,RFID61289497,Hamm 3520 #0320,Road Roller,Hamm,3520,HAM8462774,2022,Diesel,Diesel,200,178,12819,India,SITE0118,rented,4383,9000,2022-01-10,2022-03-16,270,67989,Excellent,Owned,True,https://images.catrental.com/assets/road-roller.jpg
MAC00321,QR-00321-614RS8,RFID84945723,Caterpillar 428F #0321,Backhoe Loader,Caterpillar,428F,CAT9509886,2023,Electric-Hybrid,Diesel,130,172,7037,India,SITE0020,rented,3376,10000,2022-12-21,2023-06-27,242,56484,Poor,Leased,True,https://images.catrental.com/assets/backhoe-loader.jpg
MAC00322,QR-00322-DMJMBF,RFID63598601,Putzmeister TMM 24-4 #0322,Concrete Mixer,Putzmeister,TMM 24-4,PUT7351389,2024,Diesel,Diesel,300,126,6715,USA,SITE0145,available,1335,8000,2022-10-18,2023-03-26,383,77575,Good,Owned,True,https://images.catrental.com/assets/concrete-mixer.jpg
MAC00323,QR-00323-RJZK08,RFID17610836,Atlas Copco XAS 185 #0323,Air Compressor,Atlas Copco,XAS 185,ATL8986773,2018,Diesel,Diesel,120,67,5117,Germany,SITE0008,rented,7119,10000,2022-01-18,2022-03-20,231,40961,Fair,Owned,True,https://images.catrental.com/assets/air-compressor.jpg
MAC00324,QR-00324-5GL1NA,RFID41150478,SANY SY308C-8 #0324,Concrete Mixer,SANY,SY308C-8,SAN3219131,2022,Diesel,Diesel,300,124,8306,Germany,SITE0141,available,2427,8000,2022-06-16,2022-11-27,500,98589,Good,Owned,True,https://images.catrental.com/assets/concrete-mixer.jpg
MAC00325,QR-00325-BOPAB0,RFID96043099,Caterpillar 14M3 #0325,Motor Grader,Caterpillar,14M3,CAT4967879,2025,Diesel,Diesel,415,318,19290,USA,SITE0145,available,123,14000,2022-12-05,2023-05-14,823,209241,Good,Owned,True,https://images.catrental.com/assets/motor-grader.jpg
MAC00326,QR-00326-NAJFH7,RFID59798459,Caterpillar 420F #0326,Backhoe Loader,Caterpillar,420F,CAT3401866,2025,Electric-Hybrid,Diesel,130,161,9225,India,SITE0082,maintenance,306,10000,2022-02-07,2022-04-15,277,47561,Good,Leased,False,https://images.catrental.com/assets/backhoe-loader.jpg
MAC00327,QR-00327-XJJW8B,RFID48363450,Komatsu HD465-7 #0327,Dump Truck,Komatsu,HD465-7,KOM5953905,2021,Diesel,Diesel,750,196,15887,India,SITE0153,rented,4316,18000,2022-07-06,2023-01-08,360,60109,Excellent,Owned,True,https://images.catrental.com/assets/dump-truck.jpg
MAC00328,QR-00328-9FG2NE,RFID92749391,Grindex Major H #0328,Water Pump,Grindex,Major H,GRI7679628,2021,Electric-Hybrid,Diesel,60,45,3823,India,SITE0153,rented,5409,8000,2022-08-09,2022-12-31,79,17971,Excellent,Leased,True,https://images.catrental.com/assets/water-pump.jpg
MAC00329,QR-00329-6OEM9N,RFID59011741,Komatsu D65PX-18 #0329,Bulldozer,Komatsu,D65PX-18,KOM8073263,2021,Diesel,Diesel,620,367,35188,USA,SITE0025,available,7033,15000,2022-02-07,2022-05-17,1186,271671,Excellent,Owned,True,https://images.catrental.com/assets/bulldozer.jpg
MAC00330,QR-00330-EJCILP,RFID45614444,Caterpillar 12M3 #0330,Motor Grader,Caterpillar,12M3,CAT7264942,2021,Diesel,Diesel,415,323,26576,Australia,SITE0108,available,4942,14000,2022-03-14,2022-05-28,999,181203,Good,Owned,True,https://images.catrental.com/assets/motor-grader.jpg
MAC00331,QR-00331-WTP0KZ,RFID87945127,Ingersoll Rand P185WJD #0331,Air Compressor,Ingersoll Rand,P185WJD,ING9803220,2022,Diesel,Diesel,120,60,3748,Germany,SITE0070,rented,2613,10000,2022-03-13,2022-06-01,205,42589,Excellent,Leased,True,https://images.catrental.com/assets/air-compressor.jpg
MAC00332,QR-00332-189Y42,RFID21905405,XCMG QY50KA #0332,Mobile Crane,XCMG,QY50KA,XCM1825036,2022,Diesel,Diesel,500,480,22634,USA,SITE0061,available,4023,20000,2022-01-14,2022-07-12,1353,352695,Good,Owned,True,https://images.catrental.com/assets/mobile-crane.jpg
MAC00333,QR-00333-2EU4KB,RFID85251989,Caterpillar 770G #0333,Dump Truck,Caterpillar,770G,CAT4568537,2024,Diesel,Diesel,750,179,14545,USA,SITE0057,available,1145,18000,2022-01-08,2022-07-09,611,109802,Fair,Leased,True,https://images.catrental.com/assets/dump-truck.jpg
MAC00334,QR-00334-Z5XBIG,RFID87206285,Caterpillar CS78B #0334,Road Roller,Caterpillar,CS78B,CAT4755317,2020,Diesel,Diesel,200,160,14936,USA,SITE0136,rented,6578,9000,2022-02-16,2022-05-27,587,112829,Good,Owned,True,https://images.catrental.com/assets/road-roller.jpg
MAC00335,QR-00335-6AYLLD,RFID46068196,Caterpillar 980M #0335,Wheel Loader,Caterpillar,980M,CAT3505690,2025,Diesel,Diesel,380,217,14584,USA,SITE0154,maintenance,366,13000,2022-03-04,2022-09-14,644,161370,Good,Owned,True,https://images.catrental.com/assets/wheel-loader.jpg
MAC00336,QR-00336-YG190F,RFID27217582,Caterpillar 770G #0336,Dump Truck,Caterpillar,770G,CAT4580997,2019,Electric-Hybrid,Diesel,750,185,12101,USA,SITE0025,rented,8886,18000,2022-08-08,2022-12-08,632,103032,Excellent,Leased,True,https://images.catrental.com/assets/dump-truck.jpg
MAC00337,QR-00337-UBNBWG,RFID77568339,Ingersoll Rand P185WJD #0337,Air Compressor,Ingersoll Rand,P185WJD,ING4478510,2025,Diesel,Diesel,120,56,3476,Australia,SITE0087,available,157,10000,2022-05-19,2022-07-18,171,47486,Excellent,Owned,True,https://images.catrental.com/assets/air-compressor.jpg
MAC00338,QR-00338-GQEUA7,RFID31461553,Caterpillar D11T #0338,Bulldozer,Caterpillar,D11T,CAT9494968,2020,Diesel,Diesel,620,444,22411,Germany,SITE0038,rented,4871,15000,2022-05-03,2022-10-03,1531,325294,Fair,Owned,True,https://images.catrental.com/assets/bulldozer.jpg
MAC00339,QR-00339-UJVXHS,RFID39204346,Bobcat S770 #0339,Skid Steer Loader,Bobcat,S770,BOB5743330,2024,Electric-Hybrid,Diesel,100,108,8273,Germany,SITE0009,available,872,9000,2021-12-23,2022-03-11,390,84810,Fair,Owned,True,https://images.catrental.com/assets/skid-steer-loader.jpg
MAC00340,QR-00340-V2H31P,RFID39055218,Crown SC 6000 #0340,Forklift,Crown,SC 6000,CRO5732779,2018,Diesel,Diesel,55,72,5926,USA,SITE0115,rented,5767,12000,2022-07-24,2022-09-25,233,50425,Good,Owned,True,https://images.catrental.com/assets/forklift.jpg
MAC00341,QR-00341-UMJACY,RFID68644742,Linde H30D #0341,Forklift,Linde,H30D,LIN5837150,2024,Diesel,Diesel,55,75,5449,USA,SITE0050,transit,2072,12000,2022-11-08,2023-04-01,232,38713,Fair,Owned,True,https://images.catrental.com/assets/forklift.jpg
MAC00342,QR-00342-41S6EQ,RFID96296633,Hyster H50FT #0342,Forklift,Hyster,H50FT,HYS2077331,2021,Electric-Hybrid,Diesel,55,65,4639,India,SITE0150,available,4692,12000,2022-01-09,2022-07-13,123,27492,Excellent,Owned,True,https://images.catrental.com/assets/forklift.jpg
MAC00343,QR-00343-O1LPPJ,RFID61918178,Caterpillar 950GC #0343,Wheel Loader,Caterpillar,950GC,CAT5546937,2022,Diesel,Diesel,380,261,16186,India,SITE0086,transit,4964,13000,2021-12-14,2022-06-29,381,84533,Fair,Leased,True,https://images.catrental.com/assets/wheel-loader.jpg
MAC00344,QR-00344-OAPMLQ,RFID77990328,Caterpillar D6T #0344,Bulldozer,Caterpillar,D6T,CAT7445656,2024,Electric-Hybrid,Diesel,620,455,23949,India,SITE0006,available,1883,15000,2022-06-01,2022-08-21,768,126867,Good,Owned,True,https://images.catrental.com/assets/bulldozer.jpg
MAC00345,QR-00345-ANQS33,RFID27823096,Cummins C220D5 #0345,Generator,Cummins,C220D5,CUM1095980,2019,Diesel,Diesel,220,89,5090,Germany,SITE0078,rented,5464,15000,2022-05-25,2022-10-02,268,74803,Good,Owned,True,https://images.catrental.com/assets/generator.jpg
MAC00346,QR-00346-23HOTP,RFID78794462,Bomag BW 213 #0346,Road Roller,Bomag,BW 213,BOM3411226,2019,Diesel,Diesel,200,184,13654,Australia,SITE0001,maintenance,11348,9000,2022-08-02,2022-10-02,568,121842,Fair,Owned,False,https://images.catrental.com/assets/road-roller.jpg
MAC00347,QR-00347-CBY0T0,RFID39976031,Komatsu PC200-8 #0347,Excavator,Komatsu,PC200-8,KOM7898996,2020,Diesel,Diesel,400,324,22654,USA,SITE0131,rented,3294,12000,2022-09-14,2023-03-24,804,229008,Excellent,Owned,True,https://images.catrental.com/assets/excavator.jpg
MAC00348,QR-00348-4MFJHO,RFID46279293,Caterpillar 12M3 #0348,Motor Grader,Caterpillar,12M3,CAT3263740,2024,Diesel,Diesel,415,292,25844,USA,SITE0076,rented,1111,14000,2022-03-12,2022-09-12,940,205969,Good,Leased,True,https://images.catrental.com/assets/motor-grader.jpg
MAC00349,QR-00349-5VWTF9,RFID10146265,Caterpillar XAS 400 #0349,Air Compressor,Caterpillar,XAS 400,CAT1316057,2022,Diesel,Diesel,120,64,3377,USA,SITE0062,rented,4729,10000,2022-09-08,2023-01-10,196,41552,Fair,Leased,True,https://images.catrental.com/assets/air-compressor.jpg
MAC00350,QR-00350-GLBD0X,RFID73238694,Volvo L120H #0350,Wheel Loader,Volvo,L120H,VOL8862538,2023,Diesel,Diesel,380,241,15332,Australia,SITE0019,available,3255,13000,2022-08-10,2022-10-13,734,186776,Poor,Owned,True,https://images.catrental.com/assets/wheel-loader.jpg
MAC00351,QR-00351-S04LX5,RFID79028573,Caterpillar 16M3 #0351,Motor Grader,Caterpillar,16M3,CAT9403040,2025,Diesel,Diesel,415,277,19173,USA,SITE0139,rented,100,14000,2022-09-19,2022-11-18,1004,222689,Fair,Owned,True,https://images.catrental.com/assets/motor-grader.jpg
MAC00352,QR-00352-KSD9GA,RFID64070299,XCMG QY50KA #0352,Mobile Crane,XCMG,QY50KA,XCM9062552,2021,Diesel,Diesel,500,555,27306,India,SITE0146,transit,3512,20000,2022-05-10,2022-10-24,811,199483,Fair,Owned,True,https://images.catrental.com/assets/mobile-crane.jpg
MAC00353,QR-00353-3UOT47,RFID30503442,Caterpillar WP450 #0353,Water Pump,Caterpillar,WP450,CAT7070228,2022,Diesel,Diesel,60,46,3881,Germany,SITE0176,rented,5710,8000,2022-10-17,2023-03-23,163,38124,Good,Owned,True,https://images.catrental.com/assets/water-pump.jpg
MAC00354,QR-00354-35ZWQY,RFID84113583,Atlas Copco XAS 185 #0354,Air Compressor,Atlas Copco,XAS 185,ATL6307613,2020,Diesel,Diesel,120,66,5357,USA,SITE0057,available,6815,10000,2022-12-13,2023-05-31,192,44420,Fair,Owned,True,https://images.catrental.com/assets/air-compressor.jpg
MAC00355,QR-00355-40QCUL,RFID90869961,Caterpillar 980M #0355,Wheel Loader,Caterpillar,980M,CAT1667591,2022,Diesel,Diesel,380,242,13676,USA,SITE0170,rented,3271,13000,2022-03-28,2022-10-12,801,135667,Good,Leased,True,https://images.catrental.com/assets/wheel-loader.jpg
MAC00356,QR-00356-8YOFVY,RFID34213778,Liebherr HTM 1004 #0356,Concrete Mixer,Liebherr,HTM 1004,LIE3609773,2020,Diesel,Diesel,300,151,10718,USA,SITE0127,available,7948,8000,2022-04-07,2022-06-11,409,92812,Good,Owned,True,https://images.catrental.com/assets/concrete-mixer.jpg
MAC00357,QR-00357-SE3XR6,RFID62079695,Tadano ATF 60G-3 #0357,Mobile Crane,Tadano,ATF 60G-3,TAD2649056,2025,Diesel,Diesel,500,559,23559,Australia,SITE0071,available,192,20000,2022-02-05,2022-07-14,1672,384204,Excellent,Leased,True,https://images.catrental.com/assets/mobile-crane.jpg
MAC00358,QR-00358-7ILPLS,RFID65534692,Sykes CP150 #0358,Water Pump,Sykes,CP150,SYK8618893,2020,Diesel,Diesel,60,57,2679,India,SITE0086,rented,6872,8000,2022-05-22,2022-10-06,86,21999,Good,Leased,True,https://images.catrental.com/assets/water-pump.jpg
MAC00359,QR-00359-YBEDRV,RFID39882729,Hyster H50FT #0359,Forklift,Hyster,H50FT,HYS8381610,2019,Diesel,Electric,55,73,3790,Germany,SITE0049,rented,8782,12000,2022-01-17,2022-06-07,239,47514,Poor,Owned,True,https://images.catrental.com/assets/forklift.jpg
MAC00360,QR-00360-924HTP,RFID53526721,JCB 3CX Compact #0360,Backhoe Loader,JCB,3CX Compact,JCB4805437,2025,Electric-Hybrid,Diesel,130,165,11990,India,SITE0104,available,100,10000,2021-12-11,2022-03-20,274,60470,Fair,Owned,True,https://images.catrental.com/assets/backhoe-loader.jpg
MAC00361,QR-00361-PKOR3A,RFID41125430,Tsurumi HS3.75S #0361,Water Pump,Tsurumi,HS3.75S,TSU6992158,2019,Electric-Hybrid,Diesel,60,54,3211,Australia,SITE0005,rented,8077,8000,2022-07-30,2022-12-05,152,41683,Excellent,Owned,False,https://images.catrental.com/assets/water-pump.jpg
MAC00362,QR-00362-Q7VZFP,RFID24020462,JCB 3CX Compact #0362,Backhoe Loader,JCB,3CX Compact,JCB7141324,2022,Electric-Hybrid,Diesel,130,171,11974,USA,SITE0145,rented,3069,10000,2022-03-08,2022-09-11,421,92399,Excellent,Owned,True,https://images.catrental.com/assets/backhoe-loader.jpg
MAC00363,QR-00363-N9NTWJ,RFID43210689,Godwin CD150M #0363,Water Pump,Godwin,CD150M,GOD2517838,2023,Electric-Hybrid,Diesel,60,54,2303,USA,SITE0067,rented,3338,8000,2022-10-03,2023-02-16,145,41196,Excellent,Owned,True,https://images.catrental.com/assets/water-pump.jpg
MAC00364,QR-00364-X7R07V,RFID67001569,Caterpillar 770G #0364,Dump Truck,Caterpillar,770G,CAT5755257,2023,Diesel,Diesel,750,185,11027,USA,SITE0126,maintenance,4552,18000,2022-07-02,2023-01-17,599,119566,Fair,Owned,True,https://images.catrental.com/assets/dump-truck.jpg
MAC00365,QR-00365-N6ZJUY,RFID70364220,Putzmeister TMM 24-4 #0365,Concrete Mixer,Putzmeister,TMM 24-4,PUT9044888,2024,Diesel,Diesel,300,120,11977,USA,SITE0054,available,1986,8000,2022-07-31,2022-12-08,454,78280,Fair,Owned,True,https://images.catrental.com/assets/concrete-mixer.jpg
MAC00366,QR-00366-UXN3E6,RFID65783051,Atlas Copco XAS 185 #0366,Air Compressor,Atlas Copco,XAS 185,ATL1496104,2024,Electric-Hybrid,Diesel,120,60,3032,Germany,SITE0008,available,1028,10000,2022-02-10,2022-07-09,187,37525,Poor,Owned,False,https://images.catrental.com/assets/air-compressor.jpg
MAC00367,QR-00367-EZHWTC,RFID38018859,Ingersoll Rand P185WJD #0367,Air Compressor,Ingersoll Rand,P185WJD,ING3147583,2025,Electric-Hybrid,Diesel,120,68,4195,India,SITE0153,maintenance,100,10000,2022-12-15,2023-03-19,113,20933,Good,Owned,True,https://images.catrental.com/assets/air-compressor.jpg
MAC00368,QR-00368-KWH1MQ,RFID63076788,Caterpillar 12M3 #0368,Motor Grader,Caterpillar,12M3,CAT5602792,2021,Diesel,Diesel,415,302,17646,USA,SITE0177,maintenance,7708,14000,2022-06-08,2022-09-06,884,218644,Good,Owned,True,https://images.catrental.com/assets/motor-grader.jpg
MAC00369,QR-00369-M1XRP4,RFID45260096,Komatsu WA470-8 #0369,Wheel Loader,Komatsu,WA470-8,KOM6617936,2020,Diesel,Diesel,380,227,10972,India,SITE0029,rented,6887,13000,2022-07-02,2022-12-06,436,91225,Fair,Leased,True,https://images.catrental.com/assets/wheel-loader.jpg
MAC00370,QR-00370-5OFTTU,RFID50357936,Sullair 185 #0370,Air Compressor,Sullair,185,SUL5291913,2021,Electric-Hybrid,Diesel,120,65,5283,India,SITE0178,rented,6845,10000,2022-08-15,2022-12-26,118,24860,Fair,Owned,True,https://images.catrental.com/assets/air-compressor.jpg
MAC00371,QR-00371-ZVSQ3H,RFID27986931,Caterpillar VBX18 #0371,Snow Plow,Caterpillar,VBX18,CAT5374061,2020,Attachment-No-Engine,Electric,90,105,5323,Germany,SITE0038,rented,7437,6000,2022-11-14,2023-02-11,363,100097,Excellent,Owned,True,https://images.catrental.com/assets/snow-plow.jpg
MAC00372,QR-00372-8DHDDC,RFID40714379,Hitachi ZX350 #0372,Excavator,Hitachi,ZX350,HIT9060164,2022,Electric-Hybrid,Diesel,400,289,18010,India,SITE0150,available,4918,12000,2022-11-10,2023-05-26,427,102807,Fair,Owned,True,https://images.catrental.com/assets/excavator.jpg
MAC00373,QR-00373-LQBXXA,RFID67420189,Caterpillar DE110E0 #0373,Generator,Caterpillar,DE110E0,CAT3162145,2023,Diesel,Diesel,220,80,6782,India,SITE0024,rented,2554,15000,2022-05-29,2022-10-13,145,30617,Fair,Owned,True,https://images.catrental.com/assets/generator.jpg
MAC00374,QR-00374-Y6EKDK,RFID30589340,Caterpillar 428F #0374,Backhoe Loader,Caterpillar,428F,CAT1316533,2020,Diesel,Diesel,130,150,9992,India,SITE0011,rented,6585,10000,2022-07-13,2022-12-05,260,50312,Excellent,Owned,True,https://images.catrental.com/assets/backhoe-loader.jpg
MAC00375,QR-00375-EEB9I9,RFID27514300,JCB 3CX Compact #0375,Backhoe Loader,JCB,3CX Compact,JCB3159647,2021,Diesel,Diesel,130,159,7068,India,SITE0024,rented,6696,10000,2022-04-10,2022-07-15,285,51724,Good,Owned,True,https://images.catrental.com/assets/backhoe-loader.jpg
MAC00376,QR-00376-GXNS8E,RFID38813492,Caterpillar 320D #0376,Excavator,Caterpillar,320D,CAT2694981,2019,Diesel,Diesel,400,272,20370,USA,SITE0109,rented,3352,12000,2022-09-15,2023-01-10,901,174488,Fair,Owned,True,https://images.catrental.com/assets/excavator.jpg
MAC00377,QR-00377-JSPJ00,RFID88295005,Caterpillar 390F #0377,Excavator,Caterpillar,390F,CAT3906864,2020,Diesel,Diesel,400,272,22317,India,SITE0171,available,6899,12000,2022-05-26,2022-07-26,506,120505,Good,Leased,True,https://images.catrental.com/assets/excavator.jpg
MAC00378,QR-00378-4DY99O,RFID54629491,Volvo A40G #0378,Dump Truck,Volvo,A40G,VOL7790844,2023,Diesel,Diesel,750,177,14553,India,SITE0150,rented,1449,18000,2022-09-04,2023-02-02,315,61288,Excellent,Leased,True,https://images.catrental.com/assets/dump-truck.jpg
MAC00379,QR-00379-OUNKP9,RFID46345478,JCB VMT 860 #0379,Road Roller,JCB,VMT 860,JCB5181110,2021,Electric-Hybrid,Diesel,200,168,9883,USA,SITE0033,rented,5214,9000,2022-06-25,2022-10-19,520,98129,Excellent,Owned,True,https://images.catrental.com/assets/road-roller.jpg
MAC00380,QR-00380-K5Z9RV,RFID49971412,Hitachi ZX350 #0380,Excavator,Hitachi,ZX350,HIT3585301,2024,Diesel,Diesel,400,278,13792,Australia,SITE0068,available,1249,12000,2021-12-14,2022-04-16,1041,212182,Fair,Owned,True,https://images.catrental.com/assets/excavator.jpg
MAC00381,QR-00381-SPYA2O,RFID82262812,Caterpillar 770G #0381,Dump Truck,Caterpillar,770G,CAT6511711,2021,Diesel,Diesel,750,178,12130,India,SITE0077,available,5538,18000,2022-06-04,2022-12-21,332,62224,Good,Leased,True,https://images.catrental.com/assets/dump-truck.jpg
MAC00382,QR-00382-6SHQBA,RFID37946715,Caterpillar 320D #0382,Excavator,Caterpillar,320D,CAT7604374,2021,Electric-Hybrid,Diesel,400,264,13501,Germany,SITE0065,available,4956,12000,2022-11-19,2023-02-12,1106,193325,Fair,Leased,False,https://images.catrental.com/assets/excavator.jpg
MAC00383,QR-00383-UE99OH,RFID49976778,Caterpillar 785C #0383,Dump Truck,Caterpillar,785C,CAT5615386,2025,Electric-Hybrid,Diesel,750,183,10917,India,SITE0148,rented,178,18000,2022-10-21,2023-03-28,273,80627,Excellent,Owned,True,https://images.catrental.com/assets/dump-truck.jpg
MAC00384,QR-00384-E74V6A,RFID63071247,Caterpillar 16M3 #0384,Motor Grader,Caterpillar,16M3,CAT8717678,2021,Diesel,Diesel,415,307,22476,India,SITE0084,transit,3553,14000,2022-09-25,2022-12-21,581,110226,Excellent,Owned,True,https://images.catrental.com/assets/motor-grader.jpg
MAC00385,QR-00385-HHDDOG,RFID86667744,Komatsu WA470-8 #0385,Wheel Loader,Komatsu,WA470-8,KOM4761391,2019,Diesel,Diesel,380,216,18648,USA,SITE0126,rented,9874,13000,2022-12-18,2023-06-01,837,156155,Good,Leased,True,https://images.catrental.com/assets/wheel-loader.jpg
MAC00386,QR-00386-XHYTDB,RFID85611792,Caterpillar D8T #0386,Bulldozer,Caterpillar,D8T,CAT9087141,2020,Diesel,Diesel,620,368,19117,Germany,SITE0147,rented,7855,15000,2022-01-25,2022-07-11,1376,278423,Good,Owned,True,https://images.catrental.com/assets/bulldozer.jpg
MAC00387,QR-00387-BL6F6F,RFID85406370,Schwing Stetter AM 7 CBM #0387,Concrete Mixer,Schwing Stetter,AM 7 CBM,SCH1418009,2019,Electric-Hybrid,Diesel,300,148,11554,Australia,SITE0149,rented,6528,8000,2022-01-30,2022-04-21,413,78925,Good,Owned,False,https://images.catrental.com/assets/concrete-mixer.jpg
MAC00388,QR-00388-67KJFC,RFID52849209,Sykes CP150 #0388,Water Pump,Sykes,CP150,SYK9421225,2020,Diesel,Diesel,60,45,2388,Australia,SITE0005,rented,4085,8000,2022-09-20,2023-01-24,181,31143,Poor,Owned,True,https://images.catrental.com/assets/water-pump.jpg
MAC00389,QR-00389-E52DY7,RFID12177526,Komatsu HD465-7 #0389,Dump Truck,Komatsu,HD465-7,KOM9313318,2021,Diesel,Diesel,750,178,12077,Australia,SITE0068,maintenance,5657,18000,2022-11-11,2023-02-01,656,112049,Excellent,Leased,True,https://images.catrental.com/assets/dump-truck.jpg
MAC00390,QR-00390-67C7HP,RFID78461297,Caterpillar 745C #0390,Dump Truck,Caterpillar,745C,CAT3293737,2019,Diesel,Diesel,750,187,10680,Germany,SITE0094,rented,6091,18000,2022-07-31,2022-12-19,698,141544,Good,Owned,True,https://images.catrental.com/assets/dump-truck.jpg
MAC00391,QR-00391-GXEKBZ,RFID21059697,Crown SC 6000 #0391,Forklift,Crown,SC 6000,CRO5802780,2021,Diesel,Diesel,55,65,4232,India,SITE0165,available,4462,12000,2022-06-20,2022-09-19,120,29965,Poor,Owned,True,https://images.catrental.com/assets/forklift.jpg
MAC00392,QR-00392-AWKZCZ,RFID88349529,Bobcat S650 #0392,Skid Steer Loader,Bobcat,S650,BOB2259160,2020,Diesel,Diesel,100,103,8617,USA,SITE0120,rented,6913,9000,2022-04-21,2022-09-07,338,64631,Good,Owned,True,https://images.catrental.com/assets/skid-steer-loader.jpg
MAC00393,QR-00393-Q77HNS,RFID29548080,Caterpillar 320D #0393,Excavator,Caterpillar,320D,CAT8259264,2018,Diesel,Diesel,400,286,21986,Australia,SITE0005,rented,10762,12000,2022-01-07,2022-06-03,1068,175220,Good,Owned,True,https://images.catrental.com/assets/excavator.jpg
MAC00394,QR-00394-EI9NX8,RFID34163569,Caterpillar 390F #0394,Excavator,Caterpillar,390F,CAT5604580,2024,Diesel,Diesel,400,257,21680,USA,SITE0158,rented,1968,12000,2022-11-19,2023-04-03,934,194585,Fair,Leased,True,https://images.catrental.com/assets/excavator.jpg
MAC00395,QR-00395-EFQGSE,RFID57133823,Bobcat S770 #0395,Skid Steer Loader,Bobcat,S770,BOB9151402,2022,Diesel,Diesel,100,93,5142,USA,SITE0106,rented,6016,9000,2021-12-08,2022-03-03,294,57657,Excellent,Owned,True,https://images.catrental.com/assets/skid-steer-loader.jpg
MAC00396,QR-00396-AD0TQ2,RFID40624865,Caterpillar CS78B #0396,Road Roller,Caterpillar,CS78B,CAT1536028,2022,Diesel,Diesel,200,187,8263,India,SITE0077,rented,4259,9000,2022-03-02,2022-07-16,297,60086,Excellent,Owned,True,https://images.catrental.com/assets/road-roller.jpg
MAC00397,QR-00397-7A7KX7,RFID58235731,Caterpillar D9T #0397,Bulldozer,Caterpillar,D9T,CAT3202043,2025,Electric-Hybrid,Diesel,620,415,18736,Australia,SITE0096,available,100,15000,2022-10-08,2023-04-21,1484,340255,Good,Owned,False,https://images.catrental.com/assets/bulldozer.jpg
MAC00398,QR-00398-CL12S6,RFID98018173,JCB 3DX Xtra #0398,Backhoe Loader,JCB,3DX Xtra,JCB6054678,2019,Diesel,Diesel,130,145,10500,India,SITE0083,available,9946,10000,2022-07-16,2022-11-15,287,52548,Excellent,Leased,True,https://images.catrental.com/assets/backhoe-loader.jpg
MAC00399,QR-00399-R6X8YI,RFID84935254,Case 580N #0399,Backhoe Loader,Case,580N,CAS6777282,2023,Diesel,Diesel,130,160,7407,India,SITE0063,available,2027,10000,2022-06-17,2022-10-11,239,66458,Good,Leased,True,https://images.catrental.com/assets/backhoe-loader.jpg
MAC00400,QR-00400-62VL1T,RFID47347070,JCB VMT 860 #0400,Road Roller,JCB,VMT 860,JCB6779425,2022,Diesel,Diesel,200,173,13024,Australia,SITE0159,available,4012,9000,2022-03-24,2022-08-13,600,98809,Good,Owned,True,https://images.catrental.com/assets/road-roller.jpg
MAC00401,QR-00401-NPIQJP,RFID15802405,Caterpillar 770G #0401,Dump Truck,Caterpillar,770G,CAT1813207,2022,Diesel,Diesel,750,183,9437,Germany,SITE0078,rented,4941,18000,2022-06-21,2022-09-06,622,155780,Fair,Owned,True,https://images.catrental.com/assets/dump-truck.jpg
MAC00402,QR-00402-0WFWOJ,RFID71717603,Toyota 8FGCU25 #0402,Forklift,Toyota,8FGCU25,TOY9034787,2019,Electric-Hybrid,Diesel,55,65,5629,India,SITE0011,rented,7934,12000,2022-08-10,2022-11-27,99,22699,Excellent,Owned,True,https://images.catrental.com/assets/forklift.jpg
MAC00403,QR-00403-DLI5VL,RFID55370500,Caterpillar 349F #0403,Excavator,Caterpillar,349F,CAT6164265,2022,Diesel,Diesel,400,287,23534,Australia,SITE0022,available,4838,12000,2022-05-13,2022-08-13,876,227121,Excellent,Owned,True,https://images.catrental.com/assets/excavator.jpg
MAC00404,QR-00404-XWMVM7,RFID21081940,Caterpillar 349F #0404,Excavator,Caterpillar,349F,CAT4718220,2020,Diesel,Diesel,400,300,24500,Germany,SITE0141,rented,4038,12000,2021-12-06,2022-03-30,908,212050,Good,Owned,True,https://images.catrental.com/assets/excavator.jpg
MAC00405,QR-00405-DKFEEK,RFID64662975,Ajax Fiori ARGO 4000 #0405,Concrete Mixer,Ajax Fiori,ARGO 4000,AJA3649653,2020,Electric-Hybrid,Diesel,300,138,10614,Germany,SITE0141,maintenance,7456,8000,2022-11-15,2023-05-07,477,116421,Good,Owned,True,https://images.catrental.com/assets/concrete-mixer.jpg
MAC00406,QR-00406-8EIFBT,RFID58089112,JCB VMT 860 #0406,Road Roller,JCB,VMT 860,JCB1553932,2024,Diesel,Diesel,200,157,7838,USA,SITE0122,rented,2256,9000,2022-10-28,2023-03-27,509,130205,Good,Owned,True,https://images.catrental.com/assets/road-roller.jpg
MAC00407,QR-00407-GUMDF4,RFID60542762,Caterpillar CS78B #0407,Road Roller,Caterpillar,CS78B,CAT1363711,2022,Diesel,Diesel,200,179,7979,India,SITE0063,available,5279,9000,2022-12-30,2023-03-14,297,63215,Good,Owned,True,https://images.catrental.com/assets/road-roller.jpg
MAC00408,QR-00408-0CNWQ2,RFID20129246,Atlas Copco XAS 185 #0408,Air Compressor,Atlas Copco,XAS 185,ATL3293721,2020,Diesel,Diesel,120,58,3481,USA,SITE0106,available,6105,10000,2021-12-24,2022-04-18,204,38184,Fair,Owned,True,https://images.catrental.com/assets/air-compressor.jpg
MAC00409,QR-00409-PPPCGQ,RFID66115154,Putzmeister TMM 24-4 #0409,Concrete Mixer,Putzmeister,TMM 24-4,PUT9371046,2020,Diesel,Diesel,300,124,10702,India,SITE0081,rented,6762,8000,2022-11-20,2023-05-14,258,53032,Excellent,Leased,True,https://images.catrental.com/assets/concrete-mixer.jpg
MAC00410,QR-00410-OWYPN3,RFID94907623,Western Wideout XL #0410,Snow Plow,Western,Wideout XL,WES2910542,2024,Attachment-No-Engine,LPG,90,110,6541,USA,SITE0145,rented,1324,6000,2022-08-28,2022-11-13,331,84698,Good,Owned,True,https://images.catrental.com/assets/snow-plow.jpg
MAC00411,QR-00411-HRC4VG,RFID15374399,Komatsu GD655-6 #0411,Motor Grader,Komatsu,GD655-6,KOM7947194,2024,Diesel,Diesel,415,340,16805,India,SITE0083,available,1441,14000,2022-04-13,2022-09-14,487,115077,Fair,Owned,True,https://images.catrental.com/assets/motor-grader.jpg
MAC00412,QR-00412-4NH81T,RFID44608672,Tadano ATF 60G-3 #0412,Mobile Crane,Tadano,ATF 60G-3,TAD9425599,2023,Diesel,Diesel,500,511,34959,USA,SITE0093,available,2534,20000,2022-05-22,2022-10-17,1414,290155,Good,Owned,True,https://images.catrental.com/assets/mobile-crane.jpg
MAC00413,QR-00413-2FPKP5,RFID39572055,Hamm 3520 #0413,Road Roller,Hamm,3520,HAM7506795,2019,Diesel,Diesel,200,152,8583,Australia,SITE0007,rented,4632,9000,2022-01-24,2022-04-01,595,102529,Excellent,Leased,True,https://images.catrental.com/assets/road-roller.jpg
MAC00414,QR-00414-JPKPF3,RFID87545140,Caterpillar 950GC #0414,Wheel Loader,Caterpillar,950GC,CAT7890951,2023,Diesel,Diesel,380,251,19219,Germany,SITE0008,rented,3189,13000,2022-02-20,2022-08-19,866,165267,Good,Owned,True,https://images.catrental.com/assets/wheel-loader.jpg
MAC00415,QR-00415-5115ZG,RFID41060001,Komatsu D65PX-18 #0415,Bulldozer,Komatsu,D65PX-18,KOM1909939,2021,Diesel,Diesel,620,430,29050,USA,SITE0158,available,3990,15000,2022-11-05,2023-02-09,1414,264852,Excellent,Owned,True,https://images.catrental.com/assets/bulldozer.jpg
MAC00416,QR-00416-2KRT47,RFID99674912,Caterpillar 320D #0416,Excavator,Caterpillar,320D,CAT3472026,2021,Diesel,Diesel,400,275,17147,India,SITE0086,rented,6038,12000,2022-12-29,2023-04-15,512,123159,Good,Leased,True,https://images.catrental.com/assets/excavator.jpg
MAC00417,QR-00417-KT4781,RFID35913130,Caterpillar WP450 #0417,Water Pump,Caterpillar,WP450,CAT2570468,2022,Electric-Hybrid,Diesel,60,53,4231,India,SITE0110,available,5289,8000,2022-04-04,2022-07-07,90,16905,Fair,Owned,True,https://images.catrental.com/assets/water-pump.jpg
MAC00418,QR-00418-Y423PA,RFID19041390,Bobcat S770 #0418,Skid Steer Loader,Bobcat,S770,BOB4686117,2021,Diesel,Diesel,100,112,8214,India,SITE0097,rented,7615,9000,2022-09-22,2023-03-05,149,41452,Fair,Owned,True,https://images.catrental.com/assets/skid-steer-loader.jpg
MAC00419,QR-00419-9H4YN8,RFID78385115,Caterpillar 777G #0419,Dump Truck,Caterpillar,777G,CAT4432496,2019,Diesel,Diesel,750,208,13953,Germany,SITE0064,available,8380,18000,2022-03-28,2022-07-18,684,156637,Good,Leased,True,https://images.catrental.com/assets/dump-truck.jpg
MAC00420,QR-00420-UNPU4E,RFID35205716,JCB 3DX Xtra #0420,Backhoe Loader,JCB,3DX Xtra,JCB1403103,2023,Diesel,Diesel,130,144,9244,India,SITE0123,maintenance,2370,10000,2022-05-23,2022-08-25,290,51797,Fair,Leased,True,https://images.catrental.com/assets/backhoe-loader.jpg
MAC00421,QR-00421-2TYZC5,RFID39089965,Caterpillar XAS 400 #0421,Air Compressor,Caterpillar,XAS 400,CAT6787814,2019,Diesel,Diesel,120,58,4422,Germany,SITE0008,rented,5934,10000,2022-11-05,2023-05-05,195,52688,Excellent,Owned,True,https://images.catrental.com/assets/air-compressor.jpg
MAC00422,QR-00422-SHLLSH,RFID93814327,Caterpillar 420F #0422,Backhoe Loader,Caterpillar,420F,CAT5604346,2023,Diesel,Diesel,130,138,9472,USA,SITE0017,maintenance,4459,10000,2022-02-10,2022-05-07,430,117162,Good,Owned,True,https://images.catrental.com/assets/backhoe-loader.jpg
MAC00423,QR-00423-6SUZRD,RFID22537120,Grove GMK4100L-1 #0423,Mobile Crane,Grove,GMK4100L-1,GRO7791390,2019,Diesel,Diesel,500,495,43376,Germany,SITE0065,rented,9753,20000,2022-05-09,2022-08-03,1503,443170,Fair,Leased,True,https://images.catrental.com/assets/mobile-crane.jpg
MAC00424,QR-00424-ORBLB8,RFID81982274,Komatsu GD655-6 #0424,Motor Grader,Komatsu,GD655-6,KOM3681525,2021,Diesel,Diesel,415,298,16950,USA,SITE0145,available,2833,14000,2022-09-19,2023-01-07,1002,214168,Excellent,Owned,True,https://images.catrental.com/assets/motor-grader.jpg
MAC00425,QR-00425-KNXD6Z,RFID54983217,Tadano ATF 60G-3 #0425,Mobile Crane,Tadano,ATF 60G-3,TAD3736271,2021,Diesel,Diesel,500,458,29930,Germany,SITE0111,available,3521,20000,2022-01-30,2022-08-08,1607,343313,Fair,Owned,True,https://images.catrental.com/assets/mobile-crane.jpg
MAC00426,QR-00426-RNV3HL,RFID95627064,Caterpillar 770G #0426,Dump Truck,Caterpillar,770G,CAT3999254,2018,Diesel,Diesel,750,202,14108,Australia,SITE0102,rented,9775,18000,2022-10-12,2023-04-08,578,148073,Excellent,Owned,False,https://images.catrental.com/assets/dump-truck.jpg
MAC00427,QR-00427-EZAQ3U,RFID32403250,Caterpillar XAS 400 #0427,Air Compressor,Caterpillar,XAS 400,CAT8917191,2024,Electric-Hybrid,Diesel,120,65,3966,USA,SITE0142,maintenance,1854,10000,2022-12-28,2023-07-13,172,41059,Poor,Owned,True,https://images.catrental.com/assets/air-compressor.jpg
MAC00428,QR-00428-2CPCC3,RFID47400852,Caterpillar D8T #0428,Bulldozer,Caterpillar,D8T,CAT1018399,2023,Diesel,Diesel,620,379,30152,USA,SITE0044,rented,2453,15000,2022-06-15,2022-10-03,1261,275165,Fair,Leased,True,https://images.catrental.com/assets/bulldozer.jpg
MAC00429,QR-00429-YURNZP,RFID63520789,Bobcat S770 #0429,Skid Steer Loader,Bobcat,S770,BOB3018458,2025,Electric-Hybrid,Diesel,100,109,6330,Germany,SITE0179,rented,123,9000,2022-01-01,2022-06-19,358,64437,Good,Owned,True,https://images.catrental.com/assets/skid-steer-loader.jpg
MAC00430,QR-00430-9NZHQH,RFID34467753,Putzmeister TMM 24-4 #0430,Concrete Mixer,Putzmeister,TMM 24-4,PUT3322128,2018,Diesel,Diesel,300,147,9476,India,SITE0097,available,12857,8000,2022-10-10,2023-02-19,222,53046,Excellent,Owned,True,https://images.catrental.com/assets/concrete-mixer.jpg
MAC00431,QR-00431-C8BZBO,RFID30319496,Terex AC 100/4L #0431,Mobile Crane,Terex,AC 100/4L,TER2917457,2023,Electric-Hybrid,Diesel,500,451,33838,India,SITE0123,rented,1018,20000,2022-07-13,2023-01-15,931,184863,Good,Owned,True,https://images.catrental.com/assets/mobile-crane.jpg
MAC00432,QR-00432-KSHRDG,RFID48075963,Cummins C220D5 #0432,Generator,Cummins,C220D5,CUM6345967,2022,Electric-Hybrid,Diesel,220,84,4092,India,SITE0150,rented,4743,15000,2022-09-18,2023-01-12,161,36161,Excellent,Leased,True,https://images.catrental.com/assets/generator.jpg
MAC00433,QR-00433-Y3ON2F,RFID62726815,Liebherr LTM 1050-3.1 #0433,Mobile Crane,Liebherr,LTM 1050-3.1,LIE9302292,2023,Diesel,Diesel,500,482,42501,USA,SITE0044,maintenance,1893,20000,2022-09-16,2022-12-08,1420,312188,Poor,Owned,True,https://images.catrental.com/assets/mobile-crane.jpg
MAC00434,QR-00434-DXNADA,RFID55354912,Komatsu D155A-6 #0434,Bulldozer,Komatsu,D155A-6,KOM1832644,2024,Diesel,Diesel,620,380,20578,India,SITE0002,maintenance,2143,15000,2022-03-27,2022-09-03,621,162641,Good,Owned,True,https://images.catrental.com/assets/bulldozer.jpg
MAC00435,QR-00435-V163DC,RFID15062191,Caterpillar DE165 #0435,Generator,Caterpillar,DE165,CAT7398652,2025,Diesel,Diesel,220,85,5981,Australia,SITE0159,rented,100,15000,2022-01-30,2022-05-25,269,56485,Good,Owned,True,https://images.catrental.com/assets/generator.jpg
MAC00436,QR-00436-CT71WB,RFID40885530,Komatsu HD465-7 #0436,Dump Truck,Komatsu,HD465-7,KOM5675458,2025,Diesel,Diesel,750,207,14076,Germany,SITE0147,available,804,18000,2022-09-04,2023-01-27,661,122371,Good,Owned,True,https://images.catrental.com/assets/dump-truck.jpg
MAC00437,QR-00437-C45U26,RFID44418071,Schwing Stetter AM 7 CBM #0437,Concrete Mixer,Schwing Stetter,AM 7 CBM,SCH9722689,2022,Electric-Hybrid,Diesel,300,148,11230,USA,SITE0054,maintenance,4348,8000,2022-10-22,2023-04-09,376,103339,Excellent,Leased,True,https://images.catrental.com/assets/concrete-mixer.jpg
MAC00438,QR-00438-7VWKFU,RFID26749296,Doosan P185WDO #0438,Air Compressor,Doosan,P185WDO,DOO9341542,2025,Diesel,Diesel,120,56,3839,India,SITE0162,rented,480,10000,2022-12-27,2023-06-15,111,24387,Poor,Leased,True,https://images.catrental.com/assets/air-compressor.jpg
MAC00439,QR-00439-R5ET3H,RFID41700552,Komatsu WA470-8 #0439,Wheel Loader,Komatsu,WA470-8,KOM9308741,2024,Electric-Hybrid,Diesel,380,241,20013,India,SITE0148,available,1359,13000,2022-11-11,2023-05-20,426,86466,Excellent,Leased,True,https://images.catrental.com/assets/wheel-loader.jpg
MAC00440,QR-00440-P3SUYQ,RFID63295450,JCB VMT 860 #0440,Road Roller,JCB,VMT 860,JCB8297775,2025,Diesel,Diesel,200,189,14921,Germany,SITE0065,rented,630,9000,2022-05-28,2022-11-14,521,111169,Excellent,Leased,True,https://images.catrental.com/assets/road-roller.jpg
MAC00441,QR-00441-EMRQP9,RFID76572741,XCMG QY50KA #0441,Mobile Crane,XCMG,QY50KA,XCM2781278,2018,Electric-Hybrid,Diesel,500,487,34853,Australia,SITE0005,rented,7511,20000,2022-07-22,2023-02-04,1693,334917,Good,Leased,True,https://images.catrental.com/assets/mobile-crane.jpg
MAC00442,QR-00442-RUU8F8,RFID57309011,Bobcat S650 #0442,Skid Steer Loader,Bobcat,S650,BOB6530801,2019,Electric-Hybrid,Diesel,100,98,4917,India,SITE0169,rented,6862,9000,2021-11-27,2022-05-05,192,37255,Excellent,Owned,False,https://images.catrental.com/assets/skid-steer-loader.jpg
MAC00443,QR-00443-JZG8U6,RFID56919936,JCB JS205 #0443,Excavator,JCB,JS205,JCB5393789,2023,Electric-Hybrid,Diesel,400,325,20737,USA,SITE0066,available,3140,12000,2022-02-26,2022-06-13,766,216835,Fair,Owned,True,https://images.catrental.com/assets/excavator.jpg
MAC00444,QR-00444-JU8OXM,RFID34314630,Caterpillar 16M3 #0444,Motor Grader,Caterpillar,16M3,CAT9278006,2023,Diesel,Diesel,415,287,16051,India,SITE0077,available,3138,14000,2022-02-14,2022-04-24,520,95344,Fair,Owned,True,https://images.catrental.com/assets/motor-grader.jpg
MAC00445,QR-00445-XPJ2QI,RFID95235819,JCB 3CX Compact #0445,Backhoe Loader,JCB,3CX Compact,JCB7457461,2023,Diesel,Diesel,130,172,11456,India,SITE0027,rented,2305,10000,2022-08-20,2022-12-02,232,46714,Fair,Owned,True,https://images.catrental.com/assets/backhoe-loader.jpg
MAC00446,QR-00446-BN62NK,RFID60019954,Volvo A40G #0446,Dump Truck,Volvo,A40G,VOL5290138,2025,Diesel,Diesel,750,176,14227,Germany,SITE0137,rented,100,18000,2021-11-29,2022-06-03,618,132699,Good,Leased,False,https://images.catrental.com/assets/dump-truck.jpg
MAC00447,QR-00447-X7X8W4,RFID76373810,SnowEx HDV #0447,Snow Plow,SnowEx,HDV,SNO4835957,2020,Attachment-No-Engine,Diesel,90,117,7306,Germany,SITE0064,rented,6706,6000,2022-09-21,2023-02-03,377,97321,Good,Owned,True,https://images.catrental.com/assets/snow-plow.jpg
MAC00448,QR-00448-1X1VH3,RFID43799010,XCMG QY50KA #0448,Mobile Crane,XCMG,QY50KA,XCM3668719,2022,Diesel,Diesel,500,480,44446,Germany,SITE0164,rented,4943,20000,2022-08-05,2022-12-05,1931,442760,Good,Owned,True,https://images.catrental.com/assets/mobile-crane.jpg
MAC00449,QR-00449-JQ0AQK,RFID91001528,Caterpillar EP18NT #0449,Forklift,Caterpillar,EP18NT,CAT9925674,2021,Diesel,Electric,55,60,4402,USA,SITE0142,rented,5713,12000,2022-12-15,2023-03-29,239,38448,Fair,Leased,True,https://images.catrental.com/assets/forklift.jpg
MAC00450,QR-00450-PM9DBE,RFID95365934,Caterpillar 950GC #0450,Wheel Loader,Caterpillar,950GC,CAT2064273,2023,Diesel,Diesel,380,227,14106,USA,SITE0016,available,2190,13000,2022-03-19,2022-05-25,631,190620,Poor,Owned,True,https://images.catrental.com/assets/wheel-loader.jpg
MAC00451,QR-00451-1W3LCZ,RFID23498326,JCB 3CX Compact #0451,Backhoe Loader,JCB,3CX Compact,JCB4754689,2022,Diesel,Diesel,130,140,11183,India,SITE0173,available,4917,10000,2022-01-15,2022-05-14,273,63091,Excellent,Leased,True,https://images.catrental.com/assets/backhoe-loader.jpg
MAC00452,QR-00452-YSRTTY,RFID56783145,Cummins C220D5 #0452,Generator,Cummins,C220D5,CUM2862430,2019,Diesel,Diesel,220,82,4050,India,SITE0135,available,10213,15000,2022-09-29,2023-02-24,151,30965,Good,Owned,True,https://images.catrental.com/assets/generator.jpg
MAC00453,QR-00453-LYYZ7P,RFID73606627,Caterpillar 770G #0453,Dump Truck,Caterpillar,770G,CAT6997504,2021,Diesel,Diesel,750,189,9138,Australia,SITE0160,rented,6055,18000,2022-07-29,2022-12-24,635,111976,Excellent,Owned,True,https://images.catrental.com/assets/dump-truck.jpg
MAC00454,QR-00454-JD1BJE,RFID97912977,Bobcat S650 #0454,Skid Steer Loader,Bobcat,S650,BOB8137060,2024,Electric-Hybrid,Diesel,100,99,4563,Germany,SITE0065,available,1210,9000,2021-12-27,2022-04-08,338,72586,Excellent,Owned,True,https://images.catrental.com/assets/skid-steer-loader.jpg
MAC00455,QR-00455-LBLWVF,RFID26782946,Caterpillar 980M #0455,Wheel Loader,Caterpillar,980M,CAT1995162,2025,Electric-Hybrid,Diesel,380,235,17605,Germany,SITE0111,rented,100,13000,2022-05-22,2022-11-24,912,184491,Excellent,Leased,True,https://images.catrental.com/assets/wheel-loader.jpg
MAC00456,QR-00456-CN3ON4,RFID29428383,Volvo L120H #0456,Wheel Loader,Volvo,L120H,VOL3554392,2022,Diesel,Diesel,380,255,12994,India,SITE0089,rented,2852,13000,2022-11-15,2023-03-29,404,73298,Excellent,Owned,True,https://images.catrental.com/assets/wheel-loader.jpg
MAC00457,QR-00457-GD4HKP,RFID92548875,Komatsu D65PX-18 #0457,Bulldozer,Komatsu,D65PX-18,KOM5341285,2019,Diesel,Diesel,620,382,32319,USA,SITE0079,maintenance,6287,15000,2022-12-19,2023-05-01,1185,300256,Good,Leased,True,https://images.catrental.com/assets/bulldozer.jpg
MAC00458,QR-00458-O2MCQ4,RFID78348181,Caterpillar 420F #0458,Backhoe Loader,Caterpillar,420F,CAT3122436,2021,Diesel,Diesel,130,166,7703,USA,SITE0048,available,6866,10000,2022-11-03,2023-05-01,497,100306,Fair,Leased,True,https://images.catrental.com/assets/backhoe-loader.jpg
MAC00459,QR-00459-HQ2EAE,RFID78967077,Caterpillar D6T #0459,Bulldozer,Caterpillar,D6T,CAT8426494,2022,Electric-Hybrid,Diesel,620,408,25957,Germany,SITE0074,rented,4537,15000,2022-11-23,2023-04-14,1412,275436,Fair,Leased,True,https://images.catrental.com/assets/bulldozer.jpg
MAC00460,QR-00460-1N3IRW,RFID38594677,Caterpillar 12M3 #0460,Motor Grader,Caterpillar,12M3,CAT3196676,2020,Diesel,Diesel,415,317,25386,India,SITE0135,rented,4786,14000,2022-10-02,2022-12-02,447,106408,Good,Owned,True,https://images.catrental.com/assets/motor-grader.jpg
MAC00461,QR-00461-YQMWT0,RFID42224818,Grove GMK4100L-1 #0461,Mobile Crane,Grove,GMK4100L-1,GRO7846562,2020,Electric-Hybrid,Diesel,500,517,24665,India,SITE0014,rented,4298,20000,2022-09-17,2023-01-24,920,198168,Excellent,Owned,True,https://images.catrental.com/assets/mobile-crane.jpg
MAC00462,QR-00462-FAIXG2,RFID33328735,JCB 3DX Xtra #0462,Backhoe Loader,JCB,3DX Xtra,JCB6209399,2019,Diesel,Diesel,130,163,11746,India,SITE0024,available,9146,10000,2022-11-10,2023-05-28,250,51609,Excellent,Leased,True,https://images.catrental.com/assets/backhoe-loader.jpg
MAC00463,QR-00463-90VQSZ,RFID96975241,Komatsu WA470-8 #0463,Wheel Loader,Komatsu,WA470-8,KOM9034342,2020,Electric-Hybrid,Diesel,380,234,12433,India,SITE0178,rented,11499,13000,2022-03-17,2022-06-07,373,100491,Good,Owned,True,https://images.catrental.com/assets/wheel-loader.jpg
MAC00464,QR-00464-2Y4LGQ,RFID81012764,JCB 3CX Compact #0464,Backhoe Loader,JCB,3CX Compact,JCB1462791,2025,Diesel,Diesel,130,138,7493,India,SITE0082,available,100,10000,2022-08-16,2023-01-16,254,56230,Fair,Owned,True,https://images.catrental.com/assets/backhoe-loader.jpg
MAC00465,QR-00465-3VQRIQ,RFID25613416,Putzmeister TMM 24-4 #0465,Concrete Mixer,Putzmeister,TMM 24-4,PUT7534479,2021,Electric-Hybrid,Diesel,300,145,11078,India,SITE0047,rented,4192,8000,2022-07-08,2022-12-01,238,50289,Good,Owned,True,https://images.catrental.com/assets/concrete-mixer.jpg
MAC00466,QR-00466-DT4RK9,RFID32263132,Caterpillar VBX18 #0466,Snow Plow,Caterpillar,VBX18,CAT8696822,2022,Attachment-No-Engine,Electric,90,109,8858,Germany,SITE0075,maintenance,4299,6000,2022-04-22,2022-08-13,389,103840,Fair,Owned,True,https://images.catrental.com/assets/snow-plow.jpg
MAC00467,QR-00467-KYCQ2Y,RFID33369425,Ajax Fiori ARGO 4000 #0467,Concrete Mixer,Ajax Fiori,ARGO 4000,AJA1014235,2024,Diesel,Diesel,300,132,7773,India,SITE0103,rented,1059,8000,2021-12-24,2022-04-18,226,44545,Good,Leased,True,https://images.catrental.com/assets/concrete-mixer.jpg
MAC00468,QR-00468-V67HT2,RFID41048131,Bobcat S650 #0468,Skid Steer Loader,Bobcat,S650,BOB7501157,2022,Diesel,Diesel,100,90,6935,India,SITE0167,rented,6750,9000,2022-06-21,2023-01-04,167,43076,Good,Owned,True,https://images.catrental.com/assets/skid-steer-loader.jpg
MAC00469,QR-00469-RCLIC6,RFID16694723,Caterpillar 16M3 #0469,Motor Grader,Caterpillar,16M3,CAT3812988,2022,Electric-Hybrid,Diesel,415,325,22755,India,SITE0162,available,5294,14000,2021-11-27,2022-02-24,586,100454,Excellent,Owned,True,https://images.catrental.com/assets/motor-grader.jpg
MAC00470,QR-00470-4RYS04,RFID79879085,Tsurumi HS3.75S #0470,Water Pump,Tsurumi,HS3.75S,TSU1896378,2020,Diesel,Diesel,60,55,3323,India,SITE0110,rented,5970,8000,2022-01-09,2022-06-20,77,16062,Good,Owned,True,https://images.catrental.com/assets/water-pump.jpg
MAC00471,QR-00471-M0TTD7,RFID11263412,Caterpillar 12M3 #0471,Motor Grader,Caterpillar,12M3,CAT8004637,2022,Electric-Hybrid,Diesel,415,275,16352,India,SITE0020,available,3096,14000,2022-06-05,2022-10-28,526,97373,Fair,Leased,True,https://images.catrental.com/assets/motor-grader.jpg
MAC00472,QR-00472-301DVV,RFID39248539,Caterpillar 785C #0472,Dump Truck,Caterpillar,785C,CAT8526784,2020,Electric-Hybrid,Diesel,750,206,12433,Australia,SITE0113,rented,6729,18000,2022-06-27,2022-11-24,623,112775,Fair,Owned,True,https://images.catrental.com/assets/dump-truck.jpg
MAC00473,QR-00473-1XAC9M,RFID33050625,Hamm 3520 #0473,Road Roller,Hamm,3520,HAM2909727,2019,Diesel,Diesel,200,166,13518,Germany,SITE0164,available,6203,9000,2022-01-08,2022-03-21,651,128521,Good,Owned,True,https://images.catrental.com/assets/road-roller.jpg
MAC00474,QR-00474-IYV0N1,RFID77581598,Komatsu HD465-7 #0474,Dump Truck,Komatsu,HD465-7,KOM1944260,2021,Diesel,Diesel,750,180,11724,India,SITE0036,transit,5664,18000,2022-12-08,2023-04-26,340,71964,Fair,Owned,False,https://images.catrental.com/assets/dump-truck.jpg
MAC00475,QR-00475-616D3C,RFID90557330,Caterpillar 262D3 #0475,Skid Steer Loader,Caterpillar,262D3,CAT3441083,2022,Diesel,Diesel,100,98,8462,USA,SITE0050,rented,5298,9000,2022-02-25,2022-06-04,335,63451,Fair,Leased,False,https://images.catrental.com/assets/skid-steer-loader.jpg
MAC00476,QR-00476-OBZOUJ,RFID44656091,Grindex Major H #0476,Water Pump,Grindex,Major H,GRI4151929,2024,Diesel,Diesel,60,55,3877,India,SITE0060,available,1577,8000,2022-01-05,2022-04-21,76,21994,Good,Owned,True,https://images.catrental.com/assets/water-pump.jpg
MAC00477,QR-00477-XPXN2T,RFID28201448,Schwing Stetter AM 7 CBM #0477,Concrete Mixer,Schwing Stetter,AM 7 CBM,SCH1774125,2024,Diesel,Diesel,300,150,6192,Germany,SITE0049,transit,853,8000,2022-04-09,2022-09-02,474,113293,Good,Leased,True,https://images.catrental.com/assets/concrete-mixer.jpg
MAC00478,QR-00478-C5HWGP,RFID13863169,Tadano ATF 60G-3 #0478,Mobile Crane,Tadano,ATF 60G-3,TAD9526554,2021,Electric-Hybrid,Diesel,500,536,25223,USA,SITE0080,available,4330,20000,2022-05-31,2022-11-09,1766,405333,Fair,Leased,True,https://images.catrental.com/assets/mobile-crane.jpg
MAC00479,QR-00479-3CYI0P,RFID51411691,Caterpillar 336F #0479,Excavator,Caterpillar,336F,CAT4850943,2023,Diesel,Diesel,400,261,19689,India,SITE0036,available,3154,12000,2022-11-13,2023-05-26,553,117659,Good,Owned,True,https://images.catrental.com/assets/excavator.jpg
MAC00480,QR-00480-31AVPM,RFID22195202,Bomag BW 213 #0480,Road Roller,Bomag,BW 213,BOM5104558,2020,Diesel,Diesel,200,177,11360,Australia,SITE0026,available,4979,9000,2022-01-11,2022-05-22,477,143693,Poor,Owned,True,https://images.catrental.com/assets/road-roller.jpg
MAC00481,QR-00481-QL3E49,RFID95018569,Caterpillar CS56B #0481,Road Roller,Caterpillar,CS56B,CAT4229956,2021,Diesel,Diesel,200,171,13684,USA,SITE0154,rented,5048,9000,2022-02-17,2022-05-04,543,108968,Excellent,Leased,True,https://images.catrental.com/assets/road-roller.jpg
MAC00482,QR-00482-WGRZPX,RFID66831347,Caterpillar 390F #0482,Excavator,Caterpillar,390F,CAT1591105,2021,Diesel,Diesel,400,309,20015,India,SITE0002,rented,6023,12000,2022-03-03,2022-06-15,525,98413,Good,Owned,True,https://images.catrental.com/assets/excavator.jpg
MAC00483,QR-00483-EX4KNY,RFID78771458,Hamm 3520 #0483,Road Roller,Hamm,3520,HAM6126173,2024,Diesel,Diesel,200,161,8934,Germany,SITE0070,available,1433,9000,2022-02-16,2022-06-15,606,112136,Good,Owned,True,https://images.catrental.com/assets/road-roller.jpg
MAC00484,QR-00484-S1NKK0,RFID33702186,Caterpillar 349F #0484,Excavator,Caterpillar,349F,CAT1625496,2019,Electric-Hybrid,Diesel,400,321,24795,India,SITE0004,available,11000,12000,2022-05-22,2022-09-24,494,126796,Good,Owned,True,https://images.catrental.com/assets/excavator.jpg
MAC00485,QR-00485-V5745I,RFID67300232,JCB JS205 #0485,Excavator,JCB,JS205,JCB7261552,2021,Electric-Hybrid,Diesel,400,275,15421,Germany,SITE0078,available,4610,12000,2022-02-10,2022-08-22,1080,254992,Fair,Owned,True,https://images.catrental.com/assets/excavator.jpg
MAC00486,QR-00486-ESQ790,RFID91942689,Komatsu PC200-8 #0486,Excavator,Komatsu,PC200-8,KOM5596432,2022,Electric-Hybrid,Diesel,400,302,19333,India,SITE0162,rented,5325,12000,2022-03-05,2022-07-30,527,87608,Good,Owned,True,https://images.catrental.com/assets/excavator.jpg
MAC00487,QR-00487-4W6C8H,RFID80276331,Western Wideout XL #0487,Snow Plow,Western,Wideout XL,WES2426122,2022,Attachment-No-Engine,LPG,90,128,10243,USA,SITE0044,maintenance,5082,6000,2022-05-24,2022-08-05,382,91733,Good,Owned,True,https://images.catrental.com/assets/snow-plow.jpg
MAC00488,QR-00488-YNXJ5Y,RFID37435471,Caterpillar 16M3 #0488,Motor Grader,Caterpillar,16M3,CAT1335591,2018,Diesel,Diesel,415,322,26590,USA,SITE0155,rented,13985,14000,2022-04-17,2022-10-02,956,195125,Fair,Leased,True,https://images.catrental.com/assets/motor-grader.jpg
MAC00489,QR-00489-RLEZ66,RFID85294813,Caterpillar EP18NT #0489,Forklift,Caterpillar,EP18NT,CAT4847454,2021,Electric-Hybrid,Diesel,55,67,5109,India,SITE0086,available,2474,12000,2022-06-05,2022-11-16,120,29372,Fair,Leased,True,https://images.catrental.com/assets/forklift.jpg
MAC00490,QR-00490-PGN3S2,RFID94447782,JCB 3DX Xtra #0490,Backhoe Loader,JCB,3DX Xtra,JCB9229263,2019,Electric-Hybrid,Diesel,130,163,8433,Australia,SITE0026,available,5497,10000,2022-03-31,2022-08-20,547,124207,Good,Leased,True,https://images.catrental.com/assets/backhoe-loader.jpg
MAC00491,QR-00491-14FTNM,RFID91925144,Caterpillar 390F #0491,Excavator,Caterpillar,390F,CAT1364663,2020,Diesel,Diesel,400,255,16497,USA,SITE0106,maintenance,6565,12000,2021-12-28,2022-03-19,821,197258,Fair,Owned,True,https://images.catrental.com/assets/excavator.jpg
MAC00492,QR-00492-F80HKK,RFID94405237,John Deere 672G #0492,Motor Grader,John Deere,672G,JOH7961771,2021,Diesel,Diesel,415,300,24041,Germany,SITE0174,rented,6969,14000,2022-06-16,2022-11-06,1155,226498,Fair,Owned,True,https://images.catrental.com/assets/motor-grader.jpg
MAC00493,QR-00493-545K5Q,RFID67446213,Atlas Copco XAS 185 #0493,Air Compressor,Atlas Copco,XAS 185,ATL8524467,2020,Diesel,Diesel,120,64,5103,India,SITE0020,rented,5802,10000,2022-05-01,2022-07-12,101,22344,Fair,Owned,True,https://images.catrental.com/assets/air-compressor.jpg
MAC00494,QR-00494-WYX74Z,RFID28567321,Komatsu HD465-7 #0494,Dump Truck,Komatsu,HD465-7,KOM7280278,2025,Diesel,Diesel,750,203,11930,India,SITE0051,rented,879,18000,2022-08-18,2023-02-20,346,72684,Excellent,Leased,True,https://images.catrental.com/assets/dump-truck.jpg
MAC00495,QR-00495-8RQCVM,RFID50003269,Komatsu WA470-8 #0495,Wheel Loader,Komatsu,WA470-8,KOM1377946,2022,Diesel,Diesel,380,214,18421,Germany,SITE0137,available,4364,13000,2022-08-18,2022-11-24,758,181771,Good,Owned,True,https://images.catrental.com/assets/wheel-loader.jpg
MAC00496,QR-00496-MSIKJI,RFID54765932,Caterpillar 420F #0496,Backhoe Loader,Caterpillar,420F,CAT7684512,2022,Electric-Hybrid,Diesel,130,148,9058,India,SITE0134,rented,4378,10000,2022-06-05,2022-11-07,225,52332,Excellent,Owned,False,https://images.catrental.com/assets/backhoe-loader.jpg
MAC00497,QR-00497-B90C03,RFID88505869,Hitachi ZX350 #0497,Excavator,Hitachi,ZX350,HIT8825146,2025,Diesel,Diesel,400,313,13741,USA,SITE0106,available,100,12000,2022-12-13,2023-04-18,768,209148,Fair,Owned,True,https://images.catrental.com/assets/excavator.jpg
MAC00498,QR-00498-2JPLLQ,RFID22483511,Caterpillar 966M #0498,Wheel Loader,Caterpillar,966M,CAT8513206,2019,Electric-Hybrid,Diesel,380,239,17523,USA,SITE0034,rented,7288,13000,2022-04-18,2022-08-11,816,137171,Good,Owned,True,https://images.catrental.com/assets/wheel-loader.jpg
MAC00499,QR-00499-NMVNSW,RFID47074477,Crown SC 6000 #0499,Forklift,Crown,SC 6000,CRO3234175,2022,Diesel,Electric,55,63,3694,Germany,SITE0137,available,4541,12000,2021-12-17,2022-05-21,238,43990,Good,Owned,True,https://images.catrental.com/assets/forklift.jpg
MAC00500,QR-00500-CBC5TN,RFID51382948,JCB 3DX Xtra #0500,Backhoe Loader,JCB,3DX Xtra,JCB3609965,2024,Electric-Hybrid,Diesel,130,146,12606,India,SITE0146,rented,1028,10000,2022-05-29,2022-09-10,269,61101,Good,Owned,True,https://images.catrental.com/assets/backhoe-loader.jpg
MAC00501,QR-00501-VKA65F,RFID40323831,Caterpillar 777G #0501,Dump Truck,Caterpillar,777G,CAT6491423,2022,Electric-Hybrid,Diesel,750,194,15165,Germany,SITE0038,transit,6061,18000,2022-12-30,2023-04-17,694,159173,Good,Leased,True,https://images.catrental.com/assets/dump-truck.jpg
MAC00502,QR-00502-SGFSH6,RFID66157785,Komatsu WA470-8 #0502,Wheel Loader,Komatsu,WA470-8,KOM2281022,2022,Diesel,Diesel,380,241,11324,Australia,SITE0160,rented,3329,13000,2022-09-18,2023-02-18,681,143622,Good,Owned,True,https://images.catrental.com/assets/wheel-loader.jpg
MAC00503,QR-00503-K52CG9,RFID60346159,Terex AC 100/4L #0503,Mobile Crane,Terex,AC 100/4L,TER9766338,2022,Diesel,Diesel,500,495,34173,USA,SITE0121,maintenance,2540,20000,2022-02-17,2022-05-02,1744,323778,Fair,Owned,True,https://images.catrental.com/assets/mobile-crane.jpg
MAC00504,QR-00504-098CJN,RFID44777922,Caterpillar 770G #0504,Dump Truck,Caterpillar,770G,CAT1688743,2025,Diesel,Diesel,750,197,16351,USA,SITE0079,rented,193,18000,2022-04-03,2022-06-25,531,107549,Fair,Owned,True,https://images.catrental.com/assets/dump-truck.jpg
MAC00505,QR-00505-CLQGDD,RFID63898807,Caterpillar 14M3 #0505,Motor Grader,Caterpillar,14M3,CAT3908982,2025,Diesel,Diesel,415,284,14631,USA,SITE0140,maintenance,165,14000,2021-12-20,2022-03-16,1036,235381,Good,Owned,True,https://images.catrental.com/assets/motor-grader.jpg
MAC00506,QR-00506-YDB90M,RFID83689502,Caterpillar 336F #0506,Excavator,Caterpillar,336F,CAT2475571,2019,Diesel,Diesel,400,302,16738,India,SITE0178,rented,9360,12000,2022-05-20,2022-12-02,422,100065,Fair,Leased,True,https://images.catrental.com/assets/excavator.jpg
MAC00507,QR-00507-OW6JFP,RFID21010428,Caterpillar 777G #0507,Dump Truck,Caterpillar,777G,CAT3371611,2019,Diesel,Diesel,750,166,16266,Germany,SITE0094,maintenance,5783,18000,2022-03-01,2022-05-25,721,142862,Fair,Leased,True,https://images.catrental.com/assets/dump-truck.jpg
MAC00508,QR-00508-XE0OF3,RFID26904163,JCB JS205 #0508,Excavator,JCB,JS205,JCB3684980,2024,Diesel,Diesel,400,303,20818,USA,SITE0122,rented,960,12000,2022-02-09,2022-05-13,950,222516,Fair,Owned,True,https://images.catrental.com/assets/excavator.jpg
MAC00509,QR-00509-0AUF2W,RFID95033765,JCB VMT 860 #0509,Road Roller,JCB,VMT 860,JCB2448717,2025,Diesel,Diesel,200,170,13200,USA,SITE0066,available,305,9000,2022-08-15,2023-02-18,479,94840,Good,Leased,True,https://images.catrental.com/assets/road-roller.jpg
MAC00510,QR-00510-2U7FMK,RFID35000242,Ingersoll Rand P185WJD #0510,Air Compressor,Ingersoll Rand,P185WJD,ING5262899,2025,Diesel,Diesel,120,58,5388,India,SITE0129,maintenance,100,10000,2022-04-23,2022-07-24,99,20841,Fair,Owned,False,https://images.catrental.com/assets/air-compressor.jpg
MAC00511,QR-00511-JPMKRQ,RFID63571581,Ingersoll Rand P185WJD #0511,Air Compressor,Ingersoll Rand,P185WJD,ING4052259,2018,Diesel,Diesel,120,54,4264,Australia,SITE0113,rented,9803,10000,2022-12-17,2023-03-31,186,41664,Excellent,Owned,True,https://images.catrental.com/assets/air-compressor.jpg
MAC00512,QR-00512-2HUT7P,RFID61125809,Caterpillar 16M3 #0512,Motor Grader,Caterpillar,16M3,CAT8237945,2020,Diesel,Diesel,415,301,26764,USA,SITE0076,transit,9760,14000,2022-02-13,2022-07-13,915,175726,Good,Owned,True,https://images.catrental.com/assets/motor-grader.jpg
MAC00513,QR-00513-25UAK3,RFID47190954,Hitachi ZX350 #0513,Excavator,Hitachi,ZX350,HIT2638914,2019,Electric-Hybrid,Diesel,400,318,13765,Germany,SITE0094,available,10408,12000,2022-12-20,2023-03-12,1078,251157,Excellent,Owned,True,https://images.catrental.com/assets/excavator.jpg
MAC00514,QR-00514-U8ULV1,RFID44845000,Caterpillar 950GC #0514,Wheel Loader,Caterpillar,950GC,CAT5125381,2024,Electric-Hybrid,Diesel,380,257,18176,India,SITE0077,transit,1063,13000,2021-12-05,2022-04-26,438,89648,Excellent,Owned,True,https://images.catrental.com/assets/wheel-loader.jpg
MAC00515,QR-00515-XOAU51,RFID64225586,Kohler 250REOZK #0515,Generator,Kohler,250REOZK,KOH3115515,2022,Electric-Hybrid,Diesel,220,92,4993,USA,SITE0161,available,3567,15000,2022-07-15,2022-11-08,286,60821,Excellent,Leased,True,https://images.catrental.com/assets/generator.jpg
MAC00516,QR-00516-1DHIHP,RFID78444765,Caterpillar CS78B #0516,Road Roller,Caterpillar,CS78B,CAT1027018,2024,Diesel,Diesel,200,167,12956,Germany,SITE0174,available,1679,9000,2021-12-29,2022-07-14,644,110538,Fair,Owned,True,https://images.catrental.com/assets/road-roller.jpg
MAC00517,QR-00517-3RFIWC,RFID74099153,Caterpillar 390F #0517,Excavator,Caterpillar,390F,CAT6460208,2020,Diesel,Diesel,400,318,21466,USA,SITE0076,available,9897,12000,2022-08-16,2022-12-25,820,218917,Good,Owned,True,https://images.catrental.com/assets/excavator.jpg
MAC00518,QR-00518-N57PLE,RFID97498378,Komatsu WA470-8 #0518,Wheel Loader,Komatsu,WA470-8,KOM9834267,2025,Diesel,Diesel,380,256,16997,USA,SITE0013,rented,100,13000,2022-01-04,2022-05-18,774,136258,Good,Owned,True,https://images.catrental.com/assets/wheel-loader.jpg
MAC00519,QR-00519-TP7A3U,RFID37721987,Caterpillar 349F #0519,Excavator,Caterpillar,349F,CAT8392036,2024,Diesel,Diesel,400,307,23181,Germany,SITE0074,rented,1091,12000,2022-02-21,2022-08-03,1090,210705,Excellent,Leased,True,https://images.catrental.com/assets/excavator.jpg
MAC00520,QR-00520-S12H1V,RFID74370467,Volvo L120H #0520,Wheel Loader,Volvo,L120H,VOL3118168,2022,Electric-Hybrid,Diesel,380,233,11012,India,SITE0036,available,4994,13000,2022-08-10,2022-11-15,366,93654,Fair,Owned,True,https://images.catrental.com/assets/wheel-loader.jpg
MAC00521,QR-00521-C45PI2,RFID80730536,Kubota SSV75 #0521,Skid Steer Loader,Kubota,SSV75,KUB1084021,2025,Electric-Hybrid,Diesel,100,100,7860,Australia,SITE0108,rented,487,9000,2022-09-22,2023-02-05,358,66516,Good,Owned,True,https://images.catrental.com/assets/skid-steer-loader.jpg
MAC00522,QR-00522-WEEW0O,RFID50119360,SANY SY308C-8 #0522,Concrete Mixer,SANY,SY308C-8,SAN7759550,2024,Diesel,Diesel,300,123,10145,India,SITE0027,available,1122,8000,2022-04-27,2022-09-02,256,41931,Fair,Owned,True,https://images.catrental.com/assets/concrete-mixer.jpg
MAC00523,QR-00523-U4YQ5T,RFID21991120,XCMG QY50KA #0523,Mobile Crane,XCMG,QY50KA,XCM4649178,2021,Diesel,Diesel,500,498,31877,USA,SITE0115,rented,2652,20000,2022-07-02,2022-11-21,1791,286119,Good,Owned,True,https://images.catrental.com/assets/mobile-crane.jpg
MAC00524,QR-00524-X6Z7VC,RFID74864003,Caterpillar 966M #0524,Wheel Loader,Caterpillar,966M,CAT2378853,2021,Diesel,Diesel,380,231,12108,India,SITE0089,available,5797,13000,2022-04-29,2022-09-23,442,92645,Excellent,Owned,True,https://images.catrental.com/assets/wheel-loader.jpg
MAC00525,QR-00525-SXXRPP,RFID60900106,Volvo A40G #0525,Dump Truck,Volvo,A40G,VOL5102653,2019,Diesel,Diesel,750,191,8552,Germany,SITE0064,rented,5521,18000,2022-10-01,2023-04-12,657,161990,Good,Leased,True,https://images.catrental.com/assets/dump-truck.jpg
MAC00526,QR-00526-MOU803,RFID45652454,Caterpillar 950GC #0526,Wheel Loader,Caterpillar,950GC,CAT2708735,2020,Diesel,Diesel,380,238,20439,Germany,SITE0166,available,5838,13000,2022-01-29,2022-08-03,817,195882,Excellent,Owned,True,https://images.catrental.com/assets/wheel-loader.jpg
MAC00527,QR-00527-QIK8IC,RFID98484809,Caterpillar 12M3 #0527,Motor Grader,Caterpillar,12M3,CAT8756839,2023,Diesel,Diesel,415,322,20030,USA,SITE0003,rented,1725,14000,2022-02-05,2022-06-09,1066,176995,Fair,Owned,True,https://images.catrental.com/assets/motor-grader.jpg
MAC00528,QR-00528-T5NHXF,RFID29403500,Caterpillar 349F #0528,Excavator,Caterpillar,349F,CAT7601967,2020,Diesel,Diesel,400,323,17206,USA,SITE0100,rented,5338,12000,2022-07-26,2022-10-18,926,231237,Fair,Leased,True,https://images.catrental.com/assets/excavator.jpg
MAC00529,QR-00529-B261JX,RFID35959953,XCMG QY50KA #0529,Mobile Crane,XCMG,QY50KA,XCM7752023,2021,Electric-Hybrid,Diesel,500,470,27301,Germany,SITE0009,available,7089,20000,2022-11-11,2023-04-24,1944,379378,Fair,Owned,True,https://images.catrental.com/assets/mobile-crane.jpg
MAC00530,QR-00530-0RVZ3Y,RFID49036715,Cummins C220D5 #0530,Generator,Cummins,C220D5,CUM5269556,2021,Diesel,Diesel,220,86,6426,India,SITE0098,available,2872,15000,2022-02-10,2022-05-05,164,32886,Poor,Owned,True,https://images.catrental.com/assets/generator.jpg
MAC00531,QR-00531-CMYXBD,RFID14733307,Komatsu WA470-8 #0531,Wheel Loader,Komatsu,WA470-8,KOM1323716,2018,Electric-Hybrid,Diesel,380,236,18801,Australia,SITE0001,rented,5371,13000,2022-06-16,2022-09-09,703,167293,Excellent,Owned,True,https://images.catrental.com/assets/wheel-loader.jpg
MAC00532,QR-00532-X17POI,RFID36567299,Godwin CD150M #0532,Water Pump,Godwin,CD150M,GOD4965307,2023,Electric-Hybrid,Diesel,60,51,2790,India,SITE0169,maintenance,2805,8000,2022-11-05,2023-04-07,91,18316,Fair,Leased,True,https://images.catrental.com/assets/water-pump.jpg
MAC00533,QR-00533-231WCG,RFID91013957,Caterpillar 428F #0533,Backhoe Loader,Caterpillar,428F,CAT4866878,2019,Electric-Hybrid,Diesel,130,169,8841,India,SITE0081,rented,7431,10000,2022-11-18,2023-03-12,242,58007,Good,Owned,True,https://images.catrental.com/assets/backhoe-loader.jpg
MAC00534,QR-00534-SAZ46A,RFID16918868,Putzmeister TMM 24-4 #0534,Concrete Mixer,Putzmeister,TMM 24-4,PUT5496799,2022,Electric-Hybrid,Diesel,300,142,7369,Australia,SITE0133,rented,4089,8000,2022-05-19,2022-08-03,449,107069,Good,Leased,True,https://images.catrental.com/assets/concrete-mixer.jpg
MAC00535,QR-00535-6QVJ2C,RFID77992001,Komatsu D65PX-18 #0535,Bulldozer,Komatsu,D65PX-18,KOM4980974,2020,Electric-Hybrid,Diesel,620,402,28498,India,SITE0024,rented,6124,15000,2022-01-23,2022-07-08,629,172776,Excellent,Owned,True,https://images.catrental.com/assets/bulldozer.jpg
MAC00536,QR-00536-V2T3FL,RFID93040008,Hitachi ZX350 #0536,Excavator,Hitachi,ZX350,HIT2815385,2023,Diesel,Diesel,400,282,22417,Germany,SITE0111,rented,3107,12000,2022-06-21,2022-09-10,886,201361,Poor,Owned,True,https://images.catrental.com/assets/excavator.jpg
MAC00537,QR-00537-D1T46M,RFID38699665,Caterpillar DE165 #0537,Generator,Caterpillar,DE165,CAT9737102,2021,Electric-Hybrid,Diesel,220,94,4453,Australia,SITE0026,transit,4425,15000,2022-11-22,2023-02-18,258,68005,Good,Owned,True,https://images.catrental.com/assets/generator.jpg
MAC00538,QR-00538-KD2KRC,RFID61271419,Caterpillar CS56B #0538,Road Roller,Caterpillar,CS56B,CAT9606561,2023,Diesel,Diesel,200,156,14595,Germany,SITE0049,rented,2698,9000,2021-12-27,2022-06-14,633,113323,Good,Owned,True,https://images.catrental.com/assets/road-roller.jpg
MAC00539,QR-00539-AR17QR,RFID86908094,Caterpillar CS56B #0539,Road Roller,Caterpillar,CS56B,CAT4281540,2020,Diesel,Diesel,200,191,12460,Australia,SITE0026,rented,7770,9000,2022-06-15,2022-08-16,505,105982,Excellent,Owned,True,https://images.catrental.com/assets/road-roller.jpg
MAC00540,QR-00540-8RBT4O,RFID16620388,Caterpillar EP18NT #0540,Forklift,Caterpillar,EP18NT,CAT4112874,2018,Diesel,Diesel,55,68,5441,USA,SITE0136,rented,9262,12000,2022-11-28,2023-05-13,208,44810,Excellent,Leased,True,https://images.catrental.com/assets/forklift.jpg
MAC00541,QR-00541-BZYIYN,RFID43577603,JCB VMT 860 #0541,Road Roller,JCB,VMT 860,JCB7732328,2020,Diesel,Diesel,200,190,12894,Germany,SITE0070,available,6676,9000,2022-03-05,2022-05-25,544,123632,Good,Owned,True,https://images.catrental.com/assets/road-roller.jpg
MAC00542,QR-00542-G9FO8Q,RFID33508440,Doosan P185WDO #0542,Air Compressor,Doosan,P185WDO,DOO2675054,2022,Diesel,Diesel,120,68,5190,Germany,SITE0147,rented,3291,10000,2021-12-19,2022-05-23,211,37950,Excellent,Leased,True,https://images.catrental.com/assets/air-compressor.jpg
MAC00543,QR-00543-Q2SF4V,RFID36707552,Caterpillar 770G #0543,Dump Truck,Caterpillar,770G,CAT9557119,2021,Diesel,Diesel,750,189,14487,Germany,SITE0070,available,4614,18000,2022-05-29,2022-08-03,576,113318,Excellent,Leased,True,https://images.catrental.com/assets/dump-truck.jpg
MAC00544,QR-00544-NHYMAF,RFID20937062,Caterpillar CS78B #0544,Road Roller,Caterpillar,CS78B,CAT5256734,2024,Diesel,Diesel,200,151,13558,India,SITE0051,rented,1676,9000,2022-07-25,2022-12-18,254,59320,Fair,Owned,True,https://images.catrental.com/assets/road-roller.jpg
MAC00545,QR-00545-D7CRAB,RFID65137382,Tsurumi HS3.75S #0545,Water Pump,Tsurumi,HS3.75S,TSU8613430,2023,Electric-Hybrid,Diesel,60,56,4259,India,SITE0083,rented,3179,8000,2022-09-10,2023-02-03,74,19538,Excellent,Leased,True,https://images.catrental.com/assets/water-pump.jpg
MAC00546,QR-00546-INJ1Q3,RFID71405294,JCB 3CX Compact #0546,Backhoe Loader,JCB,3CX Compact,JCB4503651,2020,Electric-Hybrid,Diesel,130,167,9690,India,SITE0023,rented,9637,10000,2022-02-11,2022-07-03,279,63905,Good,Owned,True,https://images.catrental.com/assets/backhoe-loader.jpg
MAC00547,QR-00547-1BIJ20,RFID70557530,Case 580N #0547,Backhoe Loader,Case,580N,CAS8925877,2024,Diesel,Diesel,130,169,13389,Australia,SITE0149,maintenance,828,10000,2022-09-03,2022-11-22,515,107278,Excellent,Leased,True,https://images.catrental.com/assets/backhoe-loader.jpg
MAC00548,QR-00548-T9N44F,RFID16907430,Tsurumi HS3.75S #0548,Water Pump,Tsurumi,HS3.75S,TSU2964069,2024,Electric-Hybrid,Diesel,60,52,4159,India,SITE0077,maintenance,567,8000,2022-05-21,2022-09-13,91,19686,Good,Owned,True,https://images.catrental.com/assets/water-pump.jpg
MAC00549,QR-00549-LQK0PQ,RFID78684052,Western Wideout XL #0549,Snow Plow,Western,Wideout XL,WES7580103,2019,Attachment-No-Engine,Electric,90,128,6046,Germany,SITE0075,rented,9067,6000,2022-03-12,2022-09-09,456,73730,Good,Owned,True,https://images.catrental.com/assets/snow-plow.jpg
MAC00550,QR-00550-40AP00,RFID34427131,Caterpillar DE165 #0550,Generator,Caterpillar,DE165,CAT9865495,2022,Electric-Hybrid,Diesel,220,76,5697,Australia,SITE0105,maintenance,4428,15000,2022-01-15,2022-06-21,256,63152,Fair,Owned,True,https://images.catrental.com/assets/generator.jpg
