telemetry_id,timestamp,date,asset_id,operator_id,previous_operator_id,site_id,latitude,longitude,speed_kmh,engine_hours_today,idle_hours_today,total_engine_hours,fuel_used_l,expected_fuel_l,fuel_level_pct,engine_temperature_c,oil_pressure_kpa,coolant_temperature_c,oil_temperature_c,battery_voltage_v,hydraulic_pressure_bar,vibration_g,rpm,gps_status,network_strength_pct,zero_activity_streak_days,is_anomaly,anomaly_type,maintenance_within_30d
292873,2026-04-26T18:00:00Z,2026-04-26,MAC00026,OP0179,OP0179,SITE0028,22.67195,88.35294,14.6,4.1,0.3,10408.2,272.74,261.69,43.4,92.1,41.3,85.8,91.9,23.62,195.2,0.586,1991,OK,61,0,0,,0
290669,2026-04-28T18:00:00Z,2026-04-28,MAC00468,OP0211,OP0211,SITE0163,-34.94037,138.57939,13.4,7.88,2.82,7048.5,715.07,938.13,45.4,90.7,40.4,72.6,78.4,25.05,201.3,0.333,1912,OK,79,0,0,,0
293748,2026-05-01T18:00:00Z,2026-05-01,MAC00038,OP0089,OP0089,SITE0150,22.56527,88.30989,14.7,9.93,0.47,7719.1,587.41,616.25,48.7,97.7,46.4,79.9,85.7,23.63,197.4,0.565,1855,OK,64,0,0,,0
295281,2026-05-01T18:00:00Z,2026-05-01,MAC00250,OP0077,OP0077,SITE0058,17.36888,78.51947,12.6,6.19,1.28,3691.3,101.94,98.48,50.6,92.8,41.3,79.3,94.2,23.88,203.0,0.45,1700,OK,94,0,0,,0
293742,2026-05-05T18:00:00Z,2026-05-05,MAC00006,OP0118,OP0118,SITE0169,18.54645,73.82104,7.8,6.77,1.04,11470.4,764.54,701.63,68.9,94.2,43.3,82.2,93.3,24.58,217.2,0.612,1800,OK,62,0,0,,0
296394,2026-05-06T18:00:00Z,2026-05-06,MAC00126,OP0093,OP0093,SITE0077,21.09119,79.00906,18.2,8.45,1.33,4726.0,731.62,823.18,30.3,89.8,44.9,86.0,96.6,23.99,207.9,0.479,2119,OK,68,0,0,,0
296752,2026-05-07T18:00:00Z,2026-05-07,MAC00025,OP0152,OP0152,SITE0011,13.04298,80.25093,13.2,5.74,1.25,6571.4,185.05,190.99,36.4,93.1,53.0,82.3,91.8,24.05,209.6,0.612,1881,OK,81,0,0,,0
292560,2026-05-11T18:00:00Z,2026-05-11,MAC00303,OP0108,OP0108,SITE0175,21.25752,81.60165,24.4,5.33,1.81,10678.7,177.65,188.19,56.5,98.9,39.9,87.6,94.1,24.26,190.1,0.723,1905,OK,72,0,0,,0
294638,2026-05-13T18:00:00Z,2026-05-13,MAC00230,OP0052,OP0052,SITE0134,18.96549,72.7605,10.1,2.31,7.04,5479.1,73.14,75.72,49.7,92.0,47.0,82.4,88.8,24.05,208.0,0.526,1830,OK,68,0,1,excess_idle,0
298734,2026-05-14T18:00:00Z,2026-05-14,MAC00010,OP0023,OP0023,SITE0128,20.27578,85.85226,19.0,6.7,1.6,4843.0,460.99,425.99,43.8,93.6,43.3,84.1,85.1,24.25,201.8,0.506,1865,OK,84,0,0,,0
293260,2026-05-14T18:00:00Z,2026-05-14,MAC00538,OP0158,OP0158,SITE0169,18.54552,73.82174,10.5,5.21,2.99,15671.0,348.61,350.39,36.8,95.9,47.8,83.9,94.1,22.84,206.4,0.817,1899,OK,62,0,0,,0
296765,2026-05-16T18:00:00Z,2026-05-16,MAC00298,OP0024,OP0024,SITE0082,21.1533,79.12749,19.9,3.4,1.1,8677.9,56.59,58.38,62.5,97.8,37.7,79.5,96.6,24.4,184.9,0.594,1512,OK,71,0,0,,0
298083,2026-05-17T18:00:00Z,2026-05-17,MAC00328,OP0051,OP0051,SITE0132,28.68189,77.25274,16.1,3.8,1.08,3954.7,201.39,239.09,49.8,90.5,43.7,80.9,86.4,23.96,191.2,0.354,1827,OK,69,0,0,,0
296659,2026-05-17T18:00:00Z,2026-05-17,MAC00300,OP0217,OP0217,SITE0133,-32.01021,115.89443,22.5,3.35,0.94,7623.3,242.19,220.34,36.5,94.2,49.1,79.5,84.9,24.64,203.9,0.464,1856,OK,66,0,0,,0
298515,2026-05-19T18:00:00Z,2026-05-19,MAC00110,OP0218,OP0218,SITE0045,18.45132,73.87868,18.6,5.75,2.12,5864.5,279.24,370.12,43.5,92.6,47.9,80.9,89.3,24.11,206.6,0.387,1927,OK,76,0,0,,0
298524,2026-05-20T18:00:00Z,2026-05-20,MAC00501,OP0168,OP0168,SITE0153,12.99845,77.56083,21.3,5.72,2.53,7028.6,280.72,373.55,48.5,89.5,49.9,77.1,89.7,24.5,200.3,0.493,1720,OK,87,0,0,,0
298507,2026-05-20T18:00:00Z,2026-05-20,MAC00348,OP0207,OP0207,SITE0053,18.50132,73.87963,12.4,6.79,2.77,9412.9,316.2,455.13,73.7,90.3,42.0,82.5,88.8,23.67,193.9,0.653,1742,OK,79,0,0,,0
291590,2026-05-21T18:00:00Z,2026-05-21,MAC00430,OP0253,OP0253,SITE0024,12.98237,77.64153,18.4,7.09,1.33,3382.1,147.41,145.23,24.7,93.9,47.5,75.3,91.5,24.23,208.8,0.523,1760,OK,84,0,0,,0
297508,2026-05-22T18:00:00Z,2026-05-22,MAC00233,OP0118,OP0118,SITE0129,21.18382,79.23319,10.2,6.57,1.86,5527.4,155.31,138.81,49.2,94.9,47.6,82.8,90.2,24.29,195.9,0.566,1631,OK,77,0,0,,0
299316,2026-05-23T18:00:00Z,2026-05-23,MAC00153,OP0252,OP0252,SITE0106,34.00609,-118.25525,6.8,0.3,2.71,13754.1,33.01,37.71,52.8,93.3,39.5,81.3,92.0,23.99,213.5,0.551,1921,OK,76,0,1,excess_idle,0
298747,2026-05-25T18:00:00Z,2026-05-25,MAC00183,OP0152,OP0152,SITE0083,22.57458,88.37234,11.6,8.0,1.51,6091.2,479.8,516.22,95.5,91.7,45.8,85.6,93.0,24.39,220.5,0.499,1784,OK,85,0,0,,0
301896,2026-05-25T18:00:00Z,2026-05-25,MAC00476,OP0218,OP0218,SITE0123,17.30311,78.46582,19.3,7.23,1.69,5457.6,109.54,118.23,20.9,96.4,42.6,82.6,90.7,24.9,225.1,0.616,1828,OK,80,0,0,,0
301893,2026-05-26T18:00:00Z,2026-05-26,MAC00416,OP0051,OP0051,SITE0077,21.09407,79.00776,20.6,6.41,1.26,7113.7,796.65,763.9,79.4,94.1,42.1,79.2,88.8,24.57,197.3,0.504,1853,OK,83,0,0,,0
297527,2026-05-26T18:00:00Z,2026-05-26,MAC00383,OP0184,OP0184,SITE0069,18.44155,73.75026,16.8,6.91,1.22,5340.0,153.38,145.5,49.8,90.9,49.3,80.4,95.6,24.4,191.9,0.575,1827,OK,77,0,0,,0
301617,2026-05-26T18:00:00Z,2026-05-26,MAC00094,OP0141,OP0141,SITE0004,18.9955,72.86999,17.3,8.62,0.34,7256.8,153.08,144.98,73.1,92.8,47.1,84.1,92.3,23.98,197.7,0.635,1861,OK,66,0,0,,0
297832,2026-05-27T18:00:00Z,2026-05-27,MAC00370,OP0087,OP0087,SITE0037,23.08552,72.54246,13.4,6.08,1.99,7714.4,713.27,727.58,54.3,92.7,38.8,79.0,89.7,24.55,196.9,0.528,1875,OK,74,0,0,,0
300429,2026-05-27T18:00:00Z,2026-05-27,MAC00474,OP0253,OP0253,SITE0084,23.06868,72.56169,11.8,8.06,2.08,9485.6,509.11,552.96,86.7,93.3,43.3,78.1,98.1,23.98,199.3,0.567,1761,OK,80,0,0,,0
298556,2026-05-27T18:00:00Z,2026-05-27,MAC00444,OP0038,OP0038,SITE0167,17.42625,78.60174,12.0,7.17,0.92,10763.7,596.15,580.06,58.0,90.7,43.7,80.9,94.6,24.2,208.7,0.547,1579,OK,82,0,0,,0
300703,2026-05-27T18:00:00Z,2026-05-27,MAC00289,OP0185,OP0185,SITE0010,21.13944,79.03803,12.7,6.87,0.83,10131.8,537.62,464.08,60.5,94.5,40.8,83.2,96.4,23.67,217.0,0.621,2014,OK,60,0,0,,0
301568,2026-05-28T18:00:00Z,2026-05-28,MAC00385,OP0166,OP0166,SITE0047,23.12205,72.602,10.9,6.49,2.56,4486.2,483.42,497.35,63.5,89.9,44.4,80.1,91.6,24.1,202.4,0.462,1814,OK,70,0,0,,0
295584,2026-05-28T18:00:00Z,2026-05-28,MAC00498,OP0179,OP0179,SITE0134,18.97106,72.75813,8.8,6.51,2.01,4736.9,407.16,391.36,63.6,88.9,41.6,80.6,89.1,23.94,208.7,0.425,1794,OK,60,0,0,,0
294547,2026-05-28T18:00:00Z,2026-05-28,MAC00528,OP0165,OP0165,SITE0148,13.00752,80.27437,10.9,6.33,1.75,6726.5,400.66,411.94,46.9,87.8,40.1,75.7,90.6,24.28,197.4,0.585,1738,OK,93,0,0,,0
297225,2026-05-29T18:00:00Z,2026-05-29,MAC00161,OP0110,OP0110,SITE0167,17.42244,78.59764,20.4,7.64,1.75,5228.5,737.4,897.4,58.1,86.5,47.9,82.2,82.8,24.4,213.7,0.32,1790,OK,67,0,0,,0
301821,2026-05-29T18:00:00Z,2026-05-29,MAC00029,OP0010,OP0010,SITE0153,12.9942,77.56047,17.5,1.69,6.1,7190.3,110.48,110.39,63.0,96.1,46.6,84.8,87.8,23.92,191.0,0.521,1848,OK,93,0,1,excess_idle,0
300794,2026-05-29T18:00:00Z,2026-05-29,MAC00464,OP0111,OP0111,SITE0015,18.44994,73.78356,15.3,5.34,1.38,5870.8,176.19,175.91,70.8,95.8,49.1,83.3,92.2,24.23,172.2,0.703,1667,OK,92,0,0,,0
292951,2026-05-29T18:00:00Z,2026-05-29,MAC00181,OP0102,OP0102,SITE0090,21.27534,81.62006,15.8,1.87,7.86,6572.6,109.3,124.86,86.8,90.9,40.9,82.8,88.3,24.8,194.0,0.468,1668,OK,93,0,1,excess_idle,0
301546,2026-05-30T18:00:00Z,2026-05-30,MAC00545,OP0152,OP0152,SITE0036,22.80697,86.17148,16.2,4.05,0.25,14840.7,249.87,270.53,23.5,95.1,40.8,82.6,92.7,23.97,185.4,0.707,1879,OK,70,0,0,,0
302985,2026-05-30T18:00:00Z,2026-05-30,MAC00009,OP0218,OP0218,SITE0144,19.07088,72.91052,9.5,3.91,1.31,3355.0,68.19,61.85,49.5,89.7,37.4,76.5,90.8,24.52,177.5,0.611,1671,OK,91,0,0,,0
298800,2026-05-30T18:00:00Z,2026-05-30,MAC00510,OP0193,OP0193,SITE0036,22.81236,86.16662,22.1,3.44,0.78,5265.3,216.54,226.14,50.3,91.1,43.8,81.2,97.0,24.09,224.5,0.417,1864,OK,86,0,0,,0
300354,2026-05-31T18:00:00Z,2026-05-31,MAC00378,OP0127,OP0127,SITE0128,20.27477,85.85094,10.5,4.5,0.58,6949.8,287.46,293.48,67.8,90.0,40.0,79.0,93.2,23.78,180.4,0.67,1948,OK,79,0,0,,0
302556,2026-05-31T18:00:00Z,2026-05-31,MAC00202,OP0225,OP0225,SITE0098,20.27971,85.71191,13.3,3.29,0.74,7307.5,212.3,220.8,58.5,91.4,51.2,83.8,93.8,24.52,206.3,0.608,1951,OK,76,0,0,,0
301104,2026-05-31T18:00:00Z,2026-05-31,MAC00060,OP0245,OP0245,SITE0123,17.30782,78.46626,10.9,3.33,0.29,10596.3,238.22,268.93,60.0,93.7,46.0,85.6,96.8,24.75,218.6,0.645,1723,OK,68,0,0,,0
301004,2026-06-01T18:00:00Z,2026-06-01,MAC00462,OP0077,OP0077,SITE0134,18.96817,72.75627,26.0,6.77,1.43,3812.2,412.89,425.74,65.9,91.6,49.0,81.1,74.1,24.17,219.0,0.349,1656,OK,74,0,0,,0
298820,2026-06-01T18:00:00Z,2026-06-01,MAC00251,OP0193,OP0193,SITE0162,20.35721,85.78063,28.0,8.21,2.06,13201.6,680.52,678.14,44.6,93.3,41.4,81.5,94.2,23.8,185.9,0.507,1668,OK,61,0,0,,0
297252,2026-06-02T18:00:00Z,2026-06-02,MAC00049,OP0151,OP0151,SITE0004,18.99474,72.86991,25.8,6.52,1.57,5579.6,135.97,106.93,44.5,91.7,42.8,87.3,96.0,24.08,197.6,0.528,1581,OK,88,0,0,,0
301878,2026-06-02T18:00:00Z,2026-06-02,MAC00226,OP0019,OP0019,SITE0143,22.83755,86.22072,18.1,7.83,3.26,3522.1,244.26,248.65,50.7,92.7,50.8,83.3,85.5,24.21,207.0,0.309,1630,OK,85,0,0,,0
303993,2026-06-02T18:00:00Z,2026-06-02,MAC00192,OP0268,OP0268,SITE0171,18.51311,73.85057,15.0,5.01,2.31,14236.5,560.45,531.84,61.6,88.9,42.2,80.4,87.4,24.24,195.4,0.645,1730,OK,91,0,0,,0
301889,2026-06-02T18:00:00Z,2026-06-02,MAC00322,OP0002,OP0002,SITE0114,23.03109,72.55545,20.0,8.34,1.88,11479.6,709.02,678.9,65.1,90.9,39.7,83.6,89.8,24.15,204.8,0.704,1820,OK,88,0,0,,0
300067,2026-06-02T18:00:00Z,2026-06-02,MAC00008,OP0115,OP0115,SITE0135,28.60324,77.24219,24.9,7.3,1.97,7428.1,562.63,478.41,44.6,91.8,42.2,85.0,89.3,24.6,196.0,0.458,1744,OK,89,0,0,,0
303357,2026-06-02T18:00:00Z,2026-06-02,MAC00155,OP0134,OP0134,SITE0119,-32.94664,151.77487,10.3,5.24,1.19,3761.7,101.3,83.59,74.3,95.1,42.1,76.3,87.6,24.37,228.7,0.512,1906,OK,87,0,0,,0
302049,2026-06-02T18:00:00Z,2026-06-02,MAC00149,OP0238,OP0238,SITE0108,-20.35512,118.57835,10.0,6.39,1.97,13226.7,885.95,798.16,50.1,91.0,46.7,83.2,83.9,24.14,199.5,0.738,1714,OK,66,0,0,,0
304703,2026-06-03T18:00:00Z,2026-06-03,MAC00353,OP0002,OP0002,SITE0047,23.12131,72.60599,25.6,6.09,2.1,9339.0,110.81,105.63,43.0,101.3,39.8,82.2,102.3,24.69,167.9,0.662,1768,OK,75,0,0,,0
303806,2026-06-03T18:00:00Z,2026-06-03,MAC00105,OP0026,OP0026,SITE0148,13.00945,80.27345,15.9,7.16,2.05,5314.9,543.21,552.09,45.6,90.2,47.8,80.7,84.9,24.67,211.0,0.536,1848,OK,94,0,0,,0
303374,2026-06-03T18:00:00Z,2026-06-03,MAC00147,OP0024,OP0024,SITE0090,21.27675,81.61927,9.7,9.39,2.19,5477.2,850.6,921.45,65.7,92.8,50.9,76.9,92.5,24.74,184.3,0.401,1628,OK,65,0,0,,0
303458,2026-06-03T18:00:00Z,2026-06-03,MAC00387,OP0131,OP0131,SITE0095,13.09454,80.29214,8.3,7.09,2.12,7652.8,933.47,848.69,70.8,91.8,39.7,84.7,88.6,24.33,203.7,0.517,1717,OK,68,0,0,,0
300114,2026-06-03T18:00:00Z,2026-06-03,MAC00393,OP0023,OP0023,SITE0103,22.91417,72.63231,14.1,7.35,2.03,6709.4,486.92,490.06,68.8,90.9,41.6,79.4,90.8,24.13,196.4,0.65,1769,OK,98,0,0,,0
302288,2026-06-04T18:00:00Z,2026-06-04,MAC00245,OP0114,OP0114,SITE0129,21.18066,79.23474,17.2,8.03,0.42,3503.4,220.56,254.85,59.3,88.9,51.5,80.3,88.6,25.19,212.7,0.531,1810,OK,97,0,0,,0
298183,2026-06-04T18:00:00Z,2026-06-04,MAC00205,OP0111,OP0111,SITE0006,22.57125,88.31796,18.9,7.73,2.93,7844.1,136.93,131.16,47.1,93.6,35.4,77.9,93.0,24.65,202.6,0.751,1640,OK,96,0,0,,0
301961,2026-06-05T18:00:00Z,2026-06-05,MAC00042,OP0232,OP0232,SITE0100,34.05429,-118.21445,19.2,5.43,2.32,8115.8,700.91,651.79,31.1,91.3,46.6,81.0,86.9,23.7,178.3,0.429,1757,OK,94,0,0,,0
302114,2026-06-05T18:00:00Z,2026-06-05,MAC00007,OP0206,OP0206,SITE0143,22.83984,86.22443,5.1,6.77,2.83,15504.5,430.56,491.11,47.0,102.1,41.9,79.0,97.5,24.64,188.7,0.729,1767,OK,61,0,0,,0
305167,2026-06-05T18:00:00Z,2026-06-05,MAC00254,OP0165,OP0165,SITE0167,17.42776,78.60307,13.9,6.55,2.55,6220.8,345.7,423.38,81.0,94.5,45.0,78.1,93.2,24.7,188.3,0.434,1899,OK,71,0,0,,0
301505,2026-06-05T18:00:00Z,2026-06-05,MAC00412,OP0003,OP0003,SITE0020,20.27739,85.8337,21.9,5.66,1.72,5573.2,372.14,363.15,57.1,92.1,36.7,82.3,85.3,24.53,192.9,0.523,1685,OK,76,0,0,,0
302910,2026-06-05T18:00:00Z,2026-06-05,MAC00204,OP0016,OP0016,SITE0084,23.06914,72.56444,30.7,7.96,1.7,4790.1,180.94,166.27,71.1,89.5,36.4,79.8,91.7,24.19,204.5,0.491,1877,OK,71,0,0,,0
302587,2026-06-05T18:00:00Z,2026-06-05,MAC00176,OP0207,OP0207,SITE0059,12.98537,77.58168,8.5,7.35,1.54,5852.9,539.94,569.7,49.4,89.6,44.4,83.6,87.5,24.78,205.1,0.38,1797,OK,64,0,0,,0
301561,2026-06-05T18:00:00Z,2026-06-05,MAC00455,OP0148,OP0148,SITE0069,18.43584,73.74765,18.0,7.03,1.85,3066.3,480.34,452.2,62.2,84.8,42.7,75.5,87.1,24.79,228.2,0.317,1891,OK,99,0,0,,0
299185,2026-06-06T18:00:00Z,2026-06-06,MAC00341,OP0102,OP0102,SITE0028,22.67126,88.35182,8.6,2.4,0.81,10058.2,304.48,292.6,100.0,94.4,48.5,78.0,86.4,24.7,198.7,0.418,1790,OK,70,0,0,,0
297774,2026-06-06T18:00:00Z,2026-06-06,MAC00470,OP0195,OP0195,SITE0056,18.62534,73.81918,11.7,2.88,1.22,7237.1,178.28,177.56,75.9,92.6,36.2,78.4,87.6,24.61,181.1,0.421,1703,OK,68,0,0,,0
300382,2026-06-06T18:00:00Z,2026-06-06,MAC00492,OP0121,OP0121,SITE0083,22.574,88.37755,13.6,2.67,0.54,12478.9,234.34,279.66,46.5,97.1,42.3,78.6,97.4,24.76,216.3,0.74,1876,OK,69,0,0,,0
302947,2026-06-06T18:00:00Z,2026-06-06,MAC00329,OP0230,OP0230,SITE0165,18.53047,73.86584,9.1,4.32,0.7,5094.0,144.31,140.51,32.7,89.3,38.1,78.2,91.0,24.54,213.4,0.547,1797,OK,71,0,0,,0
302900,2026-06-06T18:00:00Z,2026-06-06,MAC00292,OP0248,OP0248,SITE0011,13.03967,80.24657,21.4,3.11,0.59,3024.0,269.6,298.19,34.7,87.1,47.1,82.7,79.6,24.1,239.4,0.307,1647,OK,94,0,0,,0
303367,2026-06-06T18:00:00Z,2026-06-06,MAC00488,OP0239,OP0239,SITE0015,18.44822,73.78219,14.5,3.61,1.17,11138.0,250.14,246.49,72.1,97.0,38.3,84.9,86.6,24.07,207.1,0.719,1918,OK,98,0,0,,0
303469,2026-06-07T18:00:00Z,2026-06-07,MAC00053,OP0243,OP0243,SITE0040,21.32676,81.66583,15.6,3.23,0.54,11204.2,465.01,396.92,92.5,99.2,39.4,80.9,89.9,24.7,221.8,0.777,1650,OK,76,0,0,,0
299492,2026-06-07T18:00:00Z,2026-06-07,MAC00189,OP0139,OP0139,SITE0159,-32.94438,151.85759,12.8,3.98,1.2,6483.3,371.21,394.33,38.0,94.6,40.2,76.5,91.2,24.21,201.6,0.476,1667,OK,79,0,0,,0
302221,2026-06-07T18:00:00Z,2026-06-07,MAC00109,OP0251,OP0251,SITE0028,22.66881,88.35123,18.4,3.7,0.81,9529.8,236.89,233.83,83.9,95.8,42.6,76.5,98.4,23.82,164.5,0.742,1841,OK,86,0,0,,0
302199,2026-06-07T18:00:00Z,2026-06-07,MAC00216,OP0091,OP0091,SITE0107,21.22355,81.59169,21.7,3.46,1.15,13396.0,271.7,242.56,52.8,99.2,38.5,81.8,97.5,23.67,197.3,0.809,1784,OK,69,0,0,,0
301225,2026-06-07T18:00:00Z,2026-06-07,MAC00465,OP0005,OP0005,SITE0031,32.85342,-96.89287,9.0,2.99,1.19,9883.0,62.5,66.89,37.4,91.1,30.8,83.1,96.8,24.06,171.7,0.66,1932,OK,85,0,0,,0
304825,2026-06-07T18:00:00Z,2026-06-07,MAC00207,OP0036,OP0036,SITE0172,40.75693,-111.91812,14.1,3.5,0.88,4337.9,71.86,72.76,43.4,92.6,44.5,79.1,80.3,24.53,183.6,0.34,1743,OK,90,0,0,,0
303772,2026-06-07T18:00:00Z,2026-06-07,MAC00362,OP0249,OP0249,SITE0051,22.79215,86.22866,16.7,3.05,0.87,10839.6,63.68,69.24,65.3,95.0,45.6,83.2,97.3,24.09,198.0,0.631,1861,OK,61,0,0,,0
303800,2026-06-08T18:00:00Z,2026-06-08,MAC00311,OP0118,OP0118,SITE0027,28.59532,77.22671,9.6,7.97,1.41,8756.5,233.59,274.04,35.8,96.4,44.0,82.0,96.5,24.39,222.4,0.755,1768,OK,88,0,0,,0
303789,2026-06-08T18:00:00Z,2026-06-08,MAC00540,OP0063,OP0063,SITE0030,12.97805,77.6369,14.9,0.81,7.34,8330.9,57.87,54.78,67.1,95.7,39.4,78.2,86.8,23.77,211.9,0.61,1734,OK,79,0,1,excess_idle,0
304765,2026-06-09T18:00:00Z,2026-06-09,MAC00078,OP0213,OP0213,SITE0127,61.17647,-149.94488,24.0,7.64,2.23,13354.5,523.13,535.0,86.7,98.5,36.9,76.2,93.4,24.33,171.4,0.808,1877,OK,71,0,0,,0
304925,2026-06-09T18:00:00Z,2026-06-09,MAC00532,,OP0139,SITE0133,-32.01479,115.89372,16.5,4.98,0.5,11831.0,365.16,342.85,65.3,93.8,37.3,81.2,95.2,22.6,193.0,0.627,1940,OK,76,0,1,unauthorized_use,0
302889,2026-06-09T18:00:00Z,2026-06-09,MAC00513,OP0250,OP0250,SITE0128,20.27342,85.85204,4.6,7.76,1.39,9248.3,488.65,519.15,70.2,94.8,40.4,82.5,87.9,24.75,192.9,0.586,1848,OK,86,0,0,,0
304383,2026-06-09T18:00:00Z,2026-06-09,MAC00522,OP0185,OP0185,SITE0023,21.19408,79.13024,18.1,6.17,2.4,3938.4,103.47,98.57,74.4,88.1,48.2,83.9,86.2,24.02,216.4,0.498,1873,OK,64,0,0,,0
302314,2026-06-09T18:00:00Z,2026-06-09,MAC00175,OP0244,OP0244,SITE0167,17.42224,78.60003,17.2,6.33,1.35,4259.5,463.46,483.76,90.4,90.2,46.5,82.8,92.9,24.35,200.9,0.343,1709,OK,77,0,0,,0
305401,2026-06-10T18:00:00Z,2026-06-10,MAC00407,OP0260,OP0260,SITE0119,-32.94448,151.77761,27.7,6.35,2.24,10818.3,351.49,432.76,50.7,96.1,38.5,83.8,97.9,24.13,188.3,0.683,1656,OK,68,0,0,,0
304199,2026-06-10T18:00:00Z,2026-06-10,MAC00099,OP0019,OP0019,SITE0118,20.28087,85.81963,6.6,6.17,1.38,11042.2,519.04,637.46,81.2,90.4,45.3,78.2,85.7,24.82,199.9,0.835,1908,OK,62,0,0,,0
303494,2026-06-11T18:00:00Z,2026-06-11,MAC00376,OP0063,OP0063,SITE0045,18.44784,73.88043,17.5,7.08,0.88,15135.3,139.89,133.06,34.6,96.6,35.5,87.2,105.0,24.1,202.8,0.971,1863,OK,98,0,0,,0
305969,2026-06-11T18:00:00Z,2026-06-11,MAC00313,OP0082,OP0082,SITE0067,44.91627,-93.26417,16.0,7.19,1.55,8898.7,139.92,159.01,9.9,97.6,47.6,86.7,94.5,24.68,202.5,0.596,1743,OK,71,0,0,,0
301159,2026-06-11T18:00:00Z,2026-06-11,MAC00544,OP0243,OP0243,SITE0089,12.96058,77.54676,18.0,5.19,1.1,9983.7,93.35,90.8,72.2,95.6,32.0,86.8,100.9,24.09,197.9,0.799,2049,OK,75,0,0,,0
305721,2026-06-11T18:00:00Z,2026-06-11,MAC00282,OP0016,OP0016,SITE0029,21.12458,79.14509,4.6,6.56,2.63,8512.9,827.37,790.29,29.8,94.1,47.4,82.5,88.3,24.09,202.8,0.624,1665,OK,94,0,0,,0
305161,2026-06-11T18:00:00Z,2026-06-11,MAC00287,OP0034,OP0034,SITE0133,-32.01106,115.89751,23.5,6.31,1.54,13553.3,462.14,442.77,45.9,98.1,39.3,86.0,94.2,23.65,192.7,0.797,1677,OK,99,0,0,,0
306485,2026-06-11T18:00:00Z,2026-06-11,MAC00482,OP0049,OP0049,SITE0073,61.28831,-149.84142,23.7,6.62,1.38,6276.1,423.22,404.77,100.0,96.0,42.3,78.6,85.2,24.52,214.9,0.531,1638,OK,94,0,0,,0
302605,2026-06-12T18:00:00Z,2026-06-12,MAC00404,OP0093,OP0093,SITE0010,21.13763,79.0382,14.5,9.4,1.24,8334.2,1127.4,1130.76,5.0,87.0,42.2,83.2,84.2,24.48,199.3,0.467,1759,OK,84,0,0,,0
304098,2026-06-12T18:00:00Z,2026-06-12,MAC00423,OP0263,OP0263,SITE0112,39.7104,-104.92672,13.3,5.81,2.7,10627.0,367.22,371.97,87.5,94.8,46.5,91.4,94.6,24.17,188.9,0.584,1829,OK,66,0,0,,0
303086,2026-06-12T18:00:00Z,2026-06-12,MAC00413,OP0228,OP0228,SITE0099,32.87713,-96.89327,11.7,6.93,1.07,5281.1,123.33,113.09,48.4,94.0,40.1,78.1,90.2,24.47,202.8,0.468,1853,OK,87,0,0,,0
302623,2026-06-12T18:00:00Z,2026-06-12,MAC00206,OP0225,OP0225,SITE0132,28.6831,77.2505,15.8,7.63,1.94,8924.2,134.32,131.47,67.1,97.5,35.3,83.5,97.5,24.66,201.0,0.661,1743,OK,94,0,0,,0
302653,2026-06-12T18:00:00Z,2026-06-12,MAC00523,,OP0115,SITE0010,21.14004,79.0385,7.3,4.72,0.59,6353.8,86.03,78.35,67.1,87.6,40.6,76.8,94.9,25.09,207.9,0.624,1632,OK,75,0,0,,0
306731,2026-06-12T18:00:00Z,2026-06-12,MAC00356,OP0093,OP0093,SITE0090,21.27175,81.61502,17.4,5.27,1.55,13393.4,672.69,659.2,72.9,97.8,44.1,84.3,95.6,23.82,194.6,0.626,1657,OK,66,0,0,,0
306987,2026-06-12T18:00:00Z,2026-06-12,MAC00389,OP0063,OP0063,SITE0128,20.27182,85.84976,3.6,8.16,2.72,7283.5,617.99,547.65,30.7,85.0,35.3,79.7,79.5,23.77,196.5,0.557,1816,OK,89,0,0,,0
306063,2026-06-13T18:00:00Z,2026-06-13,MAC00256,OP0220,OP0220,SITE0071,-20.7564,116.85537,17.9,3.19,0.13,15071.5,61.0,59.88,57.9,96.7,36.6,92.3,100.4,24.52,176.6,0.925,1853,OK,71,0,0,,0
301137,2026-06-13T18:00:00Z,2026-06-13,MAC00288,OP0191,OP0191,SITE0083,22.57461,88.37481,15.9,3.57,0.96,6770.1,428.5,424.67,60.6,88.0,40.7,70.3,91.2,24.23,201.7,0.524,1879,OK,97,0,0,,0
306757,2026-06-14T18:00:00Z,2026-06-14,MAC00096,OP0254,OP0254,SITE0099,32.87572,-96.89294,16.5,3.61,0.52,13427.0,277.67,252.84,28.1,102.5,36.6,80.0,94.0,23.51,192.4,0.693,1678,OK,68,0,0,,0
305182,2026-06-14T18:00:00Z,2026-06-14,MAC00243,OP0036,OP0036,SITE0139,47.62765,-122.30912,22.9,4.42,1.1,9080.4,323.52,295.41,26.4,96.2,44.0,86.4,92.7,23.41,208.3,0.521,1748,OK,73,0,0,,0
306791,2026-06-14T18:00:00Z,2026-06-14,MAC00120,OP0271,OP0271,SITE0139,47.62201,-122.31355,11.8,3.7,0.81,5038.1,63.48,60.19,17.1,97.9,45.7,85.2,97.4,24.61,202.3,0.518,1887,OK,86,0,0,,0
303905,2026-06-14T18:00:00Z,2026-06-14,MAC00154,OP0080,OP0080,SITE0120,39.71972,-105.0179,18.9,3.28,0.78,8733.1,58.64,56.36,59.0,97.6,39.0,88.6,91.4,24.28,181.6,0.765,1810,OK,86,0,0,,0
306991,2026-06-14T18:00:00Z,2026-06-14,MAC00325,OP0093,OP0093,SITE0104,22.57683,88.28292,23.9,3.07,1.3,9356.3,224.48,210.18,6.7,88.9,40.3,79.5,90.5,23.7,186.9,0.624,1576,OK,76,0,0,,0
300473,2026-06-14T18:00:00Z,2026-06-14,MAC00539,OP0093,OP0093,SITE0028,22.66977,88.35144,5.0,4.75,0.21,10929.3,170.61,168.31,46.3,97.2,45.6,89.4,100.3,24.06,195.6,0.919,1624,OK,84,0,0,,0
306995,2026-06-14T18:00:00Z,2026-06-14,MAC00399,OP0077,OP0077,SITE0173,23.03478,72.56788,0.0,3.81,0.87,8744.4,507.92,459.38,56.6,90.5,42.5,78.4,87.3,23.69,196.3,0.525,1846,OK,98,0,0,,0
306549,2026-06-15T18:00:00Z,2026-06-15,MAC00546,OP0132,OP0132,SITE0120,39.72632,-105.0178,14.0,7.87,0.45,5979.0,883.66,929.09,30.7,90.6,39.5,75.7,87.6,24.17,193.2,0.304,1864,OK,87,0,0,,0
304215,2026-06-15T18:00:00Z,2026-06-15,MAC00447,OP0206,OP0206,SITE0123,17.30769,78.46512,10.5,6.36,2.15,9935.2,419.95,403.74,55.5,96.4,35.4,84.1,89.9,24.07,195.7,0.507,1737,OK,94,0,0,,0
306565,2026-06-15T18:00:00Z,2026-06-15,MAC00146,OP0035,OP0035,SITE0131,40.72629,-111.87535,23.0,1.1,5.42,6805.7,17.46,18.29,52.8,91.9,44.6,80.7,90.7,23.82,207.8,0.662,1954,OK,81,0,1,excess_idle,0
304675,2026-06-15T18:00:00Z,2026-06-15,MAC00332,OP0148,OP0148,SITE0051,22.79538,86.22261,17.4,6.21,2.32,8107.1,483.91,491.18,61.2,95.0,45.7,78.8,88.8,24.75,203.4,0.53,1855,OK,96,0,0,,0
306131,2026-06-15T18:00:00Z,2026-06-15,MAC00291,OP0155,OP0155,SITE0126,32.87636,-96.815,16.6,7.43,0.17,3108.8,418.67,462.87,69.2,91.4,47.8,79.6,87.8,24.21,206.5,0.345,1835,OK,65,0,0,,0
305384,2026-06-15T18:00:00Z,2026-06-15,MAC00172,,OP0153,SITE0074,50.98914,6.97538,10.1,7.09,1.77,8386.6,113.93,121.27,33.3,95.7,36.7,83.7,90.7,24.08,195.0,0.666,1776,OK,90,0,0,,0
306776,2026-06-15T18:00:00Z,2026-06-15,MAC00381,OP0120,OP0120,SITE0025,47.58467,-122.29323,6.2,7.39,1.5,6374.0,486.68,575.56,80.1,82.0,40.0,85.3,88.9,24.26,213.4,0.474,1617,OK,67,0,0,,0
306728,2026-06-16T18:00:00Z,2026-06-16,MAC00550,OP0002,OP0002,SITE0143,22.84089,86.2258,15.3,6.6,1.56,6091.0,140.45,140.53,42.9,93.6,47.0,78.7,93.5,24.15,189.9,0.571,1788,OK,93,0,0,,0
306985,2026-06-16T18:00:00Z,2026-06-16,MAC00195,OP0141,OP0141,SITE0040,21.33286,81.66433,9.2,5.37,1.16,9597.0,361.75,340.04,79.2,94.7,47.2,79.6,93.3,24.69,222.5,0.559,1695,OK,64,0,0,,0
307219,2026-06-16T18:00:00Z,2026-06-16,MAC00301,OP0041,OP0041,SITE0074,50.98839,6.97628,21.7,4.98,2.36,8656.8,141.57,109.66,66.5,92.4,41.1,86.9,94.7,24.26,190.2,0.605,1932,OK,75,0,0,,0
307444,2026-06-16T18:00:00Z,2026-06-16,MAC00377,OP0190,OP0190,SITE0039,39.70564,-105.02658,18.6,6.91,1.19,5660.8,125.92,113.37,47.9,88.8,37.3,83.3,89.0,24.33,194.6,0.482,1951,OK,78,0,0,,0
306691,2026-06-16T18:00:00Z,2026-06-16,MAC00437,,OP0243,SITE0090,21.27229,81.6195,10.5,3.48,0.5,6354.7,204.82,225.61,42.9,87.4,41.7,82.8,82.1,23.81,215.2,0.342,1759,OK,97,0,1,unauthorized_use,0
302175,2026-06-16T18:00:00Z,2026-06-16,MAC00037,OP0278,OP0278,SITE0130,-34.99212,138.60236,11.0,6.0,2.62,11215.6,355.55,386.01,67.5,98.0,38.6,80.9,93.0,23.93,205.6,0.574,1821,OK,90,0,0,,0
305047,2026-06-16T18:00:00Z,2026-06-16,MAC00225,OP0005,OP0005,SITE0140,41.83084,-87.61474,18.4,7.74,1.37,3300.6,555.93,483.68,61.8,88.9,44.3,79.9,88.6,24.45,222.2,0.438,1602,OK,73,0,0,,0
306123,2026-06-16T18:00:00Z,2026-06-16,MAC00168,OP0113,OP0113,SITE0003,39.82393,-104.94413,13.2,5.7,1.89,4923.5,394.16,362.98,41.4,89.2,47.9,77.6,96.8,24.84,176.5,0.446,1940,OK,97,0,0,,0
301043,2026-06-17T18:00:00Z,2026-06-17,MAC00045,OP0104,OP0104,SITE0028,22.67255,88.35641,20.5,6.96,1.13,4124.8,783.81,674.15,38.3,87.6,47.9,81.6,85.8,24.34,212.9,0.224,1890,OK,96,0,0,,0
305084,2026-06-17T18:00:00Z,2026-06-17,MAC00360,OP0005,OP0005,SITE0120,39.72295,-105.01915,14.6,5.42,1.77,4339.9,316.48,324.21,65.3,92.9,46.3,77.7,93.1,24.52,198.2,0.402,1826,OK,81,0,0,,0
307567,2026-06-17T18:00:00Z,2026-06-17,MAC00160,OP0268,OP0268,SITE0051,22.79281,86.22493,11.7,5.83,1.95,10784.8,413.72,472.13,74.7,92.5,35.0,77.6,95.4,23.9,201.1,0.503,2157,OK,74,0,0,,0
308385,2026-06-17T18:00:00Z,2026-06-17,MAC00296,OP0199,OP0199,SITE0176,53.04287,8.80571,11.9,8.98,1.85,21360.4,304.78,231.24,53.6,104.2,31.5,91.0,109.3,23.16,185.3,1.191,1894,OK,76,0,0,,0
302936,2026-06-17T18:00:00Z,2026-06-17,MAC00263,OP0011,OP0011,SITE0128,20.27373,85.85369,10.1,8.45,1.88,12363.2,574.06,595.57,53.7,92.4,45.0,86.4,97.6,24.13,194.0,0.733,1731,OK,69,0,0,,0
307898,2026-06-17T18:00:00Z,2026-06-17,MAC00443,OP0148,OP0148,SITE0169,18.54378,73.82279,18.6,5.35,2.14,12329.2,104.6,123.6,62.6,94.4,32.2,83.6,95.4,24.4,179.5,0.863,1856,OK,78,0,0,,0
304946,2026-06-18T18:00:00Z,2026-06-18,MAC00495,OP0147,OP0147,SITE0055,21.09019,79.13354,16.9,8.03,1.53,10348.6,454.69,544.22,76.7,94.2,38.5,82.2,96.3,24.19,205.8,0.572,1924,OK,86,0,0,,0
303749,2026-06-18T18:00:00Z,2026-06-18,MAC00062,OP0206,OP0206,SITE0123,17.30533,78.46728,14.7,4.7,1.14,4798.5,260.27,282.86,93.8,89.7,43.6,76.5,85.4,23.88,233.3,0.559,1808,OK,71,0,0,,0
308578,2026-06-18T18:00:00Z,2026-06-18,MAC00177,OP0171,OP0171,SITE0013,40.40114,-79.95656,11.4,7.24,1.67,4642.1,155.97,151.08,47.6,90.7,40.5,83.4,91.8,24.63,195.0,0.48,1860,OK,74,0,0,,0
307863,2026-06-18T18:00:00Z,2026-06-18,MAC00323,OP0193,OP0193,SITE0056,18.62662,73.82521,11.5,7.18,1.24,7166.7,399.67,469.46,29.2,91.8,46.7,81.3,85.7,24.23,198.0,0.521,1791,OK,62,0,0,,0
306700,2026-06-18T18:00:00Z,2026-06-18,MAC00215,OP0248,OP0248,SITE0134,18.9691,72.75563,0.0,7.88,1.57,10640.2,567.38,535.63,57.9,94.3,39.2,80.0,89.8,23.83,194.8,0.556,1830,OK,87,0,0,,0
306577,2026-06-18T18:00:00Z,2026-06-18,MAC00077,OP0130,OP0130,SITE0170,29.82222,-95.37239,20.3,8.59,2.13,14754.4,129.51,160.5,14.9,100.5,28.7,87.0,103.4,23.52,186.0,0.837,1745,OK,72,0,0,,0
306425,2026-06-18T18:00:00Z,2026-06-18,MAC00411,OP0241,OP0241,SITE0146,21.24274,81.67774,20.9,5.69,0.38,9857.4,103.5,127.38,38.5,99.3,43.2,79.1,99.5,24.36,209.8,0.808,1880,OK,98,0,0,,0
305964,2026-06-18T18:00:00Z,2026-06-18,MAC00188,OP0155,OP0155,SITE0151,33.67031,-84.37269,26.1,7.33,1.29,3796.8,473.14,435.89,19.9,92.5,50.1,81.8,93.8,24.88,202.5,0.445,1840,OK,76,0,0,,0
299078,2026-06-19T18:00:00Z,2026-06-19,MAC00521,OP0177,OP0177,SITE0075,51.5357,7.42415,19.4,6.34,2.4,4443.4,98.46,102.09,57.2,94.5,44.8,80.7,91.0,24.52,204.6,0.515,1917,OK,93,0,0,,0
306905,2026-06-19T18:00:00Z,2026-06-19,MAC00152,OP0277,OP0277,SITE0124,51.42379,6.93431,19.2,0.7,7.61,8761.8,9.83,12.07,59.2,98.7,44.8,77.1,87.7,24.5,184.1,0.615,1822,OK,89,0,1,excess_idle,0
308656,2026-06-19T18:00:00Z,2026-06-19,MAC00148,OP0103,OP0103,SITE0179,51.28939,6.79303,21.7,7.85,0.6,8982.6,247.2,270.9,72.2,94.0,42.7,84.9,93.8,24.37,190.5,0.626,1632,OK,83,0,0,,0
307670,2026-06-19T18:00:00Z,2026-06-19,MAC00023,OP0013,OP0013,SITE0034,40.67784,-111.8869,14.5,6.13,0.39,15266.7,507.69,515.17,40.9,94.7,43.9,80.5,89.1,23.63,190.7,0.737,1667,OK,84,0,0,,0
307844,2026-06-19T18:00:00Z,2026-06-19,MAC00276,OP0029,OP0029,SITE0164,52.56883,13.44184,17.7,1.12,5.76,5454.4,15.57,18.3,12.2,86.9,39.4,82.6,89.1,24.42,185.3,0.563,1930,OK,65,0,1,excess_idle,0
306741,2026-06-19T18:00:00Z,2026-06-19,MAC00070,OP0203,OP0203,SITE0062,33.68627,-84.46821,19.8,8.78,1.38,8447.4,490.15,582.24,67.6,96.0,45.6,81.4,94.9,24.68,189.9,0.633,1787,OK,82,0,0,,0
303341,2026-06-19T18:00:00Z,2026-06-19,MAC00269,OP0028,OP0028,SITE0064,50.87333,6.8924,15.9,7.38,0.15,12395.9,117.89,133.59,58.1,100.8,38.7,88.7,96.0,23.47,194.2,0.746,1851,OK,99,0,0,,0
308300,2026-06-20T18:00:00Z,2026-06-20,MAC00122,OP0271,OP0271,SITE0057,33.68086,-84.39341,3.9,3.5,0.62,9208.4,264.55,220.97,74.4,94.1,45.7,80.8,89.5,23.87,195.1,0.503,1685,OK,71,0,0,,0
308469,2026-06-20T18:00:00Z,2026-06-20,MAC00549,OP0255,OP0255,SITE0083,22.57354,88.37427,15.9,4.22,0.69,2715.2,505.61,402.73,68.1,87.6,51.4,82.5,85.7,23.91,220.9,0.469,1829,OK,82,0,0,,0
308201,2026-06-20T18:00:00Z,2026-06-20,MAC00018,OP0025,OP0025,SITE0171,18.51,73.8509,9.4,3.67,0.83,7028.0,84.29,79.16,99.8,90.8,42.3,77.1,90.8,24.49,189.1,0.546,1836,OK,93,0,0,,0
306186,2026-06-20T18:00:00Z,2026-06-20,MAC00507,OP0271,OP0271,SITE0066,41.89812,-87.65516,16.4,3.62,0.68,7307.5,88.48,78.36,39.1,96.5,39.0,82.7,93.9,24.94,223.8,0.654,1716,OK,90,0,0,,0
306681,2026-06-20T18:00:00Z,2026-06-20,MAC00124,OP0164,OP0164,SITE0133,-32.0104,115.89317,15.5,2.7,0.8,11065.9,195.7,173.55,45.5,97.1,44.6,83.3,91.1,24.78,185.5,0.816,1861,OK,64,0,0,,0
307802,2026-06-20T18:00:00Z,2026-06-20,MAC00191,OP0213,OP0213,SITE0066,41.89811,-87.65878,20.6,3.62,0.87,8738.9,342.42,288.16,79.1,96.7,40.2,86.3,91.4,24.12,194.0,0.471,1859,OK,70,0,0,,0
306382,2026-06-20T18:00:00Z,2026-06-20,MAC00504,OP0206,OP0206,SITE0143,22.83899,86.22352,8.6,3.51,0.72,9613.4,397.63,358.27,99.2,93.7,41.3,81.8,93.1,24.12,188.7,0.631,1512,OK,84,0,0,,0
304982,2026-06-20T18:00:00Z,2026-06-20,MAC00004,OP0248,OP0248,SITE0004,18.99716,72.86963,15.5,3.09,1.66,8062.9,72.23,67.6,90.8,91.7,36.8,86.5,94.6,24.99,195.5,0.578,1895,OK,95,0,0,,0
307332,2026-06-20T18:00:00Z,2026-06-20,MAC00089,OP0095,OP0095,SITE0019,-20.24621,118.61768,17.5,4.81,0.23,6258.4,525.47,569.57,81.3,91.9,37.6,80.8,89.6,24.91,199.1,0.413,1707,OK,94,0,0,,0
307069,2026-06-20T18:00:00Z,2026-06-20,MAC00193,OP0159,OP0159,SITE0050,29.80709,-95.33059,18.0,3.17,0.83,10438.9,669.5,202.54,65.5,92.3,43.3,79.0,87.2,24.36,192.5,0.587,1983,OK,73,0,1,fuel_anomaly,0
309035,2026-06-21T18:00:00Z,2026-06-21,MAC00218,,OP0024,SITE0072,21.11829,79.04746,3.5,8.44,0.5,9770.4,204.07,188.64,66.8,98.5,36.7,86.8,93.7,23.85,208.7,0.687,1877,OK,66,0,1,unauthorized_use,0
303728,2026-06-21T18:00:00Z,2026-06-21,MAC00171,OP0118,OP0118,SITE0090,21.2751,81.62097,0.0,3.65,0.9,7570.4,201.33,239.72,41.5,95.8,38.8,82.7,88.8,24.11,221.9,0.493,1615,OK,78,0,0,,0
309336,2026-06-21T18:00:00Z,2026-06-21,MAC00511,OP0279,OP0279,SITE0140,41.83156,-87.61177,15.0,2.88,0.84,6768.5,58.56,48.15,62.5,95.2,29.6,88.6,91.1,23.97,205.5,0.638,1694,OK,96,0,0,,0
309240,2026-06-21T18:00:00Z,2026-06-21,MAC00419,OP0174,OP0174,SITE0036,22.81041,86.16799,22.4,3.78,0.41,11972.3,271.46,265.71,77.1,,,,,24.1,,0.569,1808,OFFLINE,79,0,1,sensor_failure,0
307044,2026-06-21T18:00:00Z,2026-06-21,MAC00255,OP0273,OP0273,SITE0115,41.87431,-87.65339,12.1,4.35,0.79,8892.5,482.32,440.5,72.5,97.0,49.9,81.5,97.6,24.51,193.6,0.604,1685,OK,74,0,0,,0
309026,2026-06-22T18:00:00Z,2026-06-22,MAC00379,OP0028,OP0028,SITE0064,50.87111,6.89132,18.8,7.15,1.07,9091.3,121.84,123.51,45.6,95.5,45.2,84.9,90.5,24.14,203.2,0.664,1965,OK,83,0,0,,0
308761,2026-06-22T18:00:00Z,2026-06-22,MAC00065,OP0200,OP0200,SITE0135,28.60039,77.23982,15.9,7.56,2.48,6224.0,535.09,489.14,17.6,91.6,44.5,80.0,87.8,24.51,197.1,0.525,1560,OK,80,0,0,,0
308443,2026-06-22T18:00:00Z,2026-06-22,MAC00196,OP0265,OP0265,SITE0176,53.03754,8.81228,17.7,1.88,6.0,10084.3,34.65,32.86,42.4,96.0,48.3,80.2,98.3,24.55,188.0,0.757,1772,OK,99,0,1,excess_idle,0
304442,2026-06-22T18:00:00Z,2026-06-22,MAC00083,OP0176,OP0176,SITE0013,40.40441,-79.9585,19.8,4.96,4.1,10436.2,100.34,111.93,73.9,94.6,37.4,76.8,93.5,24.32,181.0,0.779,1893,OK,61,0,0,,0
304508,2026-06-22T18:00:00Z,2026-06-22,MAC00335,OP0070,OP0070,SITE0064,50.87366,6.89056,11.9,5.76,1.97,7807.6,271.89,357.9,90.3,90.4,45.8,84.7,91.8,24.14,191.8,0.526,1863,OK,82,0,0,,0
301537,2026-06-22T18:00:00Z,2026-06-22,MAC00249,OP0255,OP0255,SITE0114,23.03493,72.55979,28.9,7.04,0.97,7302.3,587.53,702.76,27.5,90.9,42.2,80.2,92.9,24.71,189.0,0.56,1840,OK,73,0,0,,0
307663,2026-06-22T18:00:00Z,2026-06-22,MAC00397,OP0130,OP0130,SITE0034,40.68512,-111.88505,5.8,8.21,0.77,8178.9,720.96,649.62,23.7,94.0,46.4,82.1,94.4,24.18,206.2,0.596,1806,OK,79,0,0,,0
307213,2026-06-22T18:00:00Z,2026-06-22,MAC00114,OP0012,OP0012,SITE0078,51.3555,12.38483,17.6,7.44,2.12,7491.0,561.8,460.42,66.2,91.6,37.2,77.6,79.6,24.77,221.5,0.639,1715,OK,62,0,0,,0
308653,2026-06-23T18:00:00Z,2026-06-23,MAC00310,OP0280,OP0280,SITE0137,51.46271,7.00927,10.5,6.93,1.76,7503.0,434.55,466.08,76.2,95.9,43.4,85.3,88.0,23.38,213.8,0.542,1944,OK,98,0,0,,0
309671,2026-06-23T18:00:00Z,2026-06-23,MAC00506,OP0018,OP0018,SITE0120,39.71756,-105.01732,10.7,5.88,1.93,5786.3,344.56,357.44,19.9,91.0,45.0,80.1,87.4,24.15,213.9,0.465,1820,OK,86,0,0,,0
300752,2026-06-23T18:00:00Z,2026-06-23,MAC00118,OP0251,OP0251,SITE0082,21.15397,79.12179,18.1,6.38,1.13,5633.2,132.11,134.9,26.7,96.3,37.4,83.3,88.7,24.89,186.3,0.405,2022,OK,88,0,0,,0
309518,2026-06-23T18:00:00Z,2026-06-23,MAC00184,OP0132,OP0132,SITE0041,32.7399,-96.79109,19.4,6.19,1.51,4647.5,79.92,100.06,85.6,90.6,40.2,84.7,91.0,24.43,200.9,0.365,2060,OK,67,0,0,,0
308841,2026-06-23T18:00:00Z,2026-06-23,MAC00022,OP0004,OP0004,SITE0139,47.62364,-122.30925,12.6,8.7,1.34,6985.7,562.39,567.83,57.5,91.9,49.1,82.7,85.3,24.26,212.4,0.617,1508,OK,82,0,0,,0
308878,2026-06-23T18:00:00Z,2026-06-23,MAC00068,OP0058,OP0058,SITE0106,34.00446,-118.2514,14.6,5.4,1.71,9600.2,352.0,342.07,54.4,94.3,47.2,81.1,85.2,24.27,203.0,0.638,1977,OK,64,0,0,,0
309032,2026-06-23T18:00:00Z,2026-06-23,MAC00234,OP0163,OP0163,SITE0096,-33.00736,151.7184,15.8,9.92,0.51,8527.1,400.95,339.9,44.2,92.1,41.2,86.4,97.2,24.54,204.6,0.712,1819,OK,63,0,0,,0
306805,2026-06-23T18:00:00Z,2026-06-23,MAC00305,OP0004,OP0004,SITE0043,47.56796,-122.37133,13.5,6.94,2.17,11513.9,126.43,124.09,47.3,98.1,37.2,85.3,100.7,23.81,204.0,0.757,1805,OK,91,0,0,,0
307984,2026-06-23T18:00:00Z,2026-06-23,MAC00145,OP0213,OP0213,SITE0079,61.2021,-149.91789,26.3,8.94,0.85,10274.8,607.86,617.47,64.4,100.4,45.3,84.5,97.8,23.74,172.4,0.561,1790,OK,96,0,0,,0
306114,2026-06-23T18:00:00Z,2026-06-23,MAC00281,OP0068,OP0068,SITE0165,18.5332,73.86891,13.4,5.44,1.45,14202.4,101.42,100.91,65.0,97.6,37.2,88.0,103.1,23.2,195.5,0.824,1611,OK,67,0,0,,0
308520,2026-06-23T18:00:00Z,2026-06-23,MAC00244,OP0195,OP0195,SITE0171,18.50798,73.85266,7.8,6.36,1.55,5464.7,186.88,208.18,95.3,89.1,37.2,80.3,93.6,24.3,188.1,0.791,1796,OK,78,0,0,,0
308586,2026-06-24T18:00:00Z,2026-06-24,MAC00085,OP0132,OP0132,SITE0079,61.20008,-149.9219,3.5,6.15,1.48,15625.7,262.66,232.4,54.9,100.6,32.3,80.7,104.6,23.19,206.6,0.948,1892,OK,72,0,0,,0
309856,2026-06-24T18:00:00Z,2026-06-24,MAC00156,OP0027,OP0027,SITE0062,33.69068,-84.46626,21.1,8.86,0.97,6072.0,248.35,292.76,41.4,93.9,49.0,86.9,98.2,24.52,190.3,0.611,1718,OK,88,0,0,,0
305349,2026-06-24T18:00:00Z,2026-06-24,MAC00074,OP0020,OP0020,SITE0085,51.53272,7.44465,11.3,4.89,2.41,10570.7,125.47,110.44,31.5,97.4,37.3,86.4,98.8,24.26,193.0,0.621,1561,OK,92,0,0,,0
309880,2026-06-24T18:00:00Z,2026-06-24,MAC00097,OP0231,OP0231,SITE0149,-27.51002,152.99957,1.8,7.2,1.66,5172.9,148.77,151.2,82.3,87.5,41.2,79.8,97.2,23.93,177.2,0.464,1698,OK,71,0,0,,0
307908,2026-06-24T18:00:00Z,2026-06-24,MAC00309,OP0002,OP0002,SITE0123,17.30481,78.46414,5.1,7.56,0.6,13678.1,200.67,177.59,74.8,98.5,32.3,89.7,94.1,23.81,176.1,0.895,2019,OK,98,0,0,,0
307579,2026-06-24T18:00:00Z,2026-06-24,MAC00453,OP0184,OP0184,SITE0132,28.68214,77.25265,18.8,1.97,6.03,5814.4,651.12,232.52,46.2,86.9,47.2,82.0,88.2,23.89,198.7,0.378,1851,OK,95,0,1,excess_idle,0
309213,2026-06-24T18:00:00Z,2026-06-24,MAC00424,OP0116,OP0116,SITE0001,-30.72695,121.48351,19.2,6.03,1.9,11476.4,236.88,215.44,30.1,99.4,41.9,87.9,88.2,24.46,166.5,0.831,1643,OK,74,0,0,,0
304308,2026-06-24T18:00:00Z,2026-06-24,MAC00432,OP0265,OP0265,SITE0018,48.09029,11.58698,15.6,4.61,3.16,5671.0,144.92,151.42,58.3,90.9,42.5,82.1,95.6,25.17,211.0,0.794,1753,OK,75,0,0,,0
303409,2026-06-24T18:00:00Z,2026-06-24,MAC00541,OP0207,OP0207,SITE0010,21.13896,79.03811,9.5,7.18,2.02,4288.9,138.26,149.1,55.1,87.9,44.9,86.5,92.5,24.08,216.2,0.441,1665,OK,77,0,0,,0
307959,2026-06-24T18:00:00Z,2026-06-24,MAC00064,OP0154,OP0154,SITE0115,41.87521,-87.65235,21.8,6.78,2.23,6631.9,400.18,416.15,63.2,92.4,43.8,82.2,94.2,25.16,227.4,0.576,1574,OK,94,0,0,,0
304084,2026-06-24T18:00:00Z,2026-06-24,MAC00236,OP0243,OP0243,SITE0083,22.57453,88.37108,10.8,7.27,1.62,4800.9,818.5,850.91,93.8,92.8,48.5,77.7,86.3,25.21,193.8,0.411,1751,OK,72,0,0,,0
309843,2026-06-24T18:00:00Z,2026-06-24,MAC00180,OP0057,OP0057,SITE0139,47.62479,-122.30702,13.5,6.85,2.95,8611.3,731.3,692.09,59.6,92.1,49.8,81.7,97.0,23.77,200.9,0.647,1758,OK,94,0,0,,0
307141,2026-06-25T18:00:00Z,2026-06-25,MAC00139,OP0049,OP0049,SITE0041,32.73797,-96.79066,6.8,5.87,2.36,3197.7,158.81,185.61,44.1,92.4,46.0,82.0,89.8,24.22,220.2,0.598,1883,OK,74,0,0,,0
309175,2026-06-25T18:00:00Z,2026-06-25,MAC00350,OP0073,OP0073,SITE0065,51.50727,7.44367,12.6,5.53,2.6,3899.9,185.19,176.56,70.6,89.7,46.5,80.3,90.2,23.62,190.8,0.39,1660,OK,69,0,0,,0
309312,2026-06-25T18:00:00Z,2026-06-25,MAC00466,OP0252,OP0252,SITE0079,61.20203,-149.92387,23.6,7.03,0.9,8587.9,587.93,558.29,68.2,96.3,43.9,83.4,88.6,23.9,209.3,0.444,1827,OK,83,0,0,,0
309445,2026-06-25T18:00:00Z,2026-06-25,MAC00270,OP0075,OP0075,SITE0144,19.0701,72.90859,13.8,6.01,2.18,7079.5,660.21,715.73,87.1,90.0,44.1,78.7,79.3,23.78,186.2,0.497,1579,OK,70,0,0,,0
309918,2026-06-25T18:00:00Z,2026-06-25,MAC00104,OP0237,OP0237,SITE0057,33.683,-84.39564,14.2,7.82,1.16,12885.4,228.68,284.99,50.7,97.6,34.1,88.5,100.1,23.61,203.8,0.825,1781,OK,96,0,0,,0
308573,2026-06-25T18:00:00Z,2026-06-25,MAC00190,OP0049,OP0049,SITE0025,47.57676,-122.29668,13.4,6.23,0.72,4952.1,322.77,375.14,32.0,87.4,49.2,80.6,89.4,24.29,202.6,0.405,1719,OK,97,0,0,,0
308646,2026-06-25T18:00:00Z,2026-06-25,MAC00349,OP0167,OP0167,SITE0180,51.55595,7.46221,22.5,5.91,2.43,6772.2,413.39,394.24,50.5,90.0,36.3,79.5,87.5,24.74,205.4,0.54,1889,OK,84,0,0,,0
308226,2026-06-25T18:00:00Z,2026-06-25,MAC00093,OP0185,OP0185,SITE0047,23.12803,72.60332,14.1,9.22,1.73,6951.3,154.78,154.29,39.0,87.9,49.2,81.7,91.7,24.41,218.0,0.7,1918,OK,75,0,0,,0
308236,2026-06-25T18:00:00Z,2026-06-25,MAC00201,OP0178,OP0178,SITE0172,40.75793,-111.91438,0.0,7.88,1.76,7702.9,522.1,518.0,67.9,94.8,47.2,77.4,88.7,23.91,207.7,0.656,1596,OK,90,0,0,,0
309794,2026-06-25T18:00:00Z,2026-06-25,MAC00150,OP0220,OP0220,SITE0005,-28.062,153.42122,15.6,7.77,0.79,18188.4,995.17,1006.39,39.3,101.4,37.7,86.4,94.7,24.23,209.4,0.718,1902,OK,95,0,0,,0
309729,2026-06-25T18:00:00Z,2026-06-25,MAC00136,OP0201,OP0201,SITE0031,32.85017,-96.8946,18.0,5.82,2.2,4561.4,651.38,679.58,55.9,94.0,46.0,82.3,90.6,25.12,222.1,0.382,1971,OK,98,0,0,,0
309325,2026-06-25T18:00:00Z,2026-06-25,MAC00384,OP0113,OP0113,SITE0170,29.82353,-95.37359,23.3,7.96,2.86,7994.0,130.65,135.28,61.8,94.1,46.7,88.3,98.3,24.12,201.0,0.624,1688,OK,63,0,0,,0
307393,2026-06-25T18:00:00Z,2026-06-25,MAC00167,OP0026,OP0026,SITE0171,18.51075,73.85027,13.5,8.91,1.5,2980.7,150.91,140.21,36.3,98.8,45.7,76.0,89.5,24.17,213.7,0.32,1748,OK,81,0,0,,0
308925,2026-06-25T18:00:00Z,2026-06-25,MAC00490,OP0155,OP0155,SITE0025,47.57831,-122.29321,11.7,5.74,2.91,3027.9,177.7,180.88,40.1,85.9,44.3,82.8,84.4,23.74,204.9,0.344,1750,OK,67,0,0,,0
309775,2026-06-25T18:00:00Z,2026-06-25,MAC00088,OP0139,OP0139,SITE0149,-27.50529,152.99947,3.1,6.67,1.11,13981.3,551.74,706.83,65.9,92.1,46.6,85.0,100.6,24.42,192.4,0.575,1722,OK,90,0,0,,0
306510,2026-06-25T18:00:00Z,2026-06-25,MAC00219,OP0246,OP0246,SITE0142,47.56226,-122.21431,13.1,7.18,1.96,9103.2,535.79,572.36,30.8,93.7,41.9,81.4,91.9,24.25,194.2,0.534,1719,OK,91,0,0,,0
310111,2026-06-26T18:00:00Z,2026-06-26,MAC00415,OP0223,OP0223,SITE0124,51.42377,6.93225,20.0,7.96,0.52,4633.4,819.07,929.58,34.8,94.4,47.9,82.6,88.7,24.88,177.6,0.526,1676,OK,97,0,0,,0
309854,2026-06-26T18:00:00Z,2026-06-26,MAC00469,OP0056,OP0056,SITE0158,32.82894,-96.77393,16.7,7.42,1.22,14519.0,171.08,176.14,74.2,98.8,34.6,93.0,95.5,23.65,175.5,0.967,1677,OK,89,0,0,,0
309395,2026-06-26T18:00:00Z,2026-06-26,MAC00460,OP0221,OP0221,SITE0008,53.06086,8.78747,16.1,7.22,1.07,16427.7,856.03,923.46,12.2,95.1,41.4,86.5,97.3,24.19,184.0,0.732,1920,OK,90,0,0,,0
309406,2026-06-26T18:00:00Z,2026-06-26,MAC00253,OP0177,OP0177,SITE0065,51.50272,7.44723,19.5,7.25,2.12,3805.4,857.36,841.96,26.0,90.4,48.7,75.4,88.7,24.58,228.0,0.472,1712,OK,67,0,0,,0
309949,2026-06-26T18:00:00Z,2026-06-26,MAC00228,OP0097,OP0097,SITE0168,52.39549,9.76452,18.6,8.9,0.97,9742.5,620.73,598.69,71.0,94.9,41.0,82.6,96.0,24.1,202.6,0.676,1754,OK,82,0,0,,0
309413,2026-06-26T18:00:00Z,2026-06-26,MAC00473,OP0062,OP0062,SITE0149,-27.50396,153.0041,19.0,6.97,1.21,9553.2,476.4,478.12,49.2,98.2,46.2,82.7,95.4,24.59,184.5,0.491,1786,OK,95,0,0,,0
307188,2026-06-26T18:00:00Z,2026-06-26,MAC00125,,OP0094,SITE0049,51.4857,7.44046,25.2,7.52,1.65,11118.8,541.08,513.89,90.4,94.1,35.4,84.4,95.2,24.6,188.0,0.692,1688,OK,72,0,0,,0
305763,2026-06-26T18:00:00Z,2026-06-26,MAC00043,OP0046,OP0046,SITE0057,33.68362,-84.39963,17.0,7.23,1.42,5427.5,401.67,463.1,55.2,96.0,44.6,78.7,85.0,23.52,201.6,0.517,1655,OK,70,0,0,,0
308813,2026-06-26T18:00:00Z,2026-06-26,MAC00454,OP0075,OP0075,SITE0004,18.99571,72.87034,16.1,1.32,8.96,10914.6,47.44,46.95,57.9,106.7,43.1,82.9,94.9,23.85,200.9,0.855,1755,OK,62,0,1,excess_idle,0
307489,2026-06-26T18:00:00Z,2026-06-26,MAC00295,OP0215,OP0215,SITE0147,51.55715,7.45788,17.1,7.33,0.76,8227.8,125.54,160.58,67.9,96.1,38.1,85.6,89.8,24.37,202.8,0.519,1725,OK,77,0,0,,0
307653,2026-06-26T18:00:00Z,2026-06-26,MAC00084,OP0072,OP0072,SITE0145,41.88094,-87.63044,18.2,4.22,1.59,8721.1,136.55,144.85,35.6,92.9,41.4,87.8,101.5,24.27,206.7,0.669,1586,OK,69,0,0,,0
307742,2026-06-26T18:00:00Z,2026-06-26,MAC00033,OP0242,OP0242,SITE0176,53.04247,8.80667,15.2,5.46,2.27,3942.3,641.5,634.7,48.7,91.6,45.6,78.0,89.7,24.13,184.1,0.449,1800,OK,60,0,0,,0
308853,2026-06-26T18:00:00Z,2026-06-26,MAC00346,OP0005,OP0005,SITE0017,40.39043,-79.92311,17.9,7.12,3.25,4993.0,658.53,694.75,65.3,88.5,45.0,85.5,90.8,24.93,201.0,0.403,1815,OK,81,0,0,,0
305033,2026-06-26T18:00:00Z,2026-06-26,MAC00365,OP0075,OP0075,SITE0077,21.0916,79.00715,14.7,6.69,1.84,5401.1,744.23,786.28,82.7,91.8,45.2,75.1,89.9,24.62,215.7,0.489,1867,OK,98,0,0,,0
309221,2026-06-26T18:00:00Z,2026-06-26,MAC00135,OP0217,OP0217,SITE0019,-20.24427,118.61231,31.6,5.71,1.09,4812.2,660.86,667.98,40.9,94.4,45.5,79.6,81.8,24.45,211.6,0.348,1766,OK,73,0,0,,0
306889,2026-06-26T18:00:00Z,2026-06-26,MAC00336,OP0189,OP0189,SITE0008,53.0563,8.78916,7.7,6.89,1.51,9167.2,894.05,834.8,56.1,91.0,38.1,78.7,92.4,24.05,190.6,0.487,1831,OK,87,0,0,,0
308086,2026-06-26T18:00:00Z,2026-06-26,MAC00066,OP0129,OP0129,SITE0012,53.10895,8.84251,13.6,7.81,1.34,5342.6,496.04,513.67,59.4,94.5,43.5,83.3,89.9,24.83,203.1,0.485,1763,OK,78,0,0,,0
308481,2026-06-26T18:00:00Z,2026-06-26,MAC00361,OP0071,OP0071,SITE0029,21.12622,79.15033,16.0,8.03,1.35,8005.5,450.7,500.25,51.0,91.3,46.5,83.8,94.3,24.66,216.3,0.61,1827,OK,93,0,0,,0
308771,2026-06-27T18:00:00Z,2026-06-27,MAC00217,OP0195,OP0195,SITE0114,23.03278,72.56235,15.8,3.19,0.07,5904.2,169.66,194.28,81.2,92.8,45.6,83.5,88.9,24.44,200.0,0.713,1765,OK,61,0,0,,0
309745,2026-06-27T18:00:00Z,2026-06-27,MAC00016,OP0265,OP0265,SITE0138,50.99645,6.93961,20.9,3.81,0.67,8999.6,283.82,254.02,41.8,94.9,37.9,80.2,99.7,24.29,196.6,0.639,1834,OK,94,0,0,,0
307379,2026-06-27T18:00:00Z,2026-06-27,MAC00231,OP0108,OP0108,SITE0081,28.5989,77.25109,24.1,3.87,0.08,5437.3,101.39,126.55,89.8,93.3,39.6,84.7,91.1,24.72,199.4,0.643,1754,OK,88,0,0,,0
309751,2026-06-27T18:00:00Z,2026-06-27,MAC00259,OP0188,OP0188,SITE0174,50.9251,6.98608,21.1,4.44,0.27,5473.4,265.6,292.72,39.8,91.0,43.0,80.2,88.7,24.13,196.0,0.51,1755,OK,88,0,0,,0
307925,2026-06-27T18:00:00Z,2026-06-27,MAC00227,OP0173,OP0173,SITE0131,40.7254,-111.8704,13.3,4.01,0.66,9740.6,297.31,269.94,57.7,92.0,39.2,85.6,92.9,23.42,210.4,0.6,1954,OK,67,0,0,,0
303283,2026-06-27T18:00:00Z,2026-06-27,MAC00548,OP0129,OP0129,SITE0180,51.55701,7.45938,13.6,4.29,0.81,7751.0,325.26,338.01,88.2,92.6,47.0,79.0,92.3,24.84,193.6,0.473,2171,OK,97,0,0,,0
310009,2026-06-27T18:00:00Z,2026-06-27,MAC00417,OP0022,OP0022,SITE0058,17.37218,78.52255,18.2,3.93,0.8,12971.7,235.3,273.79,17.1,97.1,44.5,79.8,97.1,24.11,209.9,0.703,1804,OK,86,0,0,,0
310129,2026-06-27T18:00:00Z,2026-06-27,MAC00445,OP0248,OP0248,SITE0040,21.32622,81.66646,21.9,4.12,0.38,7855.7,232.3,256.34,49.4,96.5,37.8,81.3,92.1,23.83,197.6,0.484,1746,OK,60,0,0,,0
309790,2026-06-27T18:00:00Z,2026-06-27,MAC00203,OP0214,OP0214,SITE0026,-37.77334,144.94705,11.7,3.26,1.07,8596.7,231.98,221.46,91.4,94.7,38.8,80.3,93.5,24.62,206.5,0.563,1702,OK,63,0,0,,0
310232,2026-06-27T18:00:00Z,2026-06-27,MAC00434,OP0227,OP0227,SITE0102,-37.86547,144.96897,6.2,2.94,1.46,7641.4,231.92,231.85,66.7,92.6,44.3,73.7,84.1,25.19,207.4,0.512,1809,OK,90,0,0,,0
309515,2026-06-27T18:00:00Z,2026-06-27,MAC00436,OP0246,OP0246,SITE0054,44.88806,-93.24494,16.1,3.8,1.16,7505.2,66.81,64.14,49.8,93.3,42.7,79.3,85.0,24.03,190.3,0.588,1659,OK,81,0,0,,0
305884,2026-06-27T18:00:00Z,2026-06-27,MAC00030,OP0073,OP0073,SITE0168,52.39667,9.7634,2.8,3.83,0.76,7230.1,222.14,257.2,25.8,88.7,42.5,79.1,92.5,24.34,200.4,0.584,1654,OK,68,0,0,,0
309066,2026-06-27T18:00:00Z,2026-06-27,MAC00080,OP0068,OP0068,SITE0175,21.25506,81.60136,19.5,3.91,0.58,5941.4,500.95,461.32,49.1,89.2,49.1,83.8,92.5,24.49,200.4,0.432,1607,OK,90,0,0,,0
307126,2026-06-27T18:00:00Z,2026-06-27,MAC00017,OP0172,OP0172,SITE0057,33.68195,-84.39924,14.6,5.37,0.14,17250.5,199.08,207.53,73.8,106.1,27.3,86.6,100.4,23.32,168.9,1.033,1921,OK,68,0,0,,0
309558,2026-06-27T18:00:00Z,2026-06-27,MAC00115,OP0183,OP0183,SITE0065,51.50032,7.44587,16.2,3.43,1.37,6349.3,338.36,405.72,75.6,89.3,41.9,73.1,92.7,24.19,211.0,0.293,1830,OK,69,0,0,,0
306370,2026-06-27T18:00:00Z,2026-06-27,MAC00459,OP0244,OP0244,SITE0117,21.24208,81.66539,11.5,3.47,0.29,2831.5,390.26,331.97,67.4,88.1,50.7,81.0,87.3,24.49,211.8,0.39,1906,OK,65,0,0,,0
306251,2026-06-27T18:00:00Z,2026-06-27,MAC00271,OP0203,OP0203,SITE0067,44.91361,-93.27061,27.5,2.34,0.59,4515.9,83.81,75.62,66.7,89.1,46.6,81.0,93.7,25.03,193.0,0.509,1728,OK,80,0,0,,0
309430,2026-06-27T18:00:00Z,2026-06-27,MAC00525,OP0115,OP0115,SITE0032,18.51834,73.84814,17.4,3.75,0.73,8444.8,82.43,82.32,74.1,91.3,46.6,87.3,89.6,24.28,193.2,0.629,1773,OK,66,0,0,,0
308974,2026-06-27T18:00:00Z,2026-06-27,MAC00403,,OP0254,SITE0099,32.88071,-96.89494,5.3,4.78,0.5,3438.1,76.75,75.74,73.1,93.3,45.8,82.0,90.0,24.51,209.8,0.449,1894,OK,74,0,1,unauthorized_use,0
309902,2026-06-28T18:00:00Z,2026-06-28,MAC00210,OP0056,OP0056,SITE0099,32.87334,-96.89798,12.9,2.33,1.83,7354.3,163.25,152.95,59.5,94.4,40.1,85.4,87.6,24.67,200.9,0.541,1667,OK,96,0,0,,0
308532,2026-06-28T18:00:00Z,2026-06-28,MAC00235,OP0184,OP0184,SITE0157,20.33933,85.81763,17.0,2.59,0.8,4136.8,38.99,41.46,66.5,91.6,43.1,78.9,84.3,24.3,182.5,0.643,1892,OK,66,0,0,,0
309334,2026-06-28T18:00:00Z,2026-06-28,MAC00394,,OP0275,SITE0035,47.57482,-122.36979,12.8,3.18,0.56,7319.6,47.32,53.58,72.7,92.9,34.5,83.5,88.2,24.14,205.4,0.661,1899,OK,91,0,0,,0
309876,2026-06-28T18:00:00Z,2026-06-28,MAC00499,OP0045,OP0045,SITE0176,53.03795,8.80482,14.6,4.23,0.25,7512.1,271.77,277.39,34.8,98.6,44.1,78.1,91.5,24.1,208.5,0.469,1670,OK,61,0,0,,0
310033,2026-06-28T18:00:00Z,2026-06-28,MAC00463,OP0021,OP0021,SITE0120,39.72578,-105.01649,10.4,3.22,0.76,3532.5,777.12,310.14,51.4,93.7,47.8,77.4,92.3,25.23,205.6,0.38,1775,OK,68,0,1,fuel_anomaly,0
307838,2026-06-28T18:00:00Z,2026-06-28,MAC00449,OP0223,OP0223,SITE0141,48.8817,9.2437,15.1,2.85,1.45,6349.6,65.14,60.83,5.0,87.6,39.1,85.7,86.8,25.45,200.4,0.647,1958,OK,78,0,0,,0
308145,2026-06-28T18:00:00Z,2026-06-28,MAC00331,OP0085,OP0085,SITE0133,-32.00977,115.89263,7.5,2.38,0.94,5578.1,231.3,233.82,50.8,86.5,46.7,74.4,83.9,24.16,202.2,0.467,1844,OK,80,0,0,,0
305815,2026-06-28T18:00:00Z,2026-06-28,MAC00366,OP0263,OP0263,SITE0099,32.87582,-96.89922,12.8,2.95,1.01,13770.7,230.13,195.08,42.9,94.8,39.1,83.4,91.3,24.19,203.1,0.738,2029,OK,91,0,0,,0
310288,2026-06-28T18:00:00Z,2026-06-28,MAC00401,OP0229,OP0229,SITE0140,41.83049,-87.61302,14.3,3.79,0.21,5429.2,430.4,371.54,55.4,87.4,49.9,80.5,83.5,24.63,190.7,0.511,1784,OK,95,0,0,,0
306847,2026-06-28T18:00:00Z,2026-06-28,MAC00052,OP0097,OP0097,SITE0111,48.16836,11.50629,12.9,4.2,1.27,4330.7,235.75,251.63,67.3,93.6,46.9,86.5,76.7,24.38,216.3,0.414,1545,OK,78,0,0,,0
307013,2026-06-28T18:00:00Z,2026-06-28,MAC00027,OP0203,OP0203,SITE0125,41.89149,-87.63545,14.7,2.85,0.71,15257.3,495.16,203.87,20.0,100.5,47.7,89.1,99.9,23.54,175.1,0.847,1843,OK,81,0,1,fuel_anomaly,0
309082,2026-06-28T18:00:00Z,2026-06-28,MAC00035,,OP0046,SITE0170,29.82322,-95.37185,16.2,2.82,1.78,7914.3,274.42,282.74,71.7,92.8,41.8,81.5,93.4,23.89,218.4,0.447,1754,OK,62,0,0,,0
308782,2026-06-28T18:00:00Z,2026-06-28,MAC00398,OP0074,OP0074,SITE0081,28.59674,77.25205,18.7,4.39,0.53,4464.6,92.98,91.37,84.6,96.7,40.2,83.8,92.4,24.1,207.6,0.453,1898,OK,98,0,0,,0
309057,2026-06-28T18:00:00Z,2026-06-28,MAC00484,,OP0141,SITE0052,17.43285,78.46062,18.6,0.0,0.0,6417.4,0.0,0.0,57.2,94.0,46.1,82.5,92.8,24.34,182.9,0.641,1873,OK,76,1,1,unaccounted_asset,0
309669,2026-06-28T18:00:00Z,2026-06-28,MAC00187,OP0137,OP0137,SITE0016,40.717,-111.89168,11.7,3.21,1.09,9542.2,306.72,327.07,38.9,87.5,48.7,84.4,92.6,24.23,183.7,0.67,1805,OK,96,0,0,,0
308196,2026-06-28T18:00:00Z,2026-06-28,MAC00151,OP0249,OP0249,SITE0058,17.37187,78.51956,5.2,4.17,0.73,15165.4,387.37,446.55,38.1,95.6,32.1,82.7,100.8,24.0,189.7,0.694,1835,OK,67,0,0,,0
310240,2026-06-28T18:00:00Z,2026-06-28,MAC00334,OP0009,OP0009,SITE0096,-33.00916,151.71877,22.2,3.57,0.21,7443.9,281.26,280.95,79.0,95.0,47.3,81.4,84.2,25.12,225.2,0.57,1531,OK,60,0,0,,0
309124,2026-06-28T18:00:00Z,2026-06-28,MAC00274,OP0126,OP0126,SITE0034,40.68127,-111.88595,18.4,3.0,0.68,6513.6,93.79,99.67,20.6,100.0,37.6,83.2,86.8,24.1,218.7,0.638,1800,OK,92,0,0,,0
308917,2026-06-28T18:00:00Z,2026-06-28,MAC00003,OP0240,OP0240,SITE0050,29.80747,-95.33203,11.9,3.33,0.65,12244.1,113.78,120.13,100.0,102.9,30.1,83.9,101.0,24.17,197.5,0.847,1700,OK,79,0,0,,0
308671,2026-06-28T18:00:00Z,2026-06-28,MAC00170,OP0264,OP0264,SITE0078,51.36049,12.38199,15.5,3.18,0.46,8247.2,218.45,251.46,70.0,93.5,41.9,77.6,85.6,24.25,210.1,0.407,1769,OK,76,0,0,,0
309782,2026-06-28T18:00:00Z,2026-06-28,MAC00199,OP0031,OP0031,SITE0005,-28.06709,153.421,13.1,3.45,0.47,3988.4,351.4,333.55,56.9,86.7,46.1,79.9,86.3,24.87,196.1,0.374,1835,OK,90,0,0,,0
308728,2026-06-28T18:00:00Z,2026-06-28,MAC00542,OP0146,OP0146,SITE0108,-20.35559,118.57952,18.9,2.46,0.9,5474.3,234.48,240.99,46.1,90.1,39.6,78.1,84.5,24.65,213.2,0.559,1812,OK,76,0,0,,0
309595,2026-06-28T18:00:00Z,2026-06-28,MAC00457,OP0014,OP0014,SITE0091,-20.71924,116.88484,5.2,4.2,1.16,15486.1,285.44,305.05,50.0,103.2,39.4,86.2,92.2,23.74,184.0,0.771,1837,OK,75,0,0,,0
310204,2026-06-29T18:00:00Z,2026-06-29,MAC00063,OP0169,OP0169,SITE0009,51.41834,12.41573,7.8,9.28,0.48,5531.2,1137.41,911.15,82.4,92.1,41.2,77.1,83.9,24.38,181.2,0.392,1804,OK,94,0,0,,0
308110,2026-06-29T18:00:00Z,2026-06-29,MAC00428,OP0043,OP0043,SITE0111,48.16809,11.50268,13.0,7.03,1.73,4583.4,896.65,821.45,51.0,89.9,49.4,74.5,88.5,24.7,225.0,0.271,1682,OK,78,0,0,,0
310195,2026-06-29T18:00:00Z,2026-06-29,MAC00358,OP0058,OP0058,SITE0116,45.0181,-93.28464,4.8,6.55,0.33,9809.1,122.65,114.23,64.1,97.5,34.4,87.2,93.4,23.78,201.0,0.783,1752,OK,74,0,0,,0
308125,2026-06-29T18:00:00Z,2026-06-29,MAC00162,OP0276,OP0276,SITE0147,51.55763,7.45561,22.2,6.78,1.14,11507.5,107.62,121.15,37.1,95.8,39.3,80.6,100.3,24.1,168.6,0.916,1859,OK,75,0,0,,0
310127,2026-06-29T18:00:00Z,2026-06-29,MAC00185,OP0023,OP0023,SITE0032,18.51881,73.84691,25.4,7.98,1.32,7086.8,797.63,795.16,54.5,87.0,44.9,82.2,95.1,24.66,188.2,0.42,1897,OK,88,0,0,,0
310223,2026-06-29T18:00:00Z,2026-06-29,MAC00425,OP0197,OP0197,SITE0074,50.98648,6.97749,12.5,6.23,0.68,9904.5,425.67,429.16,51.6,92.1,41.4,76.0,84.6,24.01,181.9,0.411,1982,OK,95,0,0,,0
308279,2026-06-29T18:00:00Z,2026-06-29,MAC00519,OP0086,OP0086,SITE0041,32.74037,-96.79298,9.9,5.13,1.55,5558.2,490.1,503.39,50.7,88.8,38.8,86.7,91.3,23.93,190.6,0.484,1678,OK,87,0,0,,0
305009,2026-06-29T18:00:00Z,2026-06-29,MAC00073,OP0002,OP0002,SITE0157,20.33774,85.82028,12.7,6.34,1.84,7286.0,583.38,497.68,37.3,87.4,45.0,86.4,97.3,24.38,209.0,0.534,1889,OK,72,0,0,,0
307313,2026-06-29T18:00:00Z,2026-06-29,MAC00059,OP0095,OP0095,SITE0068,-33.92547,151.23495,10.0,4.82,2.89,5002.9,307.61,307.03,45.2,90.7,42.9,81.9,85.9,24.5,230.7,0.415,1826,OK,82,0,0,,0
309739,2026-06-29T18:00:00Z,2026-06-29,MAC00237,OP0081,OP0081,SITE0078,51.36024,12.37991,13.7,6.28,3.03,5142.0,394.35,400.88,51.5,97.0,42.6,84.9,84.6,23.93,208.5,0.474,1897,OK,67,0,0,,0
309577,2026-06-29T18:00:00Z,2026-06-29,MAC00497,OP0187,OP0187,SITE0007,-12.38129,130.85162,11.8,6.29,1.73,9452.5,645.03,640.54,72.7,87.3,44.1,76.7,90.1,23.85,196.4,0.501,1653,OK,83,0,0,,0
304900,2026-06-29T18:00:00Z,2026-06-29,MAC00014,OP0103,OP0103,SITE0008,53.0617,8.79027,10.1,4.53,1.51,5108.8,332.04,297.49,38.7,83.7,43.7,84.7,95.7,24.5,216.4,0.51,1807,OK,90,0,0,,0
309014,2026-06-29T18:00:00Z,2026-06-29,MAC00058,OP0216,OP0216,SITE0018,48.09065,11.59427,26.1,6.9,1.9,6091.2,572.17,535.92,71.4,91.7,42.8,81.3,90.7,24.39,202.9,0.471,1953,OK,68,0,0,,0
307172,2026-06-29T18:00:00Z,2026-06-29,MAC00061,OP0219,OP0219,SITE0073,61.28871,-149.84251,6.7,6.04,2.6,9770.5,514.87,484.4,11.2,90.0,35.7,77.4,90.0,23.97,202.7,0.57,1722,OK,69,0,0,,0
307109,2026-06-29T18:00:00Z,2026-06-29,MAC00347,OP0035,OP0035,SITE0142,47.5629,-122.21409,18.2,6.53,2.08,10435.9,427.71,451.78,69.7,92.6,44.8,84.5,94.6,24.44,209.1,0.51,1632,OK,93,0,0,,0
309527,2026-06-29T18:00:00Z,2026-06-29,MAC00240,OP0142,OP0142,SITE0174,50.92439,6.98605,14.8,2.23,7.7,5252.9,155.98,142.5,78.6,90.6,46.1,78.0,86.2,23.91,179.7,0.441,1836,OK,74,0,1,excess_idle,0
304554,2026-06-29T18:00:00Z,2026-06-29,MAC00179,OP0048,OP0048,SITE0168,52.39548,9.76154,11.1,6.01,3.27,3562.0,565.67,191.06,47.5,92.6,48.0,83.6,92.8,24.76,214.1,0.44,1866,OK,92,0,1,fuel_anomaly,0
308865,2026-06-29T18:00:00Z,2026-06-29,MAC00448,OP0120,OP0120,SITE0050,29.81049,-95.33157,16.6,7.95,2.71,4607.5,771.03,773.23,86.6,90.6,52.2,78.0,85.3,24.34,189.1,0.45,1798,OK,60,0,0,,0
310380,2026-06-29T18:00:00Z,2026-06-29,MAC00369,OP0073,OP0073,SITE0085,51.53668,7.43769,22.1,6.71,2.71,7188.6,140.81,144.89,65.5,87.5,45.3,84.8,89.9,23.87,182.1,0.564,1758,OK,94,0,0,,0
308513,2026-06-29T18:00:00Z,2026-06-29,MAC00456,OP0193,OP0193,SITE0123,17.30808,78.46467,15.6,6.95,1.74,6184.6,241.29,230.1,38.8,98.1,44.4,83.4,86.0,24.24,215.4,0.53,2036,OK,89,0,0,,0
308550,2026-06-29T18:00:00Z,2026-06-29,MAC00211,OP0258,OP0258,SITE0151,33.6677,-84.37151,20.9,7.35,2.09,9383.4,704.96,748.1,72.9,89.4,50.3,82.2,94.9,24.7,189.3,0.498,1678,OK,75,0,0,,0
307859,2026-06-29T18:00:00Z,2026-06-29,MAC00414,OP0011,OP0011,SITE0037,23.08704,72.54132,19.9,7.09,1.71,7574.9,1501.93,465.35,74.0,90.3,35.6,84.9,86.6,24.43,191.7,0.465,1841,OK,82,0,1,fuel_anomaly,0
310378,2026-06-29T18:00:00Z,2026-06-29,MAC00262,,OP0043,SITE0018,48.08814,11.59362,14.9,8.16,1.43,5042.8,451.22,492.09,34.7,92.5,43.7,85.4,93.5,24.69,199.4,0.41,1777,OK,74,0,0,,0
310376,2026-06-29T18:00:00Z,2026-06-29,MAC00111,OP0221,OP0221,SITE0085,51.53728,7.44032,6.2,6.12,1.08,6665.5,430.06,375.94,50.6,90.3,43.4,81.9,91.0,24.95,215.0,0.481,1857,OK,78,0,0,,0
310000,2026-06-29T18:00:00Z,2026-06-29,MAC00132,OP0220,OP0220,SITE0019,-20.24455,118.61527,7.6,8.36,1.8,10120.1,671.51,672.49,55.4,91.4,47.0,86.7,87.6,24.53,218.2,0.588,1861,OK,90,0,0,,0
309994,2026-06-29T18:00:00Z,2026-06-29,MAC00316,OP0260,OP0260,SITE0019,-20.24648,118.61621,1.9,6.35,1.96,3547.2,346.68,410.34,71.8,85.5,40.9,78.6,81.9,24.04,210.4,0.473,1839,OK,68,0,0,,0
309981,2026-06-29T18:00:00Z,2026-06-29,MAC00178,OP0128,OP0128,SITE0108,-20.35468,118.57825,21.2,6.69,2.51,4931.2,367.6,403.0,33.0,87.0,46.3,83.6,99.0,24.73,192.0,0.514,1915,OK,60,0,0,,0
309833,2026-06-29T18:00:00Z,2026-06-29,MAC00371,OP0235,OP0235,SITE0063,18.50155,73.79555,20.7,7.35,0.64,5458.9,772.35,864.03,45.6,90.6,54.2,84.8,89.7,25.01,226.1,0.437,1973,OK,71,0,0,,0
309850,2026-06-29T18:00:00Z,2026-06-29,MAC00537,OP0082,OP0082,SITE0093,33.74515,-84.42944,19.5,6.0,2.16,7473.4,313.01,371.62,45.0,86.9,42.3,82.0,87.7,24.61,195.4,0.554,1839,OK,77,0,0,,0
310469,2026-06-30T18:00:00Z,2026-06-30,MAC00380,OP0065,OP0065,SITE0176,53.04094,8.80412,13.5,5.95,1.42,5278.8,644.04,582.5,35.3,90.5,36.4,78.9,83.9,23.87,198.3,0.575,1791,OK,85,0,0,,0
310434,2026-06-30T18:00:00Z,2026-06-30,MAC00306,OP0030,OP0030,SITE0075,51.53137,7.42558,15.8,6.45,2.15,7357.3,670.59,643.49,45.5,96.1,49.7,83.3,93.7,24.51,216.4,0.335,1648,OK,65,0,0,,0
310368,2026-06-30T18:00:00Z,2026-06-30,MAC00441,OP0263,OP0263,SITE0151,33.66664,-84.37303,9.6,6.67,2.34,4564.5,442.7,422.99,54.0,91.3,42.3,85.5,84.8,24.27,198.3,0.474,1747,OK,77,0,0,,0
310468,2026-06-30T18:00:00Z,2026-06-30,MAC00299,OP0117,OP0117,SITE0115,41.87687,-87.65023,7.7,6.79,2.26,11116.0,100.03,120.68,66.6,93.7,32.1,85.8,94.5,23.41,208.2,0.78,1840,OK,72,0,0,,0
310467,2026-06-30T18:00:00Z,2026-06-30,MAC00044,OP0279,OP0279,SITE0048,40.50048,-80.00129,20.9,8.18,1.53,6298.5,1029.0,967.98,37.6,92.5,42.5,80.4,82.4,24.52,202.1,0.418,1639,OK,70,0,0,,0
310414,2026-06-30T18:00:00Z,2026-06-30,MAC00133,OP0006,OP0006,SITE0115,41.87603,-87.64814,19.4,6.81,1.83,9425.9,528.39,466.9,90.9,93.5,39.4,81.8,90.3,24.28,182.4,0.586,1714,OK,97,0,0,,0
310430,2026-06-30T18:00:00Z,2026-06-30,MAC00112,OP0169,OP0169,SITE0038,51.29911,6.77189,13.5,9.05,1.26,3975.4,600.34,570.04,43.1,88.4,37.9,79.1,91.6,24.24,202.1,0.431,1895,OK,97,0,0,,0
310406,2026-06-30T18:00:00Z,2026-06-30,MAC00128,,OP0182,SITE0041,32.73466,-96.79003,19.5,7.25,1.48,11585.8,497.35,498.0,48.9,91.6,40.9,82.7,97.3,24.3,179.1,0.752,1800,OK,91,0,0,,0
310465,2026-06-30T18:00:00Z,2026-06-30,MAC00090,OP0049,OP0049,SITE0021,61.19129,-149.95245,0.0,5.39,0.98,4800.6,371.3,352.92,57.6,90.3,47.2,77.1,94.0,24.22,188.4,0.375,1890,OK,92,0,0,,0
310464,2026-06-30T18:00:00Z,2026-06-30,MAC00386,OP0046,OP0046,SITE0120,39.72229,-105.01362,14.3,6.79,1.2,13745.0,444.45,484.97,5.0,97.0,44.5,90.7,85.3,24.39,199.2,0.748,1821,OK,89,0,0,,0
310394,2026-06-30T18:00:00Z,2026-06-30,MAC00359,OP0123,OP0123,SITE0098,20.27879,85.71326,15.5,6.7,0.51,14869.0,411.64,447.23,74.7,97.6,37.5,84.6,92.6,23.75,185.8,0.705,1806,OK,88,0,0,,0
310416,2026-06-30T18:00:00Z,2026-06-30,MAC00483,OP0049,OP0049,SITE0136,61.2365,-149.80567,15.0,6.31,2.09,11321.4,490.77,440.22,61.0,93.1,47.5,75.2,85.6,23.53,177.5,0.653,1785,OK,86,0,0,,0
310316,2026-06-30T18:00:00Z,2026-06-30,MAC00091,OP0103,OP0103,SITE0038,51.30326,6.77128,11.5,7.04,1.2,8565.9,247.92,241.43,28.1,98.2,39.2,82.2,88.8,23.92,191.1,0.701,1917,OK,95,0,0,,0
310371,2026-06-30T18:00:00Z,2026-06-30,MAC00117,OP0008,OP0008,SITE0034,40.68191,-111.88619,14.0,5.36,1.8,10952.6,487.69,552.76,59.9,94.3,42.7,81.2,94.8,24.1,206.3,0.598,1636,OK,80,0,0,,0
310463,2026-06-30T18:00:00Z,2026-06-30,MAC00261,OP0006,OP0006,SITE0003,39.82521,-104.93818,5.2,8.9,1.92,8908.6,585.19,559.17,62.6,86.8,38.3,80.0,90.5,24.1,193.7,0.637,1810,OK,81,0,0,,0
310466,2026-06-30T18:00:00Z,2026-06-30,MAC00223,OP0161,OP0161,SITE0140,41.83079,-87.60994,17.8,8.3,1.93,3072.0,707.38,627.32,20.3,86.4,47.5,79.8,90.1,24.27,207.7,0.445,1843,OK,73,0,0,,0
310392,2026-06-30T18:00:00Z,2026-06-30,MAC00304,OP0073,OP0073,SITE0137,51.45872,7.00835,19.4,6.14,1.53,8828.3,668.98,741.61,94.5,96.0,40.6,82.7,91.8,24.53,199.6,0.596,1803,OK,83,0,0,,0
310426,2026-06-30T18:00:00Z,2026-06-30,MAC00106,OP0240,OP0240,SITE0046,29.77406,-95.38584,17.2,5.27,2.56,3045.0,85.79,83.12,51.0,92.4,44.0,77.8,94.8,24.73,183.6,0.334,1907,OK,92,0,0,,0
310470,2026-06-30T18:00:00Z,2026-06-30,MAC00076,OP0124,OP0124,SITE0168,52.39905,9.7656,17.7,8.66,1.25,11316.1,558.02,558.29,41.2,97.7,37.1,82.4,97.8,24.21,204.1,0.726,1782,OK,79,0,0,,0
310479,2026-06-30T18:00:00Z,2026-06-30,MAC00326,OP0180,OP0180,SITE0133,-32.01144,115.89685,15.5,5.04,1.68,6534.1,284.0,309.12,68.0,81.0,42.6,79.0,89.6,24.89,228.4,0.505,1831,OK,86,0,0,,0
310308,2026-06-30T18:00:00Z,2026-06-30,MAC00395,OP0017,OP0017,SITE0166,50.05322,8.71538,17.2,8.03,1.02,7702.6,586.36,541.24,52.7,90.4,38.9,81.7,87.7,24.16,190.8,0.524,1710,OK,68,0,0,,0
310362,2026-06-30T18:00:00Z,2026-06-30,MAC00116,OP0051,OP0051,SITE0053,18.50139,73.87887,13.1,6.92,1.13,8716.9,441.27,549.82,34.5,90.9,45.7,81.6,85.9,24.16,202.8,0.493,1722,OK,60,0,0,,0
310432,2026-06-30T18:00:00Z,2026-06-30,MAC00138,OP0012,OP0012,SITE0147,51.55808,7.45535,13.4,6.49,1.96,15193.5,606.39,695.65,31.6,97.3,41.1,81.5,98.7,24.05,183.1,0.862,1899,OK,68,0,0,,0
310478,2026-06-30T18:00:00Z,2026-06-30,MAC00173,OP0042,OP0042,SITE0130,-34.98818,138.60476,15.4,5.72,1.31,7160.8,314.33,353.15,81.8,96.3,47.6,78.7,85.4,24.11,197.9,0.485,1965,OK,82,0,0,,0
310477,2026-06-30T18:00:00Z,2026-06-30,MAC00320,OP0039,OP0039,SITE0088,-27.99544,153.33776,14.7,7.71,2.35,3563.9,739.84,742.76,95.5,90.0,49.9,78.8,82.0,24.07,216.0,0.352,1778,OK,99,0,0,,0
310348,2026-06-30T18:00:00Z,2026-06-30,MAC00367,OP0212,OP0212,SITE0101,-20.7746,116.87737,16.2,6.65,1.33,5987.7,234.88,219.34,42.3,93.5,40.7,85.6,93.0,24.35,186.8,0.669,1671,OK,61,0,0,,0
310476,2026-06-30T18:00:00Z,2026-06-30,MAC00258,OP0079,OP0079,SITE0113,-20.7195,116.86548,16.4,7.39,2.51,6993.5,783.25,735.54,52.0,94.1,42.8,84.1,90.8,24.89,200.0,0.471,1800,OK,67,0,0,,0
310462,2026-06-30T18:00:00Z,2026-06-30,MAC00427,OP0086,OP0086,SITE0131,40.7288,-111.87076,14.6,9.31,0.89,8521.4,601.6,618.18,40.2,99.9,40.2,79.3,88.3,24.4,216.5,0.551,1934,OK,63,0,0,,0
310412,2026-06-30T18:00:00Z,2026-06-30,MAC00319,OP0279,OP0279,SITE0043,47.57028,-122.3703,13.4,5.21,1.25,5152.3,309.49,314.79,70.5,90.4,40.9,82.4,92.5,24.57,201.3,0.464,1708,OK,83,0,0,,0
310475,2026-06-30T18:00:00Z,2026-06-30,MAC00489,OP0153,OP0153,SITE0176,53.04079,8.80414,17.0,7.05,2.04,7975.9,843.98,845.21,43.7,94.2,40.8,77.2,89.5,24.47,185.6,0.273,1776,OK,65,0,0,,0
310408,2026-06-30T18:00:00Z,2026-06-30,MAC00439,OP0202,OP0202,SITE0067,44.91785,-93.26442,12.9,6.86,2.45,8170.7,715.13,689.99,76.9,95.4,48.2,78.0,93.8,24.7,200.1,0.476,1904,OK,60,0,0,,0
310474,2026-06-30T18:00:00Z,2026-06-30,MAC00048,OP0223,OP0223,SITE0124,51.42426,6.93503,27.2,6.18,0.89,3559.9,812.56,716.2,44.3,90.8,50.1,77.5,86.1,24.16,208.2,0.396,1697,OK,64,0,0,,0
310473,2026-06-30T18:00:00Z,2026-06-30,MAC00266,OP0041,OP0041,SITE0176,53.04544,8.80944,9.5,8.29,1.05,15226.9,270.39,311.62,49.2,101.2,32.8,90.4,108.5,24.02,201.4,0.949,1748,OK,71,0,0,,0
310359,2026-06-30T18:00:00Z,2026-06-30,MAC00339,OP0158,OP0158,SITE0103,22.91516,72.62618,9.2,5.94,3.06,5953.7,531.13,585.64,30.1,92.8,46.6,76.5,92.0,23.66,195.7,0.563,1821,OK,66,0,0,,0
310472,2026-06-30T18:00:00Z,2026-06-30,MAC00534,OP0029,OP0029,SITE0138,50.99663,6.94323,19.3,6.72,1.96,7996.5,142.62,146.79,25.3,94.1,38.0,86.3,93.3,23.71,195.5,0.541,1692,OK,79,0,0,,0
310365,2026-06-30T18:00:00Z,2026-06-30,MAC00338,OP0018,OP0018,SITE0025,47.57828,-122.29066,12.4,7.08,0.14,8131.0,375.46,468.27,30.8,86.7,41.1,79.8,88.3,24.26,190.1,0.533,1829,OK,60,0,0,,0
310471,2026-06-30T18:00:00Z,2026-06-30,MAC00164,OP0097,OP0097,SITE0018,48.08721,11.59014,11.8,8.19,2.56,4000.7,508.1,488.36,73.7,88.4,43.2,75.9,83.0,24.95,198.1,0.365,1969,OK,84,0,0,,0
310340,2026-06-30T18:00:00Z,2026-06-30,MAC00103,OP0139,OP0139,SITE0108,-20.35429,118.58156,13.9,10.04,1.21,3447.1,1089.48,965.94,73.3,96.1,51.7,80.7,93.1,24.26,214.8,0.476,1847,OK,72,0,0,,0
310312,2026-06-30T18:00:00Z,2026-06-30,MAC00212,OP0183,OP0183,SITE0137,51.45975,7.00506,14.9,6.99,0.76,12683.5,243.19,253.93,10.8,105.9,35.8,75.7,89.3,23.69,188.3,0.767,1798,OK,89,0,0,,0
310460,2026-06-30T18:00:00Z,2026-06-30,MAC00431,OP0203,OP0203,SITE0145,41.88746,-87.63128,17.4,7.06,1.25,8032.6,424.07,466.03,56.1,94.2,47.3,82.5,85.9,24.02,184.2,0.534,2006,OK,66,0,0,,0
310404,2026-06-30T18:00:00Z,2026-06-30,MAC00333,OP0203,OP0203,SITE0016,40.71778,-111.89133,16.1,7.32,0.63,6650.4,468.81,475.86,54.8,93.2,41.2,79.6,86.4,24.53,189.3,0.615,1679,OK,70,0,0,,0
310328,2026-06-30T18:00:00Z,2026-06-30,MAC00002,OP0264,OP0264,SITE0085,51.53895,7.4415,20.2,6.3,1.4,3869.5,730.92,731.39,54.9,86.6,50.0,81.4,89.6,24.22,212.6,0.384,1728,OK,81,0,0,,0
310389,2026-06-30T18:00:00Z,2026-06-30,MAC00279,OP0197,OP0197,SITE0085,51.53469,7.44078,15.6,6.16,2.05,7914.2,662.38,738.8,80.0,92.5,38.8,78.0,90.6,24.34,186.8,0.546,1847,OK,63,0,0,,0
310448,2026-06-30T18:00:00Z,2026-06-30,MAC00194,OP0150,OP0150,SITE0159,-32.94502,151.85518,11.4,9.42,1.47,8554.4,704.16,639.86,67.0,92.1,49.5,87.0,88.5,23.57,193.3,0.5,1946,OK,64,0,0,,0
310400,2026-06-30T18:00:00Z,2026-06-30,MAC00451,OP0184,OP0184,SITE0098,20.28337,85.71136,18.2,8.01,1.17,7405.5,472.89,538.37,18.4,89.1,40.9,85.9,88.8,24.92,203.7,0.435,1639,OK,74,0,0,,0
310428,2026-06-30T18:00:00Z,2026-06-30,MAC00410,OP0073,OP0073,SITE0070,53.46813,9.97148,13.4,5.8,1.87,7239.8,305.15,379.26,49.6,92.5,47.5,81.2,88.7,24.15,214.4,0.388,1769,OK,91,0,0,,0
310424,2026-06-30T18:00:00Z,2026-06-30,MAC00208,OP0018,OP0018,SITE0080,40.67063,-111.87656,17.9,5.83,0.76,14039.2,713.55,732.75,63.9,89.9,50.6,80.3,91.5,24.7,194.0,0.672,1670,OK,93,0,0,,0
310324,2026-06-30T18:00:00Z,2026-06-30,MAC00264,OP0133,OP0133,SITE0075,51.53396,7.42592,8.1,6.87,1.21,7076.5,868.81,818.51,21.7,88.0,43.5,81.0,89.8,24.44,220.9,0.382,1568,OK,77,0,0,,0
310422,2026-06-30T18:00:00Z,2026-06-30,MAC00516,OP0006,OP0006,SITE0042,41.76009,-87.69907,12.6,5.56,0.84,3613.9,598.68,644.49,40.1,88.0,40.4,82.7,93.3,24.06,215.3,0.285,1735,OK,71,0,0,,0
310440,2026-06-30T18:00:00Z,2026-06-30,MAC00357,OP0280,OP0280,SITE0018,48.08852,11.58853,14.2,8.76,0.8,3799.4,472.44,521.17,48.7,86.9,44.4,80.2,92.8,24.26,194.7,0.459,1927,OK,69,0,0,,0
310398,2026-06-30T18:00:00Z,2026-06-30,MAC00422,OP0241,OP0241,SITE0081,28.5999,77.25181,7.5,5.46,1.86,5269.8,112.3,114.88,63.8,89.4,44.7,81.5,88.0,24.1,202.3,0.496,1749,OK,80,0,0,,0
310383,2026-06-30T18:00:00Z,2026-06-30,MAC00536,OP0265,OP0265,SITE0176,53.0354,8.80498,23.1,7.09,1.76,5197.4,1574.38,465.92,93.0,87.9,40.5,80.5,97.8,23.61,207.6,0.443,1651,OK,93,0,1,fuel_anomaly,0
310410,2026-06-30T18:00:00Z,2026-06-30,MAC00442,OP0219,OP0219,SITE0021,61.18667,-149.94974,15.6,6.62,1.3,8781.6,722.32,669.92,54.3,92.8,44.3,80.7,94.8,23.92,223.5,0.64,1731,OK,60,0,0,,0
310352,2026-06-30T18:00:00Z,2026-06-30,MAC00229,OP0210,OP0210,SITE0019,-20.24726,118.61678,9.7,7.28,2.66,9084.9,553.47,580.78,62.6,94.5,47.4,82.5,84.0,24.61,210.9,0.508,1914,OK,65,0,0,,0
310444,2026-06-30T18:00:00Z,2026-06-30,MAC00352,OP0043,OP0043,SITE0038,51.3039,6.77296,4.3,7.98,1.31,6539.1,587.22,531.73,12.5,93.3,39.3,83.0,90.4,24.52,223.2,0.536,1632,OK,90,0,0,,0
310386,2026-06-30T18:00:00Z,2026-06-30,MAC00019,OP0065,OP0065,SITE0138,50.9956,6.94179,18.3,7.56,2.68,10839.6,682.42,612.05,36.7,91.8,37.3,82.4,95.5,23.7,188.4,0.46,1819,OK,62,0,0,,0
310442,2026-06-30T18:00:00Z,2026-06-30,MAC00144,OP0138,OP0138,SITE0074,50.98523,6.97447,17.5,5.24,2.52,6663.7,118.84,112.4,51.6,86.8,38.0,82.7,91.7,24.52,218.9,0.629,1672,OK,85,0,0,,0
310446,2026-06-30T18:00:00Z,2026-06-30,MAC00284,OP0048,OP0048,SITE0094,52.52431,13.40869,7.1,7.43,1.87,6611.6,618.42,579.62,77.4,97.2,45.6,75.1,83.4,24.31,217.6,0.577,1799,OK,62,0,0,,0
310450,2026-06-30T18:00:00Z,2026-06-30,MAC00517,OP0055,OP0055,SITE0156,-20.73205,116.80327,5.3,6.45,0.38,10007.0,418.75,444.66,49.0,97.3,47.3,77.0,90.2,24.35,201.2,0.652,1876,OK,66,0,0,,0
310402,2026-06-30T18:00:00Z,2026-06-30,MAC00343,OP0113,OP0113,SITE0106,34.00678,-118.25308,20.4,6.51,1.7,4839.2,336.91,414.07,58.1,93.6,46.6,83.4,84.8,24.46,196.3,0.457,1885,OK,71,0,0,,0
310332,2026-06-30T18:00:00Z,2026-06-30,MAC00241,OP0257,OP0257,SITE0180,51.55436,7.46094,16.9,8.01,0.16,4343.7,114.54,128.85,61.6,93.3,43.5,76.2,84.4,24.24,207.0,0.473,1880,OK,78,0,0,,0
310436,2026-06-30T18:00:00Z,2026-06-30,MAC00420,,OP0065,SITE0138,50.99705,6.94058,15.6,4.04,0.5,5594.5,412.97,396.25,34.1,92.6,46.7,85.6,87.3,24.43,184.2,0.455,1751,OK,80,0,1,unauthorized_use,0
310459,2026-06-30T18:00:00Z,2026-06-30,MAC00005,OP0082,OP0082,SITE0021,61.19112,-149.94824,19.3,7.9,0.78,8827.7,569.86,526.14,36.5,91.4,36.7,82.2,90.1,24.42,208.4,0.607,1670,OK,91,0,0,,0
310458,2026-06-30T18:00:00Z,2026-06-30,MAC00087,OP0096,OP0096,SITE0114,23.0337,72.55814,11.6,6.85,1.44,7998.6,236.08,233.02,100.0,92.5,40.5,86.9,94.5,23.99,215.1,0.679,1868,OK,95,0,0,,0
310418,2026-06-30T18:00:00Z,2026-06-30,MAC00020,OP0035,OP0035,SITE0121,39.7041,-105.00227,15.2,8.32,0.38,3682.4,511.19,538.51,56.6,93.4,45.0,82.9,94.1,24.22,214.9,0.416,1815,OK,69,0,0,,0
310457,2026-06-30T18:00:00Z,2026-06-30,MAC00318,OP0089,OP0089,SITE0069,18.43796,73.74592,11.2,6.81,1.52,10293.4,254.39,239.24,34.3,98.9,39.3,88.0,90.1,23.42,167.5,0.742,1756,OK,93,0,0,,0
310344,2026-06-30T18:00:00Z,2026-06-30,MAC00265,OP0054,OP0054,SITE0001,-30.72894,121.48819,25.5,6.95,0.93,4855.1,676.73,677.85,54.0,92.2,43.7,82.4,83.3,24.35,207.1,0.449,1825,OK,90,0,0,,0
310456,2026-06-30T18:00:00Z,2026-06-30,MAC00467,OP0239,OP0239,SITE0095,13.09477,80.29266,13.0,6.93,1.02,4555.8,143.5,144.43,36.2,93.5,41.8,82.0,92.3,24.42,207.2,0.395,1913,OK,73,0,0,,0
310336,2026-06-30T18:00:00Z,2026-06-30,MAC00086,OP0045,OP0045,SITE0012,53.10428,8.8404,15.0,7.3,1.67,7880.7,120.14,123.91,73.6,95.5,44.5,77.2,95.5,23.79,206.9,0.68,2074,OK,74,0,0,,0
310320,2026-06-30T18:00:00Z,2026-06-30,MAC00273,OP0073,OP0073,SITE0168,52.40074,9.76502,10.7,7.49,0.82,11104.2,571.74,607.44,60.7,89.6,46.3,76.4,99.4,24.28,201.9,0.63,1667,OK,66,0,0,,0
310455,2026-06-30T18:00:00Z,2026-06-30,MAC00354,OP0209,OP0209,SITE0128,20.27551,85.8544,12.5,5.66,1.17,7714.3,109.27,123.13,23.2,99.9,43.4,84.7,80.0,23.99,188.0,0.608,1947,OK,77,0,0,,0
310454,2026-06-30T18:00:00Z,2026-06-30,MAC00285,OP0067,OP0067,SITE0032,18.51827,73.84564,10.5,6.76,2.21,9181.6,136.37,149.95,36.1,93.8,40.3,82.5,93.9,24.36,208.5,0.699,1605,OK,75,0,0,,0
310374,2026-06-30T18:00:00Z,2026-06-30,MAC00123,OP0082,OP0082,SITE0140,41.82871,-87.61204,6.4,5.39,1.75,4998.6,344.54,325.21,34.3,92.6,43.8,82.7,87.8,25.14,215.2,0.481,1790,OK,87,0,0,,0
310396,2026-06-30T18:00:00Z,2026-06-30,MAC00166,OP0078,OP0078,SITE0097,17.3252,78.48731,13.8,7.58,2.69,8883.7,167.76,167.59,37.7,90.7,38.9,88.9,93.8,24.32,188.1,0.639,1924,OK,97,0,0,,0
310453,2026-06-30T18:00:00Z,2026-06-30,MAC00503,OP0071,OP0071,SITE0123,17.3068,78.46792,20.2,4.69,1.43,10301.2,309.65,317.49,39.2,97.9,38.2,88.2,93.9,23.89,182.6,0.695,1856,OK,62,0,0,,0
310452,2026-06-30T18:00:00Z,2026-06-30,MAC00396,OP0187,OP0187,SITE0163,-34.94045,138.581,22.0,6.82,1.16,9327.2,125.68,118.24,62.0,89.6,36.9,88.7,94.2,24.4,174.8,0.657,1843,OK,77,0,0,,0
310420,2026-06-30T18:00:00Z,2026-06-30,MAC00131,OP0056,OP0056,SITE0172,40.75307,-111.91231,15.1,5.48,2.01,3543.7,149.27,173.95,58.3,93.2,44.8,83.1,88.1,23.96,201.0,0.526,1699,OK,82,0,0,,0
310438,2026-06-30T18:00:00Z,2026-06-30,MAC00001,OP0070,OP0070,SITE0074,50.99034,6.97447,19.6,4.48,1.47,7899.8,280.28,278.79,57.5,91.5,50.8,80.7,102.2,24.8,212.9,0.601,1754,OK,69,0,0,,0
310461,2026-06-30T18:00:00Z,2026-06-30,MAC00101,OP0058,OP0058,SITE0161,40.4847,-79.98023,18.5,9.68,1.68,4891.7,636.82,616.08,60.0,90.3,34.8,80.2,89.4,24.62,196.5,0.48,1658,OK,63,0,0,,0
310356,2026-06-30T18:00:00Z,2026-06-30,MAC00526,OP0107,OP0107,SITE0113,-20.72016,116.86276,16.7,5.53,1.05,6960.1,380.41,433.34,73.1,90.2,44.6,85.2,93.9,24.31,209.9,0.43,1893,OK,86,0,0,,0
306086,2026-06-30T18:00:00Z,2026-06-30,MAC00257,OP0235,OP0235,SITE0165,18.5275,73.87235,13.9,6.38,1.84,7061.7,442.84,416.79,20.5,94.5,40.5,80.0,88.6,24.42,179.5,0.424,1629,OK,92,0,0,,0
310300,2026-06-30T18:00:00Z,2026-06-30,MAC00406,OP0008,OP0008,SITE0151,33.66752,-84.37403,19.9,8.32,0.71,13080.4,929.2,1037.35,35.2,95.1,48.7,81.6,92.4,24.16,195.7,0.653,1673,OK,75,0,0,,0
309698,2026-06-30T18:00:00Z,2026-06-30,MAC00047,OP0190,OP0190,SITE0127,61.17611,-149.94373,21.7,6.07,1.45,5303.7,404.67,399.08,80.5,94.7,50.0,76.5,86.5,24.4,202.6,0.31,1973,OK,69,0,0,,0
307439,2026-06-30T18:00:00Z,2026-06-30,MAC00392,OP0279,OP0279,SITE0093,33.74762,-84.42887,23.0,6.73,2.15,6885.5,815.63,800.22,61.5,84.7,48.8,75.0,85.0,23.76,205.2,0.422,1928,OK,82,0,0,,0
309689,2026-06-30T18:00:00Z,2026-06-30,MAC00364,OP0145,OP0145,SITE0061,29.80029,-95.2884,24.2,7.26,0.75,13087.2,184.64,169.33,66.1,97.0,37.2,86.8,99.5,24.09,202.0,0.787,1662,OK,83,0,0,,0
309680,2026-06-30T18:00:00Z,2026-06-30,MAC00421,OP0004,OP0004,SITE0031,32.85015,-96.89242,28.4,0.78,6.19,6464.4,56.78,48.08,21.3,,,,,24.54,,0.605,1595,OFFLINE,86,0,1,excess_idle,0
307363,2026-06-30T18:00:00Z,2026-06-30,MAC00408,OP0249,OP0249,SITE0134,18.96702,72.76159,23.0,6.51,1.69,7202.6,403.44,436.3,88.9,93.8,43.1,82.5,93.6,25.18,196.6,0.434,1872,OK,65,0,0,,0
306415,2026-06-30T18:00:00Z,2026-06-30,MAC00405,OP0245,OP0245,SITE0028,22.66798,88.35068,5.3,10.1,1.29,6189.4,275.28,215.3,32.4,89.9,41.6,81.5,89.5,24.08,217.7,0.719,1659,OK,75,0,0,,0
309662,2026-06-30T18:00:00Z,2026-06-30,MAC00239,OP0117,OP0117,SITE0145,41.88384,-87.62992,15.5,7.67,0.91,9461.6,626.3,781.19,47.7,94.7,40.0,85.4,90.6,24.4,194.1,0.624,1564,OK,63,0,0,,0
309653,2026-06-30T18:00:00Z,2026-06-30,MAC00391,OP0113,OP0113,SITE0109,32.75064,-96.81534,18.1,7.39,2.44,10463.8,527.76,501.66,51.4,93.8,43.0,86.1,93.6,25.16,175.1,0.619,1720,OK,61,0,0,,0
308891,2026-06-30T18:00:00Z,2026-06-30,MAC00487,OP0072,OP0072,SITE0033,47.55481,-122.4298,5.2,4.71,2.67,14031.9,351.27,337.26,36.3,102.1,37.4,80.3,96.7,24.42,210.2,0.681,1546,OK,75,0,0,,0
309644,2026-06-30T18:00:00Z,2026-06-30,MAC00426,OP0049,OP0049,SITE0061,29.79958,-95.28712,22.8,8.47,1.65,4596.6,456.97,537.42,65.0,92.1,47.3,81.6,82.8,24.83,218.1,0.58,1551,OK,81,0,0,,0
309635,2026-06-30T18:00:00Z,2026-06-30,MAC00438,OP0182,OP0182,SITE0151,33.66958,-84.37392,7.8,6.76,2.48,5922.3,412.91,435.72,81.3,91.7,45.4,83.9,90.8,24.13,207.5,0.525,1815,OK,94,0,0,,0
309626,2026-06-30T18:00:00Z,2026-06-30,MAC00372,OP0093,OP0093,SITE0144,19.07276,72.91301,19.8,7.91,1.82,14773.0,850.42,998.97,57.9,93.4,41.5,80.7,94.3,24.39,208.9,0.876,1708,OK,63,0,0,,0
309617,2026-06-30T18:00:00Z,2026-06-30,MAC00531,OP0098,OP0098,SITE0037,23.08506,72.53601,12.3,7.11,3.15,6831.5,160.65,152.91,75.2,,,,,24.08,,0.591,1741,OFFLINE,60,0,1,sensor_failure,0
308938,2026-06-30T18:00:00Z,2026-06-30,MAC00034,OP0271,OP0271,SITE0099,32.87737,-96.89754,18.6,5.92,2.33,5014.4,1129.57,455.89,36.0,90.5,48.0,82.1,88.7,24.59,228.3,0.348,1541,OK,62,0,1,fuel_anomaly,0
307289,2026-06-30T18:00:00Z,2026-06-30,MAC00046,OP0028,OP0028,SITE0012,53.10488,8.84175,5.4,7.65,1.33,4410.1,650.44,585.29,69.8,83.4,45.0,75.6,90.9,24.68,207.8,0.445,1727,OK,85,0,0,,0
309604,2026-06-30T18:00:00Z,2026-06-30,MAC00486,OP0147,OP0147,SITE0178,22.53148,88.37267,18.6,6.69,1.28,8203.9,404.67,417.25,59.8,95.6,40.2,76.9,86.1,23.88,177.3,0.531,1793,OK,75,0,0,,0
308951,2026-06-30T18:00:00Z,2026-06-30,MAC00429,OP0213,OP0213,SITE0034,40.67905,-111.88715,17.8,7.59,0.65,5577.0,837.91,893.27,72.0,87.8,44.5,83.6,85.9,24.78,220.7,0.462,1739,OK,70,0,0,,0
304747,2026-06-30T18:00:00Z,2026-06-30,MAC00041,OP0247,OP0247,SITE0003,39.82454,-104.94223,16.5,8.19,1.06,14721.3,563.79,581.92,72.4,101.2,45.8,82.5,99.0,23.96,185.6,0.818,1732,OK,81,0,0,,0
308826,2026-06-30T18:00:00Z,2026-06-30,MAC00509,OP0098,OP0098,SITE0146,21.24364,81.6791,12.9,1.08,7.22,8754.3,16.23,18.54,30.4,90.2,40.2,88.7,101.0,23.97,197.3,0.669,1721,OK,79,0,1,excess_idle,0
309707,2026-06-30T18:00:00Z,2026-06-30,MAC00072,,OP0044,SITE0170,29.8223,-95.37288,11.4,5.5,1.75,5037.5,345.71,360.52,61.0,88.2,42.4,80.4,93.6,24.33,196.0,0.52,1960,OK,81,0,0,,0
309716,2026-06-30T18:00:00Z,2026-06-30,MAC00221,OP0172,OP0172,SITE0172,40.75643,-111.91216,17.0,8.19,3.71,15192.8,361.19,307.8,40.9,102.9,31.4,88.4,99.2,23.79,175.6,0.819,1705,OK,75,0,0,,0
307715,2026-06-30T18:00:00Z,2026-06-30,MAC00024,OP0081,OP0081,SITE0038,51.3024,6.7702,25.3,7.61,2.64,3355.5,509.29,490.78,66.8,89.4,43.8,82.3,90.5,24.96,200.7,0.399,1890,OK,60,0,0,,0
309826,2026-06-30T18:00:00Z,2026-06-30,MAC00248,OP0195,OP0195,SITE0135,28.59985,77.23973,24.0,6.53,1.85,4365.5,482.01,499.43,64.8,93.4,49.3,85.2,83.1,24.24,210.9,0.498,1777,OK,81,0,0,,0
309818,2026-06-30T18:00:00Z,2026-06-30,MAC00108,OP0243,OP0243,SITE0129,21.17918,79.22895,7.1,6.73,3.07,10545.4,390.01,466.19,77.0,89.7,46.3,78.6,86.8,24.37,212.7,0.504,1823,OK,92,0,0,,0
303965,2026-06-30T18:00:00Z,2026-06-30,MAC00480,OP0257,OP0257,SITE0174,50.92723,6.98725,19.5,11.25,0.5,10202.7,1040.95,1152.38,62.4,91.1,35.7,83.4,92.5,24.14,184.4,0.581,1970,OK,74,0,0,,0
309810,2026-06-30T18:00:00Z,2026-06-30,MAC00390,OP0075,OP0075,SITE0063,18.4958,73.79314,15.4,7.88,0.16,7852.5,543.82,519.26,28.9,94.4,40.6,77.1,85.3,24.09,215.5,0.502,1917,OK,86,0,0,,0
307616,2026-06-30T18:00:00Z,2026-06-30,MAC00140,OP0219,OP0219,SITE0048,40.501,-79.99923,18.4,6.91,3.16,3431.0,683.33,664.52,61.6,89.3,48.9,80.0,89.6,24.42,206.0,0.367,1785,OK,60,0,0,,0
309802,2026-06-30T18:00:00Z,2026-06-30,MAC00141,OP0112,OP0112,SITE0053,18.50157,73.87764,20.1,5.8,4.08,8901.5,397.49,386.99,32.6,93.0,44.0,82.7,93.5,24.57,209.7,0.62,1796,OK,74,0,0,,0
308692,2026-06-30T18:00:00Z,2026-06-30,MAC00327,OP0047,OP0047,SITE0101,-20.77458,116.8793,26.1,7.45,2.02,9530.5,542.9,500.07,39.0,87.0,37.2,81.9,96.4,24.58,203.3,0.641,1884,OK,82,0,0,,0
308964,2026-06-30T18:00:00Z,2026-06-30,MAC00158,OP0252,OP0252,SITE0155,44.96285,-93.16936,14.3,6.2,2.36,12092.5,249.32,111.74,48.4,97.1,36.9,83.6,95.1,24.05,198.5,0.791,1763,OK,61,0,1,fuel_anomaly,0
308706,2026-06-30T18:00:00Z,2026-06-30,MAC00081,OP0194,OP0194,SITE0102,-37.86391,144.97202,21.9,7.16,1.71,5008.9,649.16,699.22,43.6,91.2,46.9,77.1,92.9,24.0,201.1,0.479,1632,OK,78,0,0,,0
309771,2026-06-30T18:00:00Z,2026-06-30,MAC00214,OP0103,OP0103,SITE0070,53.46926,9.97167,0.0,7.05,2.16,4650.1,119.35,113.91,28.9,90.6,53.3,85.5,90.3,24.44,185.6,0.515,1986,OK,88,0,0,,0
308742,2026-06-30T18:00:00Z,2026-06-30,MAC00330,OP0034,OP0034,SITE0026,-37.773,144.9483,13.0,6.56,2.51,13778.5,411.52,433.51,27.2,100.4,37.6,82.7,95.9,23.48,188.7,0.619,1898,OK,93,0,0,,0
309760,2026-06-30T18:00:00Z,2026-06-30,MAC00324,OP0276,OP0276,SITE0168,52.39799,9.764,11.4,6.48,1.08,5204.5,355.21,425.65,63.1,92.5,49.2,80.4,90.5,24.06,215.3,0.403,1872,OK,66,0,0,,0
308756,2026-06-30T18:00:00Z,2026-06-30,MAC00071,OP0101,OP0101,SITE0088,-27.9971,153.33783,10.1,6.26,1.59,7740.6,401.51,388.59,60.0,95.4,43.1,82.1,94.2,24.1,179.7,0.598,1982,OK,68,0,0,,0
307525,2026-06-30T18:00:00Z,2026-06-30,MAC00514,OP0177,OP0177,SITE0094,52.52464,13.40839,17.6,6.17,1.36,3378.1,473.85,467.62,71.5,92.4,38.6,81.8,84.7,24.2,218.6,0.371,1657,OK,68,0,0,,0
306447,2026-06-30T18:00:00Z,2026-06-30,MAC00051,OP0179,OP0179,SITE0117,21.2476,81.666,1.3,6.86,1.11,6300.3,254.18,227.44,36.8,93.3,47.1,83.1,77.8,24.87,203.2,0.649,1834,OK,83,0,0,,0
309725,2026-06-30T18:00:00Z,2026-06-30,MAC00119,OP0228,OP0228,SITE0057,33.67792,-84.39715,21.9,6.65,1.64,8513.2,218.48,227.93,38.6,94.6,41.5,83.1,87.1,24.18,208.4,0.682,1831,OK,87,0,0,,0
308804,2026-06-30T18:00:00Z,2026-06-30,MAC00055,OP0007,OP0007,SITE0006,22.5709,88.32137,3.9,5.8,1.38,4529.1,191.24,187.19,74.2,94.5,41.5,81.2,88.1,24.07,184.3,0.535,1816,OK,66,0,0,,0
307551,2026-06-30T18:00:00Z,2026-06-30,MAC00121,OP0128,OP0128,SITE0156,-20.73617,116.80112,15.7,6.99,1.55,11724.1,758.72,725.82,69.7,94.7,43.3,81.5,93.2,24.15,222.6,0.594,1835,OK,76,0,0,,0
309587,2026-06-30T18:00:00Z,2026-06-30,MAC00527,OP0085,OP0085,SITE0113,-20.72349,116.86414,16.6,5.92,1.52,8532.2,445.78,402.01,31.4,89.0,37.7,79.6,80.0,24.01,212.9,0.401,1666,OK,95,0,0,,0
310480,2026-06-30T18:00:00Z,2026-06-30,MAC00479,OP0212,OP0212,SITE0105,-27.98648,153.48487,10.1,6.22,2.42,5122.5,380.31,479.36,48.2,89.2,48.4,80.0,85.3,25.38,207.2,0.359,1622,OK,89,0,0,,0
307239,2026-06-30T18:00:00Z,2026-06-30,MAC00342,OP0233,OP0233,SITE0147,51.55641,7.46115,5.9,6.74,1.65,9562.8,147.95,150.23,50.0,97.6,44.1,89.3,94.3,25.11,178.0,0.598,1629,OK,77,0,0,,0
306218,2026-06-30T18:00:00Z,2026-06-30,MAC00163,OP0240,OP0240,SITE0017,40.39336,-79.91869,24.1,5.6,1.83,4518.6,187.87,180.56,100.0,94.6,47.8,84.1,91.7,24.27,204.4,0.366,1703,OK,96,0,0,,0
309440,2026-06-30T18:00:00Z,2026-06-30,MAC00402,OP0207,OP0207,SITE0081,28.60006,77.2519,13.4,7.41,1.26,7085.1,137.76,159.73,25.7,92.1,38.4,79.0,86.7,23.96,208.8,0.691,1694,OK,80,0,0,,0
309168,2026-06-30T18:00:00Z,2026-06-30,MAC00433,OP0028,OP0028,SITE0138,50.99579,6.94129,19.3,1.72,7.81,7130.1,61.14,57.61,45.6,98.0,38.5,83.3,88.2,24.02,214.5,0.602,1841,OK,87,0,1,excess_idle,0
309423,2026-06-30T18:00:00Z,2026-06-30,MAC00075,OP0255,OP0255,SITE0152,21.25192,81.63106,8.5,6.29,1.71,5260.8,158.31,132.23,68.4,86.7,37.1,82.3,90.5,24.79,207.2,0.486,1800,OK,86,0,0,,0
309196,2026-06-30T18:00:00Z,2026-06-30,MAC00028,OP0177,OP0177,SITE0164,52.56663,13.43543,17.7,6.04,0.85,9777.1,646.01,734.41,42.3,94.3,41.5,75.9,86.6,24.07,238.7,0.643,1814,OK,67,0,0,,0
309233,2026-06-30T18:00:00Z,2026-06-30,MAC00293,OP0214,OP0214,SITE0026,-37.77763,144.94886,1.7,5.91,1.49,8551.5,648.51,712.81,37.7,96.6,44.8,89.7,89.0,24.73,199.6,0.425,1781,OK,93,0,0,,0
306973,2026-06-30T18:00:00Z,2026-06-30,MAC00494,OP0114,OP0114,SITE0084,23.07098,72.56438,12.7,7.62,0.9,3057.8,484.91,449.61,19.9,89.6,42.9,77.6,83.9,24.33,213.9,0.489,2009,OK,91,0,0,,0
309388,2026-06-30T18:00:00Z,2026-06-30,MAC00368,OP0045,OP0045,SITE0065,51.50129,7.44398,20.8,6.73,1.53,9695.7,467.0,539.72,61.3,95.9,44.8,83.7,95.5,23.68,217.1,0.532,1966,OK,84,0,0,,0
307033,2026-06-30T18:00:00Z,2026-06-30,MAC00209,OP0069,OP0069,SITE0170,29.82262,-95.37443,10.1,8.11,1.75,6530.8,494.39,803.72,41.9,97.4,39.6,77.7,95.0,24.57,203.0,0.554,1900,OK,87,0,0,,0
306828,2026-06-30T18:00:00Z,2026-06-30,MAC00317,OP0136,OP0136,SITE0065,51.50249,7.4454,5.1,6.57,1.42,6735.7,424.73,403.32,77.0,96.3,38.3,78.1,92.7,24.49,206.3,0.51,1839,OK,88,0,0,,0
309377,2026-06-30T18:00:00Z,2026-06-30,MAC00308,OP0262,OP0262,SITE0085,51.53764,7.44434,9.5,8.09,1.46,11754.5,593.6,567.31,72.2,92.4,36.2,83.7,96.9,24.0,199.0,0.635,1813,OK,79,0,0,,0
305909,2026-06-30T18:00:00Z,2026-06-30,MAC00472,OP0054,OP0054,SITE0102,-37.86554,144.96947,20.3,7.25,2.15,12497.7,609.77,503.01,50.7,93.4,39.9,85.6,93.7,23.61,172.8,0.659,1896,OK,78,0,0,,0
306942,2026-06-30T18:00:00Z,2026-06-30,MAC00518,OP0187,OP0187,SITE0026,-37.77346,144.94796,14.8,9.55,1.04,7150.4,526.87,589.29,58.4,92.9,47.1,76.5,93.5,24.26,219.9,0.521,1746,OK,69,0,0,,0
309366,2026-06-30T18:00:00Z,2026-06-30,MAC00314,OP0050,OP0050,SITE0137,51.46054,7.00667,16.5,6.76,1.99,9591.1,492.24,453.94,77.4,97.4,42.2,83.1,95.0,24.24,191.9,0.562,1838,OK,86,0,0,,0
309272,2026-06-30T18:00:00Z,2026-06-30,MAC00502,OP0046,OP0046,SITE0145,41.88492,-87.62618,9.5,8.41,1.09,6265.8,416.94,513.92,50.2,89.6,41.6,82.8,93.8,24.59,188.1,0.396,1999,OK,83,0,0,,0
309283,2026-06-30T18:00:00Z,2026-06-30,MAC00409,OP0082,OP0082,SITE0093,33.74725,-84.43107,16.7,8.38,0.89,5000.0,521.43,505.0,40.7,92.0,43.8,81.0,82.5,23.55,182.7,0.484,1879,OK,92,0,0,,0
309347,2026-06-30T18:00:00Z,2026-06-30,MAC00054,OP0153,OP0153,SITE0049,51.48694,7.43628,9.9,8.56,0.17,7840.3,648.08,563.79,5.8,90.6,43.3,85.1,89.2,24.52,180.8,0.551,1882,OK,64,0,0,,0
309306,2026-06-30T18:00:00Z,2026-06-30,MAC00224,OP0137,OP0137,SITE0170,29.82195,-95.36786,16.8,8.21,1.29,4084.8,266.34,263.12,57.7,95.8,43.3,87.2,96.7,24.97,212.6,0.39,1880,OK,95,0,0,,0
309251,2026-06-30T18:00:00Z,2026-06-30,MAC00242,OP0218,OP0218,SITE0036,22.80457,86.16594,20.6,6.23,2.2,7221.3,474.61,488.49,59.2,93.6,40.9,73.5,89.9,24.08,195.0,0.446,1839,OK,82,0,0,,0
309841,2026-06-30T18:00:00Z,2026-06-30,MAC00505,OP0018,OP0018,SITE0046,29.77347,-95.38699,18.1,5.93,3.49,9475.1,456.67,397.89,88.1,87.6,39.5,82.5,95.8,23.56,202.4,0.695,2087,OK,70,0,0,,0
309148,2026-06-30T18:00:00Z,2026-06-30,MAC00533,OP0242,OP0242,SITE0009,51.417,12.41702,17.8,7.39,1.84,4975.0,445.28,470.65,42.2,90.5,41.5,81.4,95.1,24.42,205.2,0.291,1905,OK,66,0,0,,0
309136,2026-06-30T18:00:00Z,2026-06-30,MAC00351,OP0155,OP0155,SITE0062,33.68683,-84.46643,15.2,8.55,1.51,13367.1,639.75,707.31,93.5,94.2,47.7,83.0,95.2,24.59,208.8,0.483,1842,OK,74,0,0,,0
308989,2026-06-30T18:00:00Z,2026-06-30,MAC00471,OP0177,OP0177,SITE0094,52.5201,13.40661,10.1,7.01,0.97,4660.5,647.9,682.54,58.8,86.1,49.1,79.4,78.7,23.99,192.0,0.5,1791,OK,80,0,0,,0
309568,2026-06-30T18:00:00Z,2026-06-30,MAC00032,OP0277,OP0277,SITE0009,51.42153,12.41673,15.1,7.13,0.57,7704.3,788.2,853.12,62.9,92.3,45.3,79.3,94.3,23.87,195.5,0.511,1711,OK,61,0,0,,0
309002,2026-06-30T18:00:00Z,2026-06-30,MAC00013,OP0170,OP0170,SITE0008,53.05422,8.78878,19.4,8.13,2.2,12525.2,569.84,574.11,65.4,98.8,38.3,85.4,92.8,24.5,178.8,0.64,1636,OK,86,0,0,,0
306721,2026-06-30T18:00:00Z,2026-06-30,MAC00435,OP0270,OP0270,SITE0060,17.38761,78.42917,11.4,6.78,3.12,4477.9,133.37,140.97,98.7,95.2,47.0,84.2,89.4,24.29,202.7,0.399,1817,OK,71,0,0,,0
309551,2026-06-30T18:00:00Z,2026-06-30,MAC00056,OP0223,OP0223,SITE0180,51.56112,7.46076,8.7,6.67,0.78,6039.6,477.78,442.28,41.7,90.6,46.0,82.3,90.3,24.94,196.7,0.445,1998,OK,63,0,0,,0
305543,2026-06-30T18:00:00Z,2026-06-30,MAC00290,OP0040,OP0040,SITE0003,39.82927,-104.9407,20.5,7.56,0.6,7561.8,544.05,594.97,35.2,93.2,44.2,79.2,89.0,24.16,209.9,0.413,1699,OK,80,0,0,,0
306351,2026-06-30T18:00:00Z,2026-06-30,MAC00157,OP0162,OP0162,SITE0159,-32.94315,151.85965,9.5,7.92,1.51,8106.7,937.38,950.74,49.7,90.4,37.1,82.6,84.2,24.5,218.2,0.444,1475,OK,92,0,0,,0
309047,2026-06-30T18:00:00Z,2026-06-30,MAC00321,OP0023,OP0023,SITE0083,22.57279,88.37078,21.6,5.89,1.73,12070.0,132.81,135.69,54.4,96.9,41.4,87.6,100.6,23.72,188.6,0.702,1729,OK,97,0,0,,0
309455,2026-06-30T18:00:00Z,2026-06-30,MAC00294,OP0096,OP0096,SITE0024,12.97976,77.64417,13.8,7.41,1.83,6956.8,837.83,881.78,68.2,88.4,47.3,79.3,87.8,25.31,213.9,0.38,1679,OK,77,0,0,,0
305577,2026-06-30T18:00:00Z,2026-06-30,MAC00458,OP0264,OP0264,SITE0147,51.55462,7.45628,14.8,6.18,3.01,3928.3,401.65,389.09,82.8,94.4,40.0,81.1,84.7,24.72,202.8,0.57,1906,OK,99,0,0,,0
309505,2026-06-30T18:00:00Z,2026-06-30,MAC00475,OP0080,OP0080,SITE0172,40.7583,-111.91471,8.0,6.61,0.68,6215.3,756.73,781.58,27.1,91.3,45.7,82.4,79.9,23.86,204.2,0.394,1508,OK,73,0,0,,0
309495,2026-06-30T18:00:00Z,2026-06-30,MAC00107,OP0144,OP0144,SITE0116,45.01951,-93.28606,7.2,8.55,1.46,13168.8,955.55,899.89,32.8,97.4,44.6,79.9,95.1,24.04,181.3,0.615,1857,OK,68,0,0,,0
309102,2026-06-30T18:00:00Z,2026-06-30,MAC00496,OP0205,OP0205,SITE0106,34.00357,-118.25105,21.1,7.33,1.96,5325.2,244.82,239.53,44.1,95.3,53.8,78.1,98.2,23.78,225.5,0.505,1817,OK,70,0,0,,0
309485,2026-06-30T18:00:00Z,2026-06-30,MAC00012,OP0086,OP0086,SITE0054,44.89025,-93.24007,12.0,7.06,0.89,4811.0,661.91,688.27,45.5,88.5,49.4,83.4,84.6,24.39,202.2,0.317,1818,OK,75,0,0,,0
309114,2026-06-30T18:00:00Z,2026-06-30,MAC00337,OP0086,OP0086,SITE0177,34.01187,-118.28554,17.6,7.0,1.1,3523.9,234.12,222.4,37.2,90.6,47.8,80.6,95.0,24.23,222.5,0.368,1843,OK,73,0,0,,0
309475,2026-06-30T18:00:00Z,2026-06-30,MAC00307,OP0008,OP0008,SITE0140,41.83067,-87.60858,14.1,6.23,1.69,5211.8,576.67,609.7,45.3,90.0,45.0,80.8,91.4,24.63,179.1,0.547,1691,OK,99,0,0,,0
309465,2026-06-30T18:00:00Z,2026-06-30,MAC00015,OP0117,OP0117,SITE0116,45.02361,-93.28372,7.1,6.52,1.14,5652.7,437.17,418.98,43.5,93.2,39.6,74.0,94.3,24.97,214.9,0.492,1617,OK,60,0,0,,0
305697,2026-06-30T18:00:00Z,2026-06-30,MAC00159,OP0009,OP0009,SITE0163,-34.94553,138.58309,9.5,6.69,1.72,7286.7,406.48,437.86,90.8,94.4,36.8,84.4,91.8,24.73,204.1,0.491,1787,OK,75,0,0,,0
306328,2026-06-30T18:00:00Z,2026-06-30,MAC00113,OP0269,OP0269,SITE0009,51.41971,12.41752,22.3,1.22,4.34,9387.2,23.34,21.1,56.3,98.9,35.9,83.6,104.0,24.59,199.7,0.768,1728,OK,98,0,1,excess_idle,0
310304,2026-06-30T18:00:00Z,2026-06-30,MAC00297,OP0029,OP0029,SITE0124,51.42283,6.93437,17.1,4.61,2.89,4937.2,306.1,277.45,61.3,93.2,37.0,81.3,87.2,24.86,197.6,0.608,1945,OK,73,0,0,,0
307760,2026-06-30T18:00:00Z,2026-06-30,MAC00485,OP0076,OP0076,SITE0070,53.47633,9.9722,19.2,7.18,1.6,5901.3,898.24,847.59,31.6,89.0,43.5,82.7,85.9,24.69,185.1,0.37,1641,OK,99,0,0,,0
307786,2026-06-30T18:00:00Z,2026-06-30,MAC00130,OP0277,OP0277,SITE0078,51.36218,12.37895,12.2,5.86,2.17,4776.8,98.13,94.91,38.6,96.8,41.8,80.5,88.1,24.46,197.7,0.58,1867,OK,97,0,0,,0
310191,2026-06-30T18:00:00Z,2026-06-30,MAC00363,OP0173,OP0173,SITE0003,39.82658,-104.94011,13.4,8.54,0.38,6940.6,674.01,668.58,82.5,89.1,39.0,87.4,92.7,24.39,206.4,0.536,1958,OK,86,0,0,,0
310186,2026-06-30T18:00:00Z,2026-06-30,MAC00252,OP0190,OP0190,SITE0116,45.01661,-93.28622,7.2,7.73,0.58,3937.5,374.77,460.58,47.4,89.3,39.4,84.9,95.1,24.3,185.0,0.377,1699,OK,85,0,0,,0
310181,2026-06-30T18:00:00Z,2026-06-30,MAC00478,OP0057,OP0057,SITE0172,40.75645,-111.91147,17.2,7.24,1.39,9567.4,435.88,458.35,60.1,96.1,47.6,79.5,89.7,24.49,218.5,0.747,1743,OK,81,0,0,,0
310176,2026-06-30T18:00:00Z,2026-06-30,MAC00040,OP0046,OP0046,SITE0076,40.44508,-80.04584,5.5,6.43,1.5,7293.7,698.85,641.87,17.1,92.1,48.6,77.3,91.8,24.38,198.3,0.505,1682,OK,62,0,0,,0
310169,2026-06-30T18:00:00Z,2026-06-30,MAC00535,OP0018,OP0018,SITE0121,39.70054,-104.99958,20.8,5.63,2.36,4719.1,564.91,548.41,69.0,90.4,44.8,75.7,85.7,24.45,207.2,0.43,1899,OK,91,0,0,,0
310164,2026-06-30T18:00:00Z,2026-06-30,MAC00197,OP0006,OP0006,SITE0079,61.20373,-149.91943,0.0,5.95,2.46,9778.8,401.5,400.62,62.8,90.7,42.9,85.5,90.5,23.99,200.2,0.671,1910,OK,63,0,0,,0
310159,2026-06-30T18:00:00Z,2026-06-30,MAC00388,OP0155,OP0155,SITE0046,29.76822,-95.3864,16.0,5.09,0.97,6065.2,327.02,328.81,66.9,98.5,46.1,77.8,95.5,24.24,208.1,0.477,1882,OK,82,0,0,,0
308183,2026-06-30T18:00:00Z,2026-06-30,MAC00186,OP0139,OP0139,SITE0156,-20.73585,116.80344,18.5,5.35,2.49,3544.2,374.43,406.6,73.3,94.8,40.9,75.3,88.0,24.89,211.9,0.409,1734,OK,95,0,0,,0
310154,2026-06-30T18:00:00Z,2026-06-30,MAC00275,OP0051,OP0051,SITE0045,18.44894,73.8829,14.4,5.86,2.99,7396.6,754.4,700.31,100.0,91.9,48.4,79.0,91.7,24.22,196.1,0.514,1973,OK,88,0,0,,0
310149,2026-06-30T18:00:00Z,2026-06-30,MAC00198,OP0147,OP0147,SITE0167,17.42357,78.6035,13.8,8.32,0.17,10057.7,991.31,1013.93,81.1,91.8,39.6,85.3,94.4,24.43,218.4,0.546,1624,OK,86,0,0,,0
310144,2026-06-30T18:00:00Z,2026-06-30,MAC00515,OP0272,OP0272,SITE0051,22.79377,86.22537,14.9,6.5,2.27,6666.5,435.03,433.29,51.1,93.5,39.8,86.8,85.6,24.45,206.3,0.449,1773,OK,70,0,0,,0
310139,2026-06-30T18:00:00Z,2026-06-30,MAC00174,OP0148,OP0148,SITE0077,21.09599,79.00952,16.9,6.75,1.28,4414.1,160.58,140.23,48.9,91.9,46.9,79.5,88.0,24.93,193.0,0.589,2036,OK,61,0,0,,0
310134,2026-06-30T18:00:00Z,2026-06-30,MAC00222,OP0270,OP0270,SITE0059,12.98306,77.57851,21.1,9.33,0.99,4731.6,446.15,560.84,44.2,87.4,43.4,79.9,92.4,24.27,231.4,0.329,1877,OK,71,0,0,,0
308163,2026-06-30T18:00:00Z,2026-06-30,MAC00092,OP0031,OP0031,SITE0102,-37.86369,144.97293,18.6,6.23,1.61,12065.6,215.66,224.54,44.2,100.9,37.6,90.8,104.8,24.04,200.0,0.804,1787,OK,98,0,0,,0
310123,2026-06-30T18:00:00Z,2026-06-30,MAC00067,OP0222,OP0222,SITE0005,-28.0634,153.42349,14.0,6.99,1.8,4495.5,243.0,225.24,31.7,91.3,51.1,83.3,86.9,23.91,216.4,0.47,1654,OK,93,0,0,,0
310117,2026-06-30T18:00:00Z,2026-06-30,MAC00129,OP0226,OP0226,SITE0088,-27.9965,153.33383,10.8,6.2,2.94,12111.3,375.92,436.05,64.7,89.9,50.6,82.5,94.0,24.11,181.6,0.673,1793,OK,70,0,0,,0
310109,2026-06-30T18:00:00Z,2026-06-30,MAC00493,OP0167,OP0167,SITE0049,51.48772,7.44018,13.0,8.06,0.61,6624.9,638.05,629.24,46.7,93.3,46.0,79.2,92.4,24.08,206.0,0.357,1899,OK,68,0,0,,0
308216,2026-06-30T18:00:00Z,2026-06-30,MAC00286,OP0200,OP0200,SITE0144,19.06988,72.90962,15.6,7.62,2.65,8354.3,182.6,167.24,31.0,88.2,40.1,83.7,86.9,24.12,193.3,0.735,1847,OK,98,0,0,,0
310200,2026-06-30T18:00:00Z,2026-06-30,MAC00477,OP0181,OP0181,SITE0085,51.53677,7.44127,15.2,8.08,0.95,6891.5,559.26,526.24,76.3,95.4,46.4,82.9,88.6,24.03,202.7,0.444,1836,OK,82,0,0,,0
310209,2026-06-30T18:00:00Z,2026-06-30,MAC00547,OP0189,OP0189,SITE0064,50.87178,6.88819,11.4,7.57,2.31,7974.2,161.86,165.24,55.3,91.5,44.4,80.7,95.8,23.72,215.8,0.465,1724,OK,65,0,0,,0
310214,2026-06-30T18:00:00Z,2026-06-30,MAC00238,OP0060,OP0060,SITE0141,48.88475,9.2396,22.3,9.32,0.41,6571.5,664.9,620.97,30.7,95.2,48.4,78.0,88.4,24.29,210.3,0.618,1815,OK,76,0,0,,0
310296,2026-06-30T18:00:00Z,2026-06-30,MAC00011,OP0229,OP0229,SITE0121,39.70499,-104.99889,9.5,7.19,0.98,10961.9,372.31,461.41,25.3,98.1,39.0,82.0,95.1,24.24,217.5,0.666,1965,OK,89,0,0,,0
310292,2026-06-30T18:00:00Z,2026-06-30,MAC00481,OP0058,OP0058,SITE0042,41.76119,-87.69792,12.0,5.99,1.77,5147.3,555.72,585.98,88.4,87.2,47.5,86.2,86.2,23.45,210.3,0.387,1632,OK,84,0,0,,0
310286,2026-06-30T18:00:00Z,2026-06-30,MAC00345,OP0021,OP0021,SITE0116,45.01959,-93.28407,8.4,8.33,1.8,12259.8,906.21,869.43,25.0,90.1,34.1,85.3,103.1,23.71,198.8,0.506,1902,OK,75,0,0,,0
310282,2026-06-30T18:00:00Z,2026-06-30,MAC00315,OP0249,OP0249,SITE0053,18.50448,73.88134,19.3,7.79,2.16,6417.7,105.71,129.34,37.1,95.2,37.4,77.7,99.4,23.91,209.3,0.589,1836,OK,97,0,0,,0
310278,2026-06-30T18:00:00Z,2026-06-30,MAC00143,OP0010,OP0010,SITE0157,20.33525,85.81874,15.1,6.36,2.78,3769.6,595.93,483.75,47.2,89.1,47.1,80.9,89.4,24.35,214.0,0.429,1820,OK,61,0,0,,0
310274,2026-06-30T18:00:00Z,2026-06-30,MAC00260,OP0111,OP0111,SITE0167,17.4243,78.60238,17.5,4.53,1.95,10070.2,106.71,101.66,59.4,94.4,39.3,87.2,99.1,24.04,207.1,0.687,1890,OK,72,0,0,,0
310270,2026-06-30T18:00:00Z,2026-06-30,MAC00079,OP0151,OP0151,SITE0086,18.5118,73.93661,7.2,6.59,1.47,8647.6,133.81,145.13,88.2,97.5,42.4,85.0,95.0,24.63,206.9,0.54,1708,OK,86,0,0,,0
310266,2026-06-30T18:00:00Z,2026-06-30,MAC00512,OP0089,OP0089,SITE0072,21.11673,79.04618,21.5,6.14,2.11,4780.3,137.77,128.39,34.7,90.3,40.3,77.1,93.5,24.38,210.1,0.48,1682,OK,78,0,0,,0
308328,2026-06-30T18:00:00Z,2026-06-30,MAC00374,,OP0117,SITE0151,33.66595,-84.37422,1.4,5.82,0.5,8173.7,484.72,460.71,93.2,93.2,51.4,80.9,85.2,24.33,194.0,0.35,1930,OK,71,0,1,unauthorized_use,0
310262,2026-06-30T18:00:00Z,2026-06-30,MAC00057,OP0093,OP0093,SITE0023,21.19279,79.12812,19.3,5.64,2.19,7058.7,352.9,347.81,49.2,95.3,45.0,78.5,94.7,24.78,195.0,0.48,1806,OK,71,0,0,,0
310254,2026-06-30T18:00:00Z,2026-06-30,MAC00137,OP0174,OP0174,SITE0077,21.09572,79.00893,16.9,6.44,2.2,4362.4,518.01,624.74,52.3,90.3,44.3,80.6,83.4,24.89,202.8,0.495,1754,OK,64,0,0,,0
310250,2026-06-30T18:00:00Z,2026-06-30,MAC00524,OP0062,OP0062,SITE0133,-32.01237,115.89585,24.0,6.77,2.76,4588.2,98.66,109.36,79.6,94.0,47.7,85.3,94.4,24.03,205.4,0.425,1983,OK,85,0,0,,0
310245,2026-06-30T18:00:00Z,2026-06-30,MAC00272,OP0260,OP0260,SITE0149,-27.5046,153.00351,14.8,5.56,0.5,9082.0,750.27,672.9,72.6,98.3,40.7,80.8,89.2,24.16,173.9,0.579,1764,OK,91,0,0,,0
310237,2026-06-30T18:00:00Z,2026-06-30,MAC00446,OP0227,OP0227,SITE0007,-12.37558,130.8493,10.5,6.15,2.49,3621.4,527.93,467.23,39.8,94.0,43.8,78.2,89.8,24.69,200.6,0.306,1618,OK,97,0,0,,0
308259,2026-06-30T18:00:00Z,2026-06-30,MAC00246,OP0040,OP0040,SITE0043,47.57188,-122.37137,16.5,6.51,1.43,3295.4,519.21,624.91,25.4,85.1,43.8,76.3,86.0,24.78,206.6,0.379,1734,OK,98,0,0,,0
310230,2026-06-30T18:00:00Z,2026-06-30,MAC00213,OP0070,OP0070,SITE0164,52.56508,13.43831,21.1,7.07,1.28,6857.3,126.41,118.19,21.4,98.2,48.2,77.0,89.7,23.88,200.8,0.549,1799,OK,90,0,0,,0
302850,2026-06-30T18:00:00Z,2026-06-30,MAC00355,OP0081,OP0081,SITE0176,53.03858,8.80643,17.0,7.04,0.92,4232.3,91.29,113.1,49.7,92.1,54.5,83.5,92.3,24.31,206.2,0.47,2177,OK,85,0,0,,0
310219,2026-06-30T18:00:00Z,2026-06-30,MAC00031,OP0277,OP0277,SITE0009,51.41838,12.42108,9.6,6.42,1.03,14005.8,451.9,459.54,70.0,92.9,37.5,85.4,95.6,23.95,198.5,0.565,1814,OK,90,0,0,,0
310258,2026-06-30T18:00:00Z,2026-06-30,MAC00530,OP0023,OP0023,SITE0152,21.25268,81.63372,18.1,6.52,1.48,2892.3,476.24,623.41,84.7,93.0,51.2,77.7,83.0,24.74,218.0,0.322,1908,OK,82,0,0,,0
310103,2026-06-30T18:00:00Z,2026-06-30,MAC00529,OP0169,OP0169,SITE0174,50.92839,6.98746,27.7,5.7,2.62,12697.7,199.74,207.05,60.9,98.9,35.2,90.1,93.0,23.26,198.0,0.955,1878,OK,85,0,0,,0
310097,2026-06-30T18:00:00Z,2026-06-30,MAC00098,OP0053,OP0053,SITE0124,51.4254,6.92894,9.8,7.43,0.28,8714.9,418.52,465.8,58.0,92.6,43.2,85.8,95.2,23.16,184.0,0.554,1850,OK,80,0,0,,0
310091,2026-06-30T18:00:00Z,2026-06-30,MAC00302,OP0020,OP0020,SITE0174,50.93003,6.98467,18.8,7.04,1.85,6617.3,450.13,457.51,43.7,98.2,44.7,85.4,92.9,23.9,194.9,0.444,1779,OK,80,0,0,,0
307975,2026-06-30T18:00:00Z,2026-06-30,MAC00375,OP0171,OP0171,SITE0016,40.71542,-111.89339,16.8,5.35,1.11,7099.9,369.95,329.72,39.0,90.1,46.0,79.7,90.2,24.8,196.3,0.642,1721,OK,98,0,0,,0
307949,2026-06-30T18:00:00Z,2026-06-30,MAC00500,OP0219,OP0219,SITE0034,40.67939,-111.88851,14.8,7.04,0.66,4766.5,767.57,686.21,61.1,89.2,47.2,76.1,84.8,24.2,208.8,0.43,1723,OK,92,0,0,,0
309956,2026-06-30T18:00:00Z,2026-06-30,MAC00165,OP0138,OP0138,SITE0012,53.10454,8.83927,15.5,7.54,1.42,8376.2,764.06,759.48,82.8,89.9,43.9,79.2,86.6,24.16,196.0,0.687,1725,OK,71,0,0,,0
309946,2026-06-30T18:00:00Z,2026-06-30,MAC00200,OP0105,OP0105,SITE0075,51.53382,7.42755,15.0,6.06,1.09,3862.5,408.4,380.94,42.7,87.2,41.8,84.1,87.5,24.53,198.2,0.328,1777,OK,73,0,0,,0
309939,2026-06-30T18:00:00Z,2026-06-30,MAC00418,OP0035,OP0035,SITE0120,39.72239,-105.01355,6.6,6.51,1.47,5243.9,675.27,764.39,29.7,88.0,42.1,74.4,85.9,23.75,210.4,0.508,1797,OK,63,0,0,,0
308495,2026-06-30T18:00:00Z,2026-06-30,MAC00283,OP0075,OP0075,SITE0082,21.15428,79.12692,15.9,6.33,1.53,5519.1,142.48,133.54,58.7,87.9,43.2,81.8,86.3,25.04,199.0,0.591,1722,OK,64,0,0,,0
309932,2026-06-30T18:00:00Z,2026-06-30,MAC00452,OP0254,OP0254,SITE0025,47.58014,-122.29366,18.5,7.16,1.11,4629.8,428.17,549.44,67.9,94.1,47.3,81.6,88.4,24.48,240.8,0.304,1869,OK,74,0,0,,0
309925,2026-06-30T18:00:00Z,2026-06-30,MAC00134,OP0132,OP0132,SITE0033,47.55787,-122.43012,17.2,4.57,1.72,8000.6,156.25,155.23,36.5,95.7,43.4,81.2,98.0,23.55,196.9,0.484,1871,OK,66,0,0,,0
309968,2026-06-30T18:00:00Z,2026-06-30,MAC00232,OP0012,OP0012,SITE0074,50.98391,6.97382,11.6,7.63,0.16,11027.1,262.32,271.06,86.0,104.3,31.3,85.0,94.4,24.41,192.0,0.819,1987,OK,62,0,0,,0
307895,2026-06-30T18:00:00Z,2026-06-30,MAC00312,OP0093,OP0093,SITE0171,18.51217,73.85212,6.1,6.7,1.66,11367.9,431.1,431.82,56.6,94.0,43.0,88.5,94.9,24.08,201.2,0.805,1745,OK,79,0,0,,0
309909,2026-06-30T18:00:00Z,2026-06-30,MAC00277,OP0004,OP0004,SITE0116,45.01921,-93.2825,18.9,6.19,0.58,7017.3,490.3,616.45,67.5,91.5,40.8,79.9,93.2,24.1,224.7,0.61,1848,OK,93,0,0,,0
302087,2026-06-30T18:00:00Z,2026-06-30,MAC00247,OP0068,OP0068,SITE0104,22.57167,88.28429,17.3,3.8,1.24,12276.4,201.34,262.72,48.2,97.3,30.4,82.6,96.8,23.86,192.2,0.676,1821,OK,84,0,0,,0
307879,2026-06-30T18:00:00Z,2026-06-30,MAC00400,OP0166,OP0166,SITE0011,13.04065,80.24501,14.0,5.36,1.47,6129.0,283.13,327.18,70.9,91.8,42.7,78.6,86.7,24.36,219.8,0.34,1763,OK,63,0,0,,0
309897,2026-06-30T18:00:00Z,2026-06-30,MAC00461,OP0208,OP0208,SITE0017,40.3899,-79.9189,24.0,7.92,1.72,6187.0,509.99,511.65,74.1,87.4,38.4,81.7,92.3,24.84,211.9,0.488,1758,OK,89,0,0,,0
309890,2026-06-30T18:00:00Z,2026-06-30,MAC00100,OP0024,OP0024,SITE0162,20.35914,85.77878,16.4,7.25,1.12,10695.8,452.99,493.24,55.2,99.3,42.2,83.0,93.7,24.65,205.6,0.59,1728,OK,88,0,0,,0
309870,2026-06-30T18:00:00Z,2026-06-30,MAC00102,OP0130,OP0130,SITE0109,32.74792,-96.81457,6.3,6.71,0.86,4904.2,96.77,108.84,58.7,93.6,49.0,79.9,90.3,24.52,179.2,0.573,1791,OK,90,0,0,,0
308564,2026-06-30T18:00:00Z,2026-06-30,MAC00182,OP0021,OP0021,SITE0121,39.70413,-104.99973,19.8,7.08,1.56,8958.8,771.14,717.43,83.2,93.7,43.6,78.5,97.0,24.23,197.7,0.406,1780,OK,90,0,0,,0
307819,2026-06-30T18:00:00Z,2026-06-30,MAC00382,OP0262,OP0262,SITE0070,53.47161,9.97216,4.3,7.39,1.76,13876.0,534.87,520.11,61.9,98.5,40.7,85.2,86.9,23.67,198.2,0.807,1900,OK,76,0,0,,0
309916,2026-06-30T18:00:00Z,2026-06-30,MAC00373,OP0113,OP0113,SITE0145,41.88153,-87.63172,6.5,6.59,2.22,7364.4,202.42,222.06,73.8,89.3,45.6,87.9,100.0,23.99,194.1,0.724,1902,OK,77,0,0,,0
308604,2026-06-30T18:00:00Z,2026-06-30,MAC00520,OP0279,OP0279,SITE0054,44.89043,-93.24071,20.3,8.52,0.77,8685.6,983.03,1027.89,28.5,89.8,48.0,75.5,88.9,24.51,202.5,0.433,1748,OK,71,0,0,,0
308458,2026-06-30T18:00:00Z,2026-06-30,MAC00127,OP0220,OP0220,SITE0071,-20.74963,116.85421,16.9,5.67,1.44,8066.8,580.08,569.56,25.9,93.0,48.0,77.8,88.4,24.25,217.6,0.602,1598,OK,83,0,0,,0
309988,2026-06-30T18:00:00Z,2026-06-30,MAC00095,OP0101,OP0101,SITE0101,-20.76932,116.87387,7.7,5.94,1.87,5532.4,370.01,391.46,66.5,91.6,48.4,81.1,96.3,24.07,191.0,0.503,1663,OK,69,0,0,,0
310085,2026-06-30T18:00:00Z,2026-06-30,MAC00069,OP0264,OP0264,SITE0064,50.87254,6.89096,8.1,8.21,0.17,12254.3,443.69,567.71,70.9,102.2,48.4,82.6,93.7,24.74,184.3,0.721,1617,OK,76,0,0,,0
308343,2026-06-30T18:00:00Z,2026-06-30,MAC00036,OP0197,OP0197,SITE0168,52.39622,9.76526,3.6,7.79,1.14,12751.4,523.84,541.73,42.9,96.0,40.7,86.1,93.4,24.14,212.1,0.692,1706,OK,88,0,0,,0
310079,2026-06-30T18:00:00Z,2026-06-30,MAC00169,OP0262,OP0262,SITE0179,51.28646,6.79088,11.3,6.93,1.9,11228.5,366.69,473.93,32.7,90.4,41.6,80.2,90.7,24.92,210.3,0.719,1949,OK,73,0,0,,0
310073,2026-06-30T18:00:00Z,2026-06-30,MAC00142,OP0048,OP0048,SITE0038,51.3065,6.77229,12.8,6.4,0.91,5490.6,419.87,410.12,61.5,88.4,49.3,79.4,85.7,23.88,209.2,0.451,1790,OK,84,0,0,,0
310067,2026-06-30T18:00:00Z,2026-06-30,MAC00050,OP0228,OP0228,SITE0154,41.89593,-87.56303,16.6,7.37,0.15,8552.2,117.63,126.33,67.4,99.4,44.3,84.9,91.9,23.79,214.5,0.738,1923,OK,67,0,0,,0
310061,2026-06-30T18:00:00Z,2026-06-30,MAC00508,OP0049,OP0049,SITE0043,47.5657,-122.36923,19.6,6.78,2.12,8239.0,833.01,814.56,55.7,87.9,38.2,80.8,94.3,24.62,183.1,0.495,1765,OK,61,0,0,,0
310055,2026-06-30T18:00:00Z,2026-06-30,MAC00450,OP0178,OP0178,SITE0067,44.91597,-93.26385,23.4,6.74,3.11,5491.5,922.73,793.14,23.3,88.0,44.4,78.6,89.1,23.71,201.4,0.438,1962,OK,72,0,0,,0
310049,2026-06-30T18:00:00Z,2026-06-30,MAC00082,OP0008,OP0008,SITE0136,61.23437,-149.8013,22.3,7.09,0.89,13117.4,768.85,884.15,66.7,91.6,41.2,86.6,90.1,24.16,194.3,0.536,1518,OK,82,0,0,,0
309975,2026-06-30T18:00:00Z,2026-06-30,MAC00344,OP0041,OP0041,SITE0065,51.50368,7.44248,16.0,6.1,1.67,6273.2,200.17,202.04,46.4,95.4,41.6,83.5,94.1,23.86,209.3,0.681,1576,OK,74,0,0,,0
308372,2026-06-30T18:00:00Z,2026-06-30,MAC00021,OP0142,OP0142,SITE0176,53.0388,8.80261,11.6,3.84,1.78,10289.0,211.64,260.16,17.1,96.2,40.3,83.1,84.4,24.52,223.8,0.666,1935,OK,79,0,0,,0
310029,2026-06-30T18:00:00Z,2026-06-30,MAC00268,OP0080,OP0080,SITE0061,29.80311,-95.289,16.6,4.27,1.41,7682.4,421.22,427.2,49.5,89.6,41.5,74.4,88.9,24.4,205.2,0.646,1804,OK,70,0,0,,0
310021,2026-06-30T18:00:00Z,2026-06-30,MAC00280,OP0246,OP0246,SITE0151,33.66756,-84.3713,19.9,7.53,1.15,4449.5,399.85,476.86,52.2,91.3,47.4,82.5,92.4,23.61,159.8,0.426,1579,OK,67,0,0,,0
310015,2026-06-30T18:00:00Z,2026-06-30,MAC00220,OP0067,OP0067,SITE0077,21.08812,79.00562,3.1,7.06,1.56,4819.5,868.69,826.12,79.3,94.1,40.6,78.8,96.3,24.84,195.0,0.328,1913,OK,69,0,0,,0
308402,2026-06-30T18:00:00Z,2026-06-30,MAC00491,OP0135,OP0135,SITE0064,50.8773,6.89087,11.9,8.76,1.25,9176.5,274.3,303.07,46.1,94.6,42.9,87.8,94.2,24.19,175.9,0.737,1739,OK,65,0,0,,0
308063,2026-06-30T18:00:00Z,2026-06-30,MAC00340,OP0280,OP0280,SITE0147,51.55588,7.45976,15.1,6.68,2.03,5419.2,406.4,404.74,52.0,87.5,44.9,76.5,92.6,25.17,216.5,0.438,2005,OK,62,0,0,,0
310006,2026-06-30T18:00:00Z,2026-06-30,MAC00278,OP0148,OP0148,SITE0178,22.53071,88.3784,6.5,7.21,1.95,10268.0,505.85,487.86,23.1,96.3,42.5,85.8,87.8,24.35,187.2,0.642,1876,OK,83,0,0,,0
308426,2026-06-30T18:00:00Z,2026-06-30,MAC00039,OP0242,OP0242,SITE0179,51.28395,6.79005,17.7,7.65,1.48,11389.8,877.8,942.87,81.6,96.3,41.3,85.2,98.2,24.32,199.0,0.704,1664,OK,72,0,0,,0
308017,2026-06-30T18:00:00Z,2026-06-30,MAC00267,OP0133,OP0133,SITE0147,51.55834,7.45938,19.8,5.27,1.57,8802.9,363.64,351.12,40.3,90.0,44.0,81.4,94.2,24.66,195.8,0.549,1932,OK,62,0,0,,0
310039,2026-06-30T18:00:00Z,2026-06-30,MAC00543,OP0229,OP0229,SITE0100,34.05742,-118.21761,10.6,1.06,7.25,3991.4,27.15,33.97,61.7,91.0,47.4,83.3,90.7,24.24,195.7,0.515,1862,OK,68,0,1,excess_idle,0
310481,2026-06-30T18:00:00Z,2026-06-30,MAC00440,OP0039,OP0039,SITE0001,-30.73015,121.48803,11.8,5.77,2.17,5375.9,655.41,678.6,45.0,88.5,43.2,78.3,90.0,24.07,210.8,0.491,1876,OK,76,0,0,,0
