date,region,temp_c,precipitation_mm,snowfall_mm,season
2023-01-01,Northeast_US,-6.5,33.4,0.0,winter
2023-01-02,Northeast_US,-4.6,31.2,0.0,winter
2023-01-03,Northeast_US,-4.7,0.0,0.0,winter
2023-01-04,Northeast_US,3.5,0.0,0.0,winter
2023-01-05,Northeast_US,-2.1,34.8,0.0,winter
2023-01-06,Northeast_US,-2.0,0.0,0.0,winter
2023-01-07,Northeast_US,-3.1,17.4,9.4,winter
2023-01-08,Northeast_US,-3.2,0.0,0.0,winter
2023-01-09,Northeast_US,-3.2,0.0,0.0,winter
2023-01-10,Northeast_US,-0.5,0.0,0.0,winter
2023-01-11,Northeast_US,-4.3,0.0,0.0,winter
2023-01-12,Northeast_US,-4.4,0.0,0.0,winter
2023-01-13,Northeast_US,-9.0,28.8,0.0,winter
2023-01-14,Northeast_US,-2.1,25.3,6.2,winter
2023-01-15,Northeast_US,-6.5,0.0,0.0,winter
2023-01-16,Northeast_US,-1.7,0.0,16.2,winter
2023-01-17,Northeast_US,-1.7,26.5,0.0,winter
2023-01-18,Northeast_US,-6.2,0.0,0.0,winter
2023-01-19,Northeast_US,-2.8,0.0,0.0,winter
2023-01-20,Northeast_US,-6.2,0.0,0.0,winter
2023-01-21,Northeast_US,-5.1,0.0,9.1,winter
2023-01-22,Northeast_US,-6.6,0.0,4.4,winter
2023-01-23,Northeast_US,-3.3,0.0,0.0,winter
2023-01-24,Northeast_US,-3.3,0.0,0.0,winter
2023-01-25,Northeast_US,0.3,0.0,0.0,winter
2023-01-26,Northeast_US,-8.1,0.0,0.0,winter
2023-01-27,Northeast_US,-1.4,0.0,10.1,winter
2023-01-28,Northeast_US,-1.9,0.0,15.5,winter
2023-01-29,Northeast_US,-2.2,0.0,0.0,winter
2023-01-30,Northeast_US,-2.3,0.0,14.0,winter
2023-01-31,Northeast_US,-5.0,0.0,0.0,winter
2023-02-01,Northeast_US,-6.4,0.0,0.0,winter
2023-02-02,Northeast_US,-3.0,11.7,0.0,winter
2023-02-03,Northeast_US,-9.0,6.6,0.0,winter
2023-02-04,Northeast_US,-2.2,29.9,0.0,winter
2023-02-05,Northeast_US,-3.4,0.0,0.0,winter
2023-02-06,Northeast_US,-5.8,13.2,0.0,winter
2023-02-07,Northeast_US,2.3,0.0,0.0,winter
2023-02-08,Northeast_US,-5.4,4.2,23.1,winter
2023-02-09,Northeast_US,-1.9,0.0,0.0,winter
2023-02-10,Northeast_US,0.1,0.0,16.3,winter
2023-02-11,Northeast_US,-0.2,0.0,0.0,winter
2023-02-12,Northeast_US,-0.9,0.0,8.2,winter
2023-02-13,Northeast_US,-1.8,0.0,0.0,winter
2023-02-14,Northeast_US,-4.9,5.7,0.0,winter
2023-02-15,Northeast_US,-2.1,22.8,16.9,winter
2023-02-16,Northeast_US,-5.3,0.0,0.0,winter
2023-02-17,Northeast_US,0.6,0.0,0.0,winter
2023-02-18,Northeast_US,-4.7,0.0,10.8,winter
2023-02-19,Northeast_US,0.4,0.0,13.3,winter
2023-02-20,Northeast_US,-2.4,0.0,28.5,winter
2023-02-21,Northeast_US,-3.5,18.0,0.0,winter
2023-02-22,Northeast_US,-1.2,35.0,0.0,winter
2023-02-23,Northeast_US,-2.8,25.7,0.0,winter
2023-02-24,Northeast_US,-4.6,31.3,0.0,winter
2023-02-25,Northeast_US,4.4,5.0,0.0,winter
2023-02-26,Northeast_US,4.9,30.6,6.9,winter
2023-02-27,Northeast_US,2.4,0.0,0.0,winter
2023-02-28,Northeast_US,-2.4,0.0,0.0,winter
2023-03-01,Northeast_US,-4.7,0.0,0.0,spring
2023-03-02,Northeast_US,-2.5,0.0,29.2,spring
2023-03-03,Northeast_US,1.4,0.0,0.0,spring
2023-03-04,Northeast_US,3.0,0.0,0.0,spring
2023-03-05,Northeast_US,2.0,26.1,12.3,spring
2023-03-06,Northeast_US,-1.6,24.2,0.0,spring
2023-03-07,Northeast_US,3.3,0.0,0.0,spring
2023-03-08,Northeast_US,2.6,0.0,27.5,spring
2023-03-09,Northeast_US,4.7,0.0,0.0,spring
2023-03-10,Northeast_US,5.4,0.0,0.0,spring
2023-03-11,Northeast_US,-4.2,28.6,20.1,spring
2023-03-12,Northeast_US,0.3,0.0,0.0,spring
2023-03-13,Northeast_US,0.8,0.0,0.0,spring
2023-03-14,Northeast_US,5.9,0.0,0.0,spring
2023-03-15,Northeast_US,3.9,0.0,11.2,spring
2023-03-16,Northeast_US,6.3,34.2,0.0,spring
2023-03-17,Northeast_US,2.5,0.0,4.3,spring
2023-03-18,Northeast_US,1.4,0.0,0.0,spring
2023-03-19,Northeast_US,0.6,22.8,21.8,spring
2023-03-20,Northeast_US,6.6,0.0,0.0,spring
2023-03-21,Northeast_US,6.9,0.0,0.0,spring
2023-03-22,Northeast_US,3.9,27.1,0.0,spring
2023-03-23,Northeast_US,4.6,0.0,28.6,spring
2023-03-24,Northeast_US,6.0,40.0,0.0,spring
2023-03-25,Northeast_US,6.8,0.0,0.0,spring
2023-03-26,Northeast_US,1.7,0.0,0.0,spring
2023-03-27,Northeast_US,5.0,0.0,0.0,spring
2023-03-28,Northeast_US,4.6,8.1,0.0,spring
2023-03-29,Northeast_US,2.8,0.0,0.0,spring
2023-03-30,Northeast_US,9.7,0.0,12.2,spring
2023-03-31,Northeast_US,5.9,0.0,0.0,spring
2023-04-01,Northeast_US,11.1,10.3,0.0,spring
2023-04-02,Northeast_US,6.2,0.0,0.0,spring
2023-04-03,Northeast_US,4.9,27.5,0.0,spring
2023-04-04,Northeast_US,6.5,0.0,0.0,spring
2023-04-05,Northeast_US,5.3,0.0,0.0,spring
2023-04-06,Northeast_US,8.1,8.8,0.0,spring
2023-04-07,Northeast_US,9.0,0.0,0.0,spring
2023-04-08,Northeast_US,8.1,0.0,0.0,spring
2023-04-09,Northeast_US,12.5,0.0,0.0,spring
2023-04-10,Northeast_US,7.6,0.0,0.0,spring
2023-04-11,Northeast_US,10.9,4.3,0.0,spring
2023-04-12,Northeast_US,12.0,0.0,0.0,spring
2023-04-13,Northeast_US,14.6,0.0,0.0,spring
2023-04-14,Northeast_US,13.2,0.0,0.0,spring
2023-04-15,Northeast_US,12.8,0.0,0.0,spring
2023-04-16,Northeast_US,9.7,0.0,0.0,spring
2023-04-17,Northeast_US,10.3,0.0,0.0,spring
2023-04-18,Northeast_US,12.0,13.4,0.0,spring
2023-04-19,Northeast_US,10.8,28.9,0.0,spring
2023-04-20,Northeast_US,13.0,36.8,0.0,spring
2023-04-21,Northeast_US,14.2,0.0,0.0,spring
2023-04-22,Northeast_US,8.7,0.0,0.0,spring
2023-04-23,Northeast_US,13.0,0.0,0.0,spring
2023-04-24,Northeast_US,12.6,6.8,0.0,spring
2023-04-25,Northeast_US,11.1,0.0,0.0,spring
2023-04-26,Northeast_US,11.8,0.0,0.0,spring
2023-04-27,Northeast_US,14.0,5.8,0.0,spring
2023-04-28,Northeast_US,17.5,0.0,0.0,spring
2023-04-29,Northeast_US,11.1,33.6,0.0,spring
2023-04-30,Northeast_US,14.5,0.0,0.0,spring
2023-05-01,Northeast_US,14.3,0.0,0.0,spring
2023-05-02,Northeast_US,13.0,14.8,0.0,spring
2023-05-03,Northeast_US,16.7,0.0,0.0,spring
2023-05-04,Northeast_US,19.0,0.0,0.0,spring
2023-05-05,Northeast_US,18.8,0.0,0.0,spring
2023-05-06,Northeast_US,15.1,0.0,0.0,spring
2023-05-07,Northeast_US,21.3,0.0,0.0,spring
2023-05-08,Northeast_US,17.2,16.1,0.0,spring
2023-05-09,Northeast_US,16.8,0.0,0.0,spring
2023-05-10,Northeast_US,14.7,10.4,0.0,spring
2023-05-11,Northeast_US,19.9,0.0,0.0,spring
2023-05-12,Northeast_US,19.5,0.0,0.0,spring
2023-05-13,Northeast_US,15.9,14.7,0.0,spring
2023-05-14,Northeast_US,21.1,0.0,0.0,spring
2023-05-15,Northeast_US,21.1,0.0,0.0,spring
2023-05-16,Northeast_US,18.2,6.3,0.0,spring
2023-05-17,Northeast_US,19.4,0.0,0.0,spring
2023-05-18,Northeast_US,18.7,31.9,0.0,spring
2023-05-19,Northeast_US,18.3,0.0,0.0,spring
2023-05-20,Northeast_US,21.4,0.0,0.0,spring
2023-05-21,Northeast_US,19.0,0.0,0.0,spring
2023-05-22,Northeast_US,20.0,0.0,0.0,spring
2023-05-23,Northeast_US,23.6,34.6,0.0,spring
2023-05-24,Northeast_US,21.4,32.2,0.0,spring
2023-05-25,Northeast_US,18.4,0.0,0.0,spring
2023-05-26,Northeast_US,22.4,0.0,0.0,spring
2023-05-27,Northeast_US,22.5,0.0,0.0,spring
2023-05-28,Northeast_US,24.7,0.0,0.0,spring
2023-05-29,Northeast_US,21.3,0.0,0.0,spring
2023-05-30,Northeast_US,22.6,0.0,0.0,spring
2023-05-31,Northeast_US,23.4,0.0,0.0,spring
2023-06-01,Northeast_US,22.0,5.0,0.0,summer
2023-06-02,Northeast_US,21.4,0.0,0.0,summer
2023-06-03,Northeast_US,25.0,0.0,0.0,summer
2023-06-04,Northeast_US,18.8,18.3,0.0,summer
2023-06-05,Northeast_US,24.1,0.0,0.0,summer
2023-06-06,Northeast_US,19.7,0.0,0.0,summer
2023-06-07,Northeast_US,24.5,0.0,0.0,summer
2023-06-08,Northeast_US,20.8,27.2,0.0,summer
2023-06-09,Northeast_US,25.1,0.0,0.0,summer
2023-06-10,Northeast_US,25.8,2.2,0.0,summer
2023-06-11,Northeast_US,20.7,0.0,0.0,summer
2023-06-12,Northeast_US,22.5,10.2,0.0,summer
2023-06-13,Northeast_US,22.2,0.0,0.0,summer
2023-06-14,Northeast_US,22.0,7.0,0.0,summer
2023-06-15,Northeast_US,25.2,0.0,0.0,summer
2023-06-16,Northeast_US,23.1,6.4,0.0,summer
2023-06-17,Northeast_US,26.3,38.5,0.0,summer
2023-06-18,Northeast_US,19.3,8.3,0.0,summer
2023-06-19,Northeast_US,24.4,31.2,0.0,summer
2023-06-20,Northeast_US,25.9,0.0,0.0,summer
2023-06-21,Northeast_US,28.6,0.0,0.0,summer
2023-06-22,Northeast_US,25.8,0.0,0.0,summer
2023-06-23,Northeast_US,26.8,7.7,0.0,summer
2023-06-24,Northeast_US,30.1,0.0,0.0,summer
2023-06-25,Northeast_US,25.6,0.0,0.0,summer
2023-06-26,Northeast_US,23.9,0.0,0.0,summer
2023-06-27,Northeast_US,22.5,0.0,0.0,summer
2023-06-28,Northeast_US,28.2,12.7,0.0,summer
2023-06-29,Northeast_US,29.4,0.0,0.0,summer
2023-06-30,Northeast_US,27.3,15.1,0.0,summer
2023-07-01,Northeast_US,33.4,0.0,0.0,summer
2023-07-02,Northeast_US,24.3,20.3,0.0,summer
2023-07-03,Northeast_US,28.9,0.0,0.0,summer
2023-07-04,Northeast_US,30.0,0.0,0.0,summer
2023-07-05,Northeast_US,30.3,16.5,0.0,summer
2023-07-06,Northeast_US,24.1,0.0,0.0,summer
2023-07-07,Northeast_US,27.0,0.0,0.0,summer
2023-07-08,Northeast_US,28.3,0.0,0.0,summer
2023-07-09,Northeast_US,28.3,19.2,0.0,summer
2023-07-10,Northeast_US,30.1,0.0,0.0,summer
2023-07-11,Northeast_US,30.2,0.0,0.0,summer
2023-07-12,Northeast_US,27.0,0.0,0.0,summer
2023-07-13,Northeast_US,25.6,0.0,0.0,summer
2023-07-14,Northeast_US,28.4,0.0,0.0,summer
2023-07-15,Northeast_US,24.3,0.0,0.0,summer
2023-07-16,Northeast_US,27.9,37.5,0.0,summer
2023-07-17,Northeast_US,33.0,0.0,0.0,summer
2023-07-18,Northeast_US,29.1,4.1,0.0,summer
2023-07-19,Northeast_US,32.9,25.4,0.0,summer
2023-07-20,Northeast_US,30.0,0.0,0.0,summer
2023-07-21,Northeast_US,29.0,0.0,0.0,summer
2023-07-22,Northeast_US,28.6,0.0,0.0,summer
2023-07-23,Northeast_US,30.0,0.0,0.0,summer
2023-07-24,Northeast_US,27.6,0.0,0.0,summer
2023-07-25,Northeast_US,26.6,0.0,0.0,summer
2023-07-26,Northeast_US,27.1,38.0,0.0,summer
2023-07-27,Northeast_US,24.9,23.3,0.0,summer
2023-07-28,Northeast_US,32.0,0.0,0.0,summer
2023-07-29,Northeast_US,27.8,0.0,0.0,summer
2023-07-30,Northeast_US,26.1,0.0,0.0,summer
2023-07-31,Northeast_US,28.4,0.0,0.0,summer
2023-08-01,Northeast_US,23.0,0.0,0.0,summer
2023-08-02,Northeast_US,27.7,17.2,0.0,summer
2023-08-03,Northeast_US,25.7,0.0,0.0,summer
2023-08-04,Northeast_US,27.6,0.0,0.0,summer
2023-08-05,Northeast_US,28.6,0.0,0.0,summer
2023-08-06,Northeast_US,26.1,0.0,0.0,summer
2023-08-07,Northeast_US,25.0,0.0,0.0,summer
2023-08-08,Northeast_US,26.0,5.8,0.0,summer
2023-08-09,Northeast_US,26.5,0.0,0.0,summer
2023-08-10,Northeast_US,26.5,0.0,0.0,summer
2023-08-11,Northeast_US,20.2,0.0,0.0,summer
2023-08-12,Northeast_US,28.9,0.0,0.0,summer
2023-08-13,Northeast_US,29.2,0.0,0.0,summer
2023-08-14,Northeast_US,23.9,7.2,0.0,summer
2023-08-15,Northeast_US,20.3,0.0,0.0,summer
2023-08-16,Northeast_US,26.3,0.0,0.0,summer
2023-08-17,Northeast_US,23.3,16.3,0.0,summer
2023-08-18,Northeast_US,25.5,0.0,0.0,summer
2023-08-19,Northeast_US,20.9,12.0,0.0,summer
2023-08-20,Northeast_US,21.9,0.0,0.0,summer
2023-08-21,Northeast_US,25.6,1.3,0.0,summer
2023-08-22,Northeast_US,25.3,15.3,0.0,summer
2023-08-23,Northeast_US,25.0,0.0,0.0,summer
2023-08-24,Northeast_US,24.3,0.0,0.0,summer
2023-08-25,Northeast_US,23.4,0.0,0.0,summer
2023-08-26,Northeast_US,26.2,0.0,0.0,summer
2023-08-27,Northeast_US,25.2,0.0,0.0,summer
2023-08-28,Northeast_US,20.4,0.0,0.0,summer
2023-08-29,Northeast_US,18.2,4.8,0.0,summer
2023-08-30,Northeast_US,28.4,0.0,0.0,summer
2023-08-31,Northeast_US,25.0,0.0,0.0,summer
2023-09-01,Northeast_US,25.4,0.0,0.0,fall
2023-09-02,Northeast_US,21.6,2.5,0.0,fall
2023-09-03,Northeast_US,18.0,0.0,0.0,fall
2023-09-04,Northeast_US,25.9,35.8,0.0,fall
2023-09-05,Northeast_US,26.5,0.0,0.0,fall
2023-09-06,Northeast_US,18.2,0.0,0.0,fall
2023-09-07,Northeast_US,18.4,0.0,0.0,fall
2023-09-08,Northeast_US,18.5,0.0,0.0,fall
2023-09-09,Northeast_US,21.0,0.0,0.0,fall
2023-09-10,Northeast_US,23.2,0.0,0.0,fall
2023-09-11,Northeast_US,21.0,17.2,0.0,fall
2023-09-12,Northeast_US,24.6,0.0,0.0,fall
2023-09-13,Northeast_US,17.3,0.0,0.0,fall
2023-09-14,Northeast_US,19.8,0.0,0.0,fall
2023-09-15,Northeast_US,23.5,0.0,0.0,fall
2023-09-16,Northeast_US,19.8,0.0,0.0,fall
2023-09-17,Northeast_US,20.2,0.0,0.0,fall
2023-09-18,Northeast_US,18.4,0.0,0.0,fall
2023-09-19,Northeast_US,14.7,0.0,0.0,fall
2023-09-20,Northeast_US,18.9,0.0,0.0,fall
2023-09-21,Northeast_US,21.8,0.0,0.0,fall
2023-09-22,Northeast_US,16.0,18.2,0.0,fall
2023-09-23,Northeast_US,19.3,20.6,0.0,fall
2023-09-24,Northeast_US,13.0,0.0,0.0,fall
2023-09-25,Northeast_US,18.4,0.0,0.0,fall
2023-09-26,Northeast_US,14.1,0.0,0.0,fall
2023-09-27,Northeast_US,16.7,0.0,0.0,fall
2023-09-28,Northeast_US,12.3,0.0,0.0,fall
2023-09-29,Northeast_US,20.9,0.0,0.0,fall
2023-09-30,Northeast_US,12.7,0.0,0.0,fall
2023-10-01,Northeast_US,15.0,0.0,0.0,fall
2023-10-02,Northeast_US,16.4,0.0,0.0,fall
2023-10-03,Northeast_US,13.7,0.0,0.0,fall
2023-10-04,Northeast_US,14.9,0.0,0.0,fall
2023-10-05,Northeast_US,17.1,0.0,0.0,fall
2023-10-06,Northeast_US,15.3,0.0,0.0,fall
2023-10-07,Northeast_US,10.6,0.0,0.0,fall
2023-10-08,Northeast_US,11.0,0.0,0.0,fall
2023-10-09,Northeast_US,14.4,0.0,0.0,fall
2023-10-10,Northeast_US,12.9,0.0,0.0,fall
2023-10-11,Northeast_US,16.6,0.0,0.0,fall
2023-10-12,Northeast_US,11.4,0.0,0.0,fall
2023-10-13,Northeast_US,14.3,0.0,0.0,fall
2023-10-14,Northeast_US,13.6,2.6,0.0,fall
2023-10-15,Northeast_US,12.1,0.0,0.0,fall
2023-10-16,Northeast_US,12.1,0.0,0.0,fall
2023-10-17,Northeast_US,10.1,0.0,0.0,fall
2023-10-18,Northeast_US,11.4,22.9,0.0,fall
2023-10-19,Northeast_US,12.5,0.0,0.0,fall
2023-10-20,Northeast_US,12.5,3.0,0.0,fall
2023-10-21,Northeast_US,9.8,4.9,0.0,fall
2023-10-22,Northeast_US,6.8,0.0,0.0,fall
2023-10-23,Northeast_US,10.9,38.6,0.0,fall
2023-10-24,Northeast_US,12.0,0.0,0.0,fall
2023-10-25,Northeast_US,12.7,0.0,0.0,fall
2023-10-26,Northeast_US,7.0,0.0,0.0,fall
2023-10-27,Northeast_US,5.8,12.1,0.0,fall
2023-10-28,Northeast_US,7.9,31.0,0.0,fall
2023-10-29,Northeast_US,7.2,0.0,0.0,fall
2023-10-30,Northeast_US,13.9,0.0,0.0,fall
2023-10-31,Northeast_US,9.4,0.0,0.0,fall
2023-11-01,Northeast_US,12.5,0.0,0.0,fall
2023-11-02,Northeast_US,8.7,30.2,0.0,fall
2023-11-03,Northeast_US,6.3,2.5,0.0,fall
2023-11-04,Northeast_US,10.3,0.0,0.0,fall
2023-11-05,Northeast_US,1.7,0.0,0.0,fall
2023-11-06,Northeast_US,5.8,32.5,16.1,fall
2023-11-07,Northeast_US,6.2,0.0,22.5,fall
2023-11-08,Northeast_US,5.7,0.0,10.3,fall
2023-11-09,Northeast_US,3.6,0.0,19.1,fall
2023-11-10,Northeast_US,7.1,39.3,13.2,fall
2023-11-11,Northeast_US,7.8,0.0,0.0,fall
2023-11-12,Northeast_US,5.2,13.9,0.0,fall
2023-11-13,Northeast_US,4.7,0.0,0.0,fall
2023-11-14,Northeast_US,7.0,0.0,20.7,fall
2023-11-15,Northeast_US,7.6,0.0,21.2,fall
2023-11-16,Northeast_US,1.4,0.0,0.0,fall
2023-11-17,Northeast_US,5.0,0.0,0.0,fall
2023-11-18,Northeast_US,9.8,0.0,0.0,fall
2023-11-19,Northeast_US,1.8,0.0,0.0,fall
2023-11-20,Northeast_US,-2.1,0.0,0.0,fall
2023-11-21,Northeast_US,1.6,0.0,0.0,fall
2023-11-22,Northeast_US,-0.3,0.0,0.0,fall
2023-11-23,Northeast_US,3.6,0.0,0.0,fall
2023-11-24,Northeast_US,1.7,0.0,0.0,fall
2023-11-25,Northeast_US,-1.4,34.3,17.0,fall
2023-11-26,Northeast_US,3.3,0.0,0.0,fall
2023-11-27,Northeast_US,3.0,0.0,0.0,fall
2023-11-28,Northeast_US,2.0,0.0,0.0,fall
2023-11-29,Northeast_US,1.1,0.0,0.0,fall
2023-11-30,Northeast_US,1.6,3.8,2.1,fall
2023-12-01,Northeast_US,0.0,0.0,0.0,winter
2023-12-02,Northeast_US,0.5,0.0,0.0,winter
2023-12-03,Northeast_US,2.9,8.0,0.0,winter
2023-12-04,Northeast_US,3.0,0.0,0.0,winter
2023-12-05,Northeast_US,-5.1,0.0,0.0,winter
2023-12-06,Northeast_US,1.7,38.6,0.0,winter
2023-12-07,Northeast_US,5.6,34.6,0.0,winter
2023-12-08,Northeast_US,4.9,39.2,0.0,winter
2023-12-09,Northeast_US,2.2,0.0,0.0,winter
2023-12-10,Northeast_US,-1.1,0.0,0.0,winter
2023-12-11,Northeast_US,0.0,19.0,0.0,winter
2023-12-12,Northeast_US,0.3,0.0,0.0,winter
2023-12-13,Northeast_US,3.6,0.0,20.5,winter
2023-12-14,Northeast_US,-3.4,0.0,3.9,winter
2023-12-15,Northeast_US,-0.2,0.0,0.0,winter
2023-12-16,Northeast_US,-3.0,0.0,14.3,winter
2023-12-17,Northeast_US,3.3,0.0,0.0,winter
2023-12-18,Northeast_US,4.2,0.0,27.7,winter
2023-12-19,Northeast_US,-1.3,0.0,0.0,winter
2023-12-20,Northeast_US,-3.8,0.0,0.0,winter
2023-12-21,Northeast_US,-2.8,0.0,0.0,winter
2023-12-22,Northeast_US,0.7,0.0,0.0,winter
2023-12-23,Northeast_US,-0.3,0.0,21.0,winter
2023-12-24,Northeast_US,-2.0,0.0,0.0,winter
2023-12-25,Northeast_US,-4.5,0.0,0.0,winter
2023-12-26,Northeast_US,-1.7,9.8,17.1,winter
2023-12-27,Northeast_US,-0.5,19.1,0.0,winter
2023-12-28,Northeast_US,-2.1,0.0,0.0,winter
2023-12-29,Northeast_US,-0.7,13.9,0.0,winter
2023-12-30,Northeast_US,-1.9,0.0,0.0,winter
2023-12-31,Northeast_US,-3.9,15.7,0.0,winter
2024-01-01,Northeast_US,-3.8,0.0,24.5,winter
2024-01-02,Northeast_US,-1.7,9.1,0.0,winter
2024-01-03,Northeast_US,-4.7,8.4,0.0,winter
2024-01-04,Northeast_US,-3.4,0.0,0.0,winter
2024-01-05,Northeast_US,-9.2,0.0,0.0,winter
2024-01-06,Northeast_US,-4.3,13.5,0.0,winter
2024-01-07,Northeast_US,-1.0,0.0,0.0,winter
2024-01-08,Northeast_US,-8.2,0.0,0.0,winter
2024-01-09,Northeast_US,-2.9,0.0,0.0,winter
2024-01-10,Northeast_US,0.9,0.0,7.7,winter
2024-01-11,Northeast_US,-2.5,22.6,0.0,winter
2024-01-12,Northeast_US,-4.4,0.0,0.0,winter
2024-01-13,Northeast_US,-2.4,22.5,18.0,winter
2024-01-14,Northeast_US,-3.7,0.0,0.0,winter
2024-01-15,Northeast_US,-6.9,0.0,0.0,winter
2024-01-16,Northeast_US,-4.8,0.0,0.0,winter
2024-01-17,Northeast_US,-2.9,35.7,0.0,winter
2024-01-18,Northeast_US,-8.7,0.0,0.0,winter
2024-01-19,Northeast_US,-4.7,1.2,24.9,winter
2024-01-20,Northeast_US,-3.4,6.9,19.7,winter
2024-01-21,Northeast_US,-1.3,0.0,19.9,winter
2024-01-22,Northeast_US,-0.9,0.0,0.0,winter
2024-01-23,Northeast_US,-3.6,29.2,0.0,winter
2024-01-24,Northeast_US,-4.8,20.6,0.0,winter
2024-01-25,Northeast_US,-6.4,36.8,0.0,winter
2024-01-26,Northeast_US,-3.9,25.2,0.0,winter
2024-01-27,Northeast_US,-1.5,38.4,0.0,winter
2024-01-28,Northeast_US,-5.2,28.2,0.0,winter
2024-01-29,Northeast_US,0.8,0.0,29.8,winter
2024-01-30,Northeast_US,-7.2,0.0,13.3,winter
2024-01-31,Northeast_US,-3.0,34.0,0.0,winter
2024-02-01,Northeast_US,3.2,0.0,0.0,winter
2024-02-02,Northeast_US,-4.4,0.0,0.0,winter
2024-02-03,Northeast_US,-5.2,0.0,27.2,winter
2024-02-04,Northeast_US,-4.1,0.0,0.0,winter
2024-02-05,Northeast_US,-1.1,0.0,17.2,winter
2024-02-06,Northeast_US,1.3,33.0,7.8,winter
2024-02-07,Northeast_US,-4.0,0.0,0.0,winter
2024-02-08,Northeast_US,0.1,0.0,0.0,winter
2024-02-09,Northeast_US,-5.9,0.0,0.0,winter
2024-02-10,Northeast_US,-0.0,0.0,0.0,winter
2024-02-11,Northeast_US,-1.2,0.0,22.9,winter
2024-02-12,Northeast_US,-1.5,0.0,18.9,winter
2024-02-13,Northeast_US,-4.1,0.0,0.0,winter
2024-02-14,Northeast_US,0.8,0.0,0.0,winter
2024-02-15,Northeast_US,-0.9,0.0,17.5,winter
2024-02-16,Northeast_US,1.0,0.0,0.0,winter
2024-02-17,Northeast_US,-5.1,11.5,8.9,winter
2024-02-18,Northeast_US,1.2,0.0,12.9,winter
2024-02-19,Northeast_US,-1.6,0.0,28.4,winter
2024-02-20,Northeast_US,-2.7,0.0,14.1,winter
2024-02-21,Northeast_US,-4.5,4.5,0.0,winter
2024-02-22,Northeast_US,-2.3,0.0,0.0,winter
2024-02-23,Northeast_US,-1.5,0.0,13.6,winter
2024-02-24,Northeast_US,-4.0,21.3,0.0,winter
2024-02-25,Northeast_US,-0.9,11.5,0.0,winter
2024-02-26,Northeast_US,0.8,31.5,9.7,winter
2024-02-27,Northeast_US,-0.9,0.0,0.0,winter
2024-02-28,Northeast_US,-3.1,0.0,0.0,winter
2024-02-29,Northeast_US,1.3,0.0,2.2,winter
2024-03-01,Northeast_US,-1.9,0.0,0.0,spring
2024-03-02,Northeast_US,-1.6,0.0,0.0,spring
2024-03-03,Northeast_US,-2.2,0.0,18.9,spring
2024-03-04,Northeast_US,-1.0,16.5,0.0,spring
2024-03-05,Northeast_US,4.6,0.0,0.0,spring
2024-03-06,Northeast_US,0.3,0.0,0.0,spring
2024-03-07,Northeast_US,5.6,0.0,0.0,spring
2024-03-08,Northeast_US,5.5,30.9,29.9,spring
2024-03-09,Northeast_US,2.4,32.1,0.0,spring
2024-03-10,Northeast_US,3.0,34.1,0.0,spring
2024-03-11,Northeast_US,-1.5,7.0,10.5,spring
2024-03-12,Northeast_US,-0.9,0.0,0.0,spring
2024-03-13,Northeast_US,3.6,0.0,0.0,spring
2024-03-14,Northeast_US,2.2,0.0,0.0,spring
2024-03-15,Northeast_US,3.3,0.0,0.0,spring
2024-03-16,Northeast_US,4.3,0.0,0.0,spring
2024-03-17,Northeast_US,2.8,24.9,20.6,spring
2024-03-18,Northeast_US,-0.3,0.0,0.0,spring
2024-03-19,Northeast_US,-1.3,4.8,24.3,spring
2024-03-20,Northeast_US,3.5,0.0,22.9,spring
2024-03-21,Northeast_US,2.7,0.0,0.0,spring
2024-03-22,Northeast_US,9.7,0.0,0.0,spring
2024-03-23,Northeast_US,11.9,36.9,0.0,spring
2024-03-24,Northeast_US,3.8,0.0,25.3,spring
2024-03-25,Northeast_US,7.2,0.0,0.0,spring
2024-03-26,Northeast_US,4.7,0.0,4.7,spring
2024-03-27,Northeast_US,6.1,14.4,21.9,spring
2024-03-28,Northeast_US,5.9,0.0,24.4,spring
2024-03-29,Northeast_US,3.3,0.0,0.0,spring
2024-03-30,Northeast_US,7.6,0.0,0.0,spring
2024-03-31,Northeast_US,3.5,0.0,20.4,spring
2024-04-01,Northeast_US,9.1,0.0,0.0,spring
2024-04-02,Northeast_US,5.5,0.0,0.0,spring
2024-04-03,Northeast_US,6.9,9.4,0.0,spring
2024-04-04,Northeast_US,11.7,0.0,0.0,spring
2024-04-05,Northeast_US,9.1,0.0,0.0,spring
2024-04-06,Northeast_US,5.4,0.0,0.0,spring
2024-04-07,Northeast_US,7.3,5.4,0.0,spring
2024-04-08,Northeast_US,6.4,0.0,0.0,spring
2024-04-09,Northeast_US,7.3,0.0,0.0,spring
2024-04-10,Northeast_US,11.0,14.7,0.0,spring
2024-04-11,Northeast_US,11.5,0.0,0.0,spring
2024-04-12,Northeast_US,13.3,0.0,0.0,spring
2024-04-13,Northeast_US,7.1,0.0,0.0,spring
2024-04-14,Northeast_US,8.5,0.0,0.0,spring
2024-04-15,Northeast_US,9.8,5.6,0.0,spring
2024-04-16,Northeast_US,12.0,0.0,0.0,spring
2024-04-17,Northeast_US,9.0,0.0,0.0,spring
2024-04-18,Northeast_US,10.4,0.0,0.0,spring
2024-04-19,Northeast_US,16.9,0.0,0.0,spring
2024-04-20,Northeast_US,9.3,7.5,0.0,spring
2024-04-21,Northeast_US,14.3,8.3,0.0,spring
2024-04-22,Northeast_US,9.7,0.0,0.0,spring
2024-04-23,Northeast_US,11.3,0.0,0.0,spring
2024-04-24,Northeast_US,13.3,0.0,0.0,spring
2024-04-25,Northeast_US,12.0,0.0,0.0,spring
2024-04-26,Northeast_US,11.6,0.0,0.0,spring
2024-04-27,Northeast_US,12.5,0.0,0.0,spring
2024-04-28,Northeast_US,14.7,0.0,0.0,spring
2024-04-29,Northeast_US,14.6,0.0,0.0,spring
2024-04-30,Northeast_US,15.4,12.3,0.0,spring
2024-05-01,Northeast_US,11.1,0.0,0.0,spring
2024-05-02,Northeast_US,13.5,0.0,0.0,spring
2024-05-03,Northeast_US,13.8,0.0,0.0,spring
2024-05-04,Northeast_US,14.9,0.0,0.0,spring
2024-05-05,Northeast_US,12.0,0.0,0.0,spring
2024-05-06,Northeast_US,15.2,0.0,0.0,spring
2024-05-07,Northeast_US,17.1,0.0,0.0,spring
2024-05-08,Northeast_US,19.4,0.0,0.0,spring
2024-05-09,Northeast_US,17.1,0.0,0.0,spring
2024-05-10,Northeast_US,22.4,11.2,0.0,spring
2024-05-11,Northeast_US,21.8,0.0,0.0,spring
2024-05-12,Northeast_US,20.4,32.7,0.0,spring
2024-05-13,Northeast_US,16.2,29.8,0.0,spring
2024-05-14,Northeast_US,13.7,0.0,0.0,spring
2024-05-15,Northeast_US,15.2,0.0,0.0,spring
2024-05-16,Northeast_US,15.8,0.0,0.0,spring
2024-05-17,Northeast_US,16.2,0.0,0.0,spring
2024-05-18,Northeast_US,17.9,0.0,0.0,spring
2024-05-19,Northeast_US,18.6,39.2,0.0,spring
2024-05-20,Northeast_US,22.8,0.0,0.0,spring
2024-05-21,Northeast_US,23.6,0.0,0.0,spring
2024-05-22,Northeast_US,17.4,30.3,0.0,spring
2024-05-23,Northeast_US,22.2,0.0,0.0,spring
2024-05-24,Northeast_US,21.3,0.0,0.0,spring
2024-05-25,Northeast_US,21.7,0.0,0.0,spring
2024-05-26,Northeast_US,22.0,0.0,0.0,spring
2024-05-27,Northeast_US,20.1,33.9,0.0,spring
2024-05-28,Northeast_US,22.3,0.0,0.0,spring
2024-05-29,Northeast_US,20.9,0.0,0.0,spring
2024-05-30,Northeast_US,22.5,0.0,0.0,spring
2024-05-31,Northeast_US,18.6,0.0,0.0,spring
2024-06-01,Northeast_US,24.6,0.0,0.0,summer
2024-06-02,Northeast_US,19.6,0.0,0.0,summer
2024-06-03,Northeast_US,23.4,0.0,0.0,summer
2024-06-04,Northeast_US,23.4,0.0,0.0,summer
2024-06-05,Northeast_US,22.0,0.0,0.0,summer
2024-06-06,Northeast_US,21.5,0.0,0.0,summer
2024-06-07,Northeast_US,18.7,0.0,0.0,summer
2024-06-08,Northeast_US,28.0,0.0,0.0,summer
2024-06-09,Northeast_US,22.7,0.0,0.0,summer
2024-06-10,Northeast_US,23.1,0.0,0.0,summer
2024-06-11,Northeast_US,27.0,34.2,0.0,summer
2024-06-12,Northeast_US,27.5,0.0,0.0,summer
2024-06-13,Northeast_US,21.7,25.4,0.0,summer
2024-06-14,Northeast_US,30.1,0.0,0.0,summer
2024-06-15,Northeast_US,25.2,18.8,0.0,summer
2024-06-16,Northeast_US,17.3,0.0,0.0,summer
2024-06-17,Northeast_US,28.5,0.0,0.0,summer
2024-06-18,Northeast_US,23.3,0.0,0.0,summer
2024-06-19,Northeast_US,29.9,0.0,0.0,summer
2024-06-20,Northeast_US,28.4,15.1,0.0,summer
2024-06-21,Northeast_US,27.2,0.0,0.0,summer
2024-06-22,Northeast_US,24.8,25.4,0.0,summer
2024-06-23,Northeast_US,21.4,0.0,0.0,summer
2024-06-24,Northeast_US,25.9,4.7,0.0,summer
2024-06-25,Northeast_US,26.8,0.0,0.0,summer
2024-06-26,Northeast_US,25.6,0.0,0.0,summer
2024-06-27,Northeast_US,26.1,0.0,0.0,summer
2024-06-28,Northeast_US,25.1,34.6,0.0,summer
2024-06-29,Northeast_US,23.5,4.5,0.0,summer
2024-06-30,Northeast_US,28.2,0.0,0.0,summer
2024-07-01,Northeast_US,27.8,15.9,0.0,summer
2024-07-02,Northeast_US,28.9,0.0,0.0,summer
2024-07-03,Northeast_US,23.9,0.0,0.0,summer
2024-07-04,Northeast_US,25.4,23.0,0.0,summer
2024-07-05,Northeast_US,25.7,0.0,0.0,summer
2024-07-06,Northeast_US,29.7,30.2,0.0,summer
2024-07-07,Northeast_US,25.1,0.0,0.0,summer
2024-07-08,Northeast_US,27.6,36.0,0.0,summer
2024-07-09,Northeast_US,27.8,0.0,0.0,summer
2024-07-10,Northeast_US,22.9,0.0,0.0,summer
2024-07-11,Northeast_US,28.8,26.1,0.0,summer
2024-07-12,Northeast_US,26.5,24.4,0.0,summer
2024-07-13,Northeast_US,24.9,0.0,0.0,summer
2024-07-14,Northeast_US,28.2,34.0,0.0,summer
2024-07-15,Northeast_US,25.8,0.0,0.0,summer
2024-07-16,Northeast_US,24.3,16.3,0.0,summer
2024-07-17,Northeast_US,23.5,0.0,0.0,summer
2024-07-18,Northeast_US,27.2,16.0,0.0,summer
2024-07-19,Northeast_US,30.6,35.7,0.0,summer
2024-07-20,Northeast_US,26.0,15.1,0.0,summer
2024-07-21,Northeast_US,29.2,0.0,0.0,summer
2024-07-22,Northeast_US,25.5,0.0,0.0,summer
2024-07-23,Northeast_US,26.5,0.0,0.0,summer
2024-07-24,Northeast_US,29.9,0.0,0.0,summer
2024-07-25,Northeast_US,28.4,9.4,0.0,summer
2024-07-26,Northeast_US,29.2,0.0,0.0,summer
2024-07-27,Northeast_US,26.0,28.8,0.0,summer
2024-07-28,Northeast_US,24.5,0.0,0.0,summer
2024-07-29,Northeast_US,27.9,0.0,0.0,summer
2024-07-30,Northeast_US,27.3,0.0,0.0,summer
2024-07-31,Northeast_US,27.5,36.9,0.0,summer
2024-08-01,Northeast_US,27.8,0.0,0.0,summer
2024-08-02,Northeast_US,28.3,0.0,0.0,summer
2024-08-03,Northeast_US,24.3,0.0,0.0,summer
2024-08-04,Northeast_US,23.4,0.0,0.0,summer
2024-08-05,Northeast_US,28.0,0.0,0.0,summer
2024-08-06,Northeast_US,25.6,37.1,0.0,summer
2024-08-07,Northeast_US,29.6,24.9,0.0,summer
2024-08-08,Northeast_US,27.3,0.0,0.0,summer
2024-08-09,Northeast_US,26.1,1.5,0.0,summer
2024-08-10,Northeast_US,26.1,0.0,0.0,summer
2024-08-11,Northeast_US,21.1,0.0,0.0,summer
2024-08-12,Northeast_US,25.1,15.5,0.0,summer
2024-08-13,Northeast_US,28.3,0.0,0.0,summer
2024-08-14,Northeast_US,22.5,36.1,0.0,summer
2024-08-15,Northeast_US,22.5,0.0,0.0,summer
2024-08-16,Northeast_US,26.4,39.0,0.0,summer
2024-08-17,Northeast_US,22.0,0.0,0.0,summer
2024-08-18,Northeast_US,24.9,34.5,0.0,summer
2024-08-19,Northeast_US,25.5,7.1,0.0,summer
2024-08-20,Northeast_US,19.3,0.0,0.0,summer
2024-08-21,Northeast_US,29.4,29.9,0.0,summer
2024-08-22,Northeast_US,24.4,2.8,0.0,summer
2024-08-23,Northeast_US,25.5,0.0,0.0,summer
2024-08-24,Northeast_US,23.2,0.0,0.0,summer
2024-08-25,Northeast_US,23.0,32.3,0.0,summer
2024-08-26,Northeast_US,20.1,10.7,0.0,summer
2024-08-27,Northeast_US,21.5,0.0,0.0,summer
2024-08-28,Northeast_US,27.5,0.0,0.0,summer
2024-08-29,Northeast_US,24.8,27.3,0.0,summer
2024-08-30,Northeast_US,23.5,0.0,0.0,summer
2024-08-31,Northeast_US,26.4,16.6,0.0,summer
2024-09-01,Northeast_US,19.1,0.0,0.0,fall
2024-09-02,Northeast_US,24.8,0.0,0.0,fall
2024-09-03,Northeast_US,23.6,0.0,0.0,fall
2024-09-04,Northeast_US,21.9,31.6,0.0,fall
2024-09-05,Northeast_US,19.9,0.0,0.0,fall
2024-09-06,Northeast_US,25.9,0.0,0.0,fall
2024-09-07,Northeast_US,21.3,0.0,0.0,fall
2024-09-08,Northeast_US,21.6,0.0,0.0,fall
2024-09-09,Northeast_US,19.6,0.0,0.0,fall
2024-09-10,Northeast_US,18.2,22.1,0.0,fall
2024-09-11,Northeast_US,17.7,14.1,0.0,fall
2024-09-12,Northeast_US,17.4,0.0,0.0,fall
2024-09-13,Northeast_US,23.0,0.0,0.0,fall
2024-09-14,Northeast_US,14.3,39.3,0.0,fall
2024-09-15,Northeast_US,22.7,0.0,0.0,fall
2024-09-16,Northeast_US,21.2,11.9,0.0,fall
2024-09-17,Northeast_US,19.7,0.0,0.0,fall
2024-09-18,Northeast_US,21.2,0.0,0.0,fall
2024-09-19,Northeast_US,17.1,0.0,0.0,fall
2024-09-20,Northeast_US,14.9,0.0,0.0,fall
2024-09-21,Northeast_US,18.1,0.0,0.0,fall
2024-09-22,Northeast_US,21.4,0.0,0.0,fall
2024-09-23,Northeast_US,19.2,12.4,0.0,fall
2024-09-24,Northeast_US,19.8,0.0,0.0,fall
2024-09-25,Northeast_US,16.2,0.0,0.0,fall
2024-09-26,Northeast_US,15.3,0.0,0.0,fall
2024-09-27,Northeast_US,17.3,0.0,0.0,fall
2024-09-28,Northeast_US,17.5,31.0,0.0,fall
2024-09-29,Northeast_US,17.0,0.0,0.0,fall
2024-09-30,Northeast_US,17.7,0.0,0.0,fall
2024-10-01,Northeast_US,17.4,0.0,0.0,fall
2024-10-02,Northeast_US,10.8,0.0,0.0,fall
2024-10-03,Northeast_US,16.4,32.5,0.0,fall
2024-10-04,Northeast_US,14.1,0.0,0.0,fall
2024-10-05,Northeast_US,11.5,34.4,0.0,fall
2024-10-06,Northeast_US,16.9,28.7,0.0,fall
2024-10-07,Northeast_US,13.7,12.7,0.0,fall
2024-10-08,Northeast_US,16.8,0.0,0.0,fall
2024-10-09,Northeast_US,19.2,0.0,0.0,fall
2024-10-10,Northeast_US,12.4,0.0,0.0,fall
2024-10-11,Northeast_US,12.8,32.0,0.0,fall
2024-10-12,Northeast_US,13.2,3.4,0.0,fall
2024-10-13,Northeast_US,10.9,16.6,0.0,fall
2024-10-14,Northeast_US,13.3,0.0,0.0,fall
2024-10-15,Northeast_US,11.7,0.0,0.0,fall
2024-10-16,Northeast_US,19.5,0.0,0.0,fall
2024-10-17,Northeast_US,15.5,26.2,0.0,fall
2024-10-18,Northeast_US,15.4,0.0,0.0,fall
2024-10-19,Northeast_US,13.7,0.0,0.0,fall
2024-10-20,Northeast_US,16.2,37.7,0.0,fall
2024-10-21,Northeast_US,12.3,0.0,0.0,fall
2024-10-22,Northeast_US,7.8,0.0,0.0,fall
2024-10-23,Northeast_US,10.0,0.0,0.0,fall
2024-10-24,Northeast_US,11.4,0.0,0.0,fall
2024-10-25,Northeast_US,8.3,0.0,0.0,fall
2024-10-26,Northeast_US,6.5,25.0,0.0,fall
2024-10-27,Northeast_US,6.5,0.0,0.0,fall
2024-10-28,Northeast_US,7.6,0.0,0.0,fall
2024-10-29,Northeast_US,8.5,0.0,0.0,fall
2024-10-30,Northeast_US,5.3,0.0,0.0,fall
2024-10-31,Northeast_US,4.4,39.8,0.0,fall
2024-11-01,Northeast_US,7.0,15.9,0.0,fall
2024-11-02,Northeast_US,4.6,0.0,0.0,fall
2024-11-03,Northeast_US,7.0,0.0,0.0,fall
2024-11-04,Northeast_US,7.4,32.6,0.0,fall
2024-11-05,Northeast_US,4.5,0.0,24.6,fall
2024-11-06,Northeast_US,8.9,10.4,6.5,fall
2024-11-07,Northeast_US,5.7,0.0,0.0,fall
2024-11-08,Northeast_US,1.6,0.0,0.0,fall
2024-11-09,Northeast_US,12.7,0.0,0.0,fall
2024-11-10,Northeast_US,2.3,0.0,8.6,fall
2024-11-11,Northeast_US,1.8,0.0,0.0,fall
2024-11-12,Northeast_US,2.7,0.0,0.0,fall
2024-11-13,Northeast_US,7.1,0.0,28.6,fall
2024-11-14,Northeast_US,-1.8,2.5,0.0,fall
2024-11-15,Northeast_US,2.4,19.6,18.8,fall
2024-11-16,Northeast_US,6.9,0.0,0.0,fall
2024-11-17,Northeast_US,5.0,0.0,24.5,fall
2024-11-18,Northeast_US,4.0,5.3,0.0,fall
2024-11-19,Northeast_US,6.7,0.0,0.0,fall
2024-11-20,Northeast_US,4.7,0.0,0.0,fall
2024-11-21,Northeast_US,2.5,0.0,11.0,fall
2024-11-22,Northeast_US,-0.1,0.0,0.0,fall
2024-11-23,Northeast_US,5.0,0.0,21.8,fall
2024-11-24,Northeast_US,-0.1,0.0,0.0,fall
2024-11-25,Northeast_US,1.7,0.0,0.0,fall
2024-11-26,Northeast_US,-0.4,0.0,2.1,fall
2024-11-27,Northeast_US,1.9,0.0,0.0,fall
2024-11-28,Northeast_US,-1.9,0.0,10.9,fall
2024-11-29,Northeast_US,3.4,0.0,0.0,fall
2024-11-30,Northeast_US,2.7,0.0,4.2,fall
2024-12-01,Northeast_US,2.3,0.0,19.8,winter
2024-12-02,Northeast_US,-2.8,0.0,0.0,winter
2024-12-03,Northeast_US,-2.3,0.0,7.9,winter
2024-12-04,Northeast_US,3.7,18.1,0.0,winter
2024-12-05,Northeast_US,1.7,17.1,0.0,winter
2024-12-06,Northeast_US,-1.8,0.0,0.0,winter
2024-12-07,Northeast_US,-0.3,0.0,0.0,winter
2024-12-08,Northeast_US,-2.3,0.0,0.0,winter
2024-12-09,Northeast_US,-3.6,5.1,2.6,winter
2024-12-10,Northeast_US,3.5,0.0,4.1,winter
2024-12-11,Northeast_US,4.2,0.0,0.0,winter
2024-12-12,Northeast_US,-1.7,0.0,0.0,winter
2024-12-13,Northeast_US,-2.1,0.0,0.0,winter
2024-12-14,Northeast_US,-1.2,0.0,29.3,winter
2024-12-15,Northeast_US,-5.2,0.0,0.0,winter
2024-12-16,Northeast_US,-2.7,0.0,4.7,winter
2024-12-17,Northeast_US,-1.7,0.0,0.0,winter
2024-12-18,Northeast_US,-2.0,0.0,25.1,winter
2024-12-19,Northeast_US,-6.6,9.1,0.0,winter
2024-12-20,Northeast_US,-7.5,31.6,0.0,winter
2024-12-21,Northeast_US,-2.8,0.0,0.0,winter
2024-12-22,Northeast_US,1.0,0.0,0.0,winter
2024-12-23,Northeast_US,-4.5,2.7,0.0,winter
2024-12-24,Northeast_US,-2.0,0.0,0.0,winter
2024-12-25,Northeast_US,-1.9,27.1,21.5,winter
2024-12-26,Northeast_US,-5.4,3.4,0.0,winter
2024-12-27,Northeast_US,0.7,0.0,0.0,winter
2024-12-28,Northeast_US,-4.0,0.0,0.0,winter
2024-12-29,Northeast_US,-2.8,0.0,10.4,winter
2024-12-30,Northeast_US,-3.8,0.0,0.0,winter
2024-12-31,Northeast_US,0.3,0.0,0.0,winter
2025-01-01,Northeast_US,1.5,0.0,0.0,winter
2025-01-02,Northeast_US,-0.1,2.7,7.9,winter
2025-01-03,Northeast_US,-1.7,24.2,25.0,winter
2025-01-04,Northeast_US,-0.9,0.0,22.4,winter
2025-01-05,Northeast_US,-2.0,0.0,0.0,winter
2025-01-06,Northeast_US,0.2,0.0,0.0,winter
2025-01-07,Northeast_US,-3.4,0.0,0.0,winter
2025-01-08,Northeast_US,-9.4,0.0,6.2,winter
2025-01-09,Northeast_US,-7.0,0.0,5.0,winter
2025-01-10,Northeast_US,-0.1,0.0,0.0,winter
2025-01-11,Northeast_US,-7.4,0.0,20.3,winter
2025-01-12,Northeast_US,-6.7,16.7,0.0,winter
2025-01-13,Northeast_US,-6.5,0.0,0.0,winter
2025-01-14,Northeast_US,-1.3,0.0,0.0,winter
2025-01-15,Northeast_US,-3.1,0.0,12.4,winter
2025-01-16,Northeast_US,-1.3,0.0,0.0,winter
2025-01-17,Northeast_US,-8.1,0.0,0.0,winter
2025-01-18,Northeast_US,-3.7,0.0,10.4,winter
2025-01-19,Northeast_US,-6.2,0.0,0.0,winter
2025-01-20,Northeast_US,-6.4,0.0,14.4,winter
2025-01-21,Northeast_US,-2.4,0.0,0.0,winter
2025-01-22,Northeast_US,-7.5,28.7,24.2,winter
2025-01-23,Northeast_US,-1.4,0.0,0.0,winter
2025-01-24,Northeast_US,-3.1,3.2,26.5,winter
2025-01-25,Northeast_US,-3.7,15.4,0.0,winter
2025-01-26,Northeast_US,-0.5,0.0,0.0,winter
2025-01-27,Northeast_US,-5.5,0.0,15.7,winter
2025-01-28,Northeast_US,-5.9,0.0,0.0,winter
2025-01-29,Northeast_US,-4.4,33.4,0.0,winter
2025-01-30,Northeast_US,-3.3,34.3,2.8,winter
2025-01-31,Northeast_US,-5.3,26.4,8.3,winter
2025-02-01,Northeast_US,0.2,0.0,0.0,winter
2025-02-02,Northeast_US,-4.2,7.8,0.0,winter
2025-02-03,Northeast_US,0.3,24.7,0.0,winter
2025-02-04,Northeast_US,-4.7,35.9,0.0,winter
2025-02-05,Northeast_US,-2.8,0.0,0.0,winter
2025-02-06,Northeast_US,-1.1,0.0,0.0,winter
2025-02-07,Northeast_US,1.6,40.0,0.0,winter
2025-02-08,Northeast_US,-3.9,0.0,0.0,winter
2025-02-09,Northeast_US,-3.9,0.0,21.2,winter
2025-02-10,Northeast_US,-1.0,0.0,9.8,winter
2025-02-11,Northeast_US,-1.5,0.0,0.0,winter
2025-02-12,Northeast_US,0.3,0.0,3.6,winter
2025-02-13,Northeast_US,-3.0,0.0,0.0,winter
2025-02-14,Northeast_US,-1.1,36.4,15.9,winter
2025-02-15,Northeast_US,-9.2,0.0,0.0,winter
2025-02-16,Northeast_US,-6.1,0.0,0.0,winter
2025-02-17,Northeast_US,-3.7,0.0,0.0,winter
2025-02-18,Northeast_US,-3.9,0.0,0.0,winter
2025-02-19,Northeast_US,-3.6,0.0,6.8,winter
2025-02-20,Northeast_US,-2.2,0.0,0.0,winter
2025-02-21,Northeast_US,3.8,0.0,0.0,winter
2025-02-22,Northeast_US,-4.4,0.0,0.0,winter
2025-02-23,Northeast_US,-5.6,0.0,8.3,winter
2025-02-24,Northeast_US,1.6,0.0,0.0,winter
2025-02-25,Northeast_US,-2.9,3.1,0.0,winter
2025-02-26,Northeast_US,-3.0,0.0,0.0,winter
2025-02-27,Northeast_US,-2.9,0.0,5.4,winter
2025-02-28,Northeast_US,-0.7,39.7,0.0,winter
2025-03-01,Northeast_US,1.4,0.0,29.6,spring
2025-03-02,Northeast_US,0.0,4.2,0.0,spring
2025-03-03,Northeast_US,2.9,0.0,29.6,spring
2025-03-04,Northeast_US,1.5,0.0,23.7,spring
2025-03-05,Northeast_US,2.5,0.0,24.0,spring
2025-03-06,Northeast_US,2.8,0.0,0.0,spring
2025-03-07,Northeast_US,0.4,21.8,0.0,spring
2025-03-08,Northeast_US,-4.8,0.0,0.0,spring
2025-03-09,Northeast_US,1.3,1.2,0.0,spring
2025-03-10,Northeast_US,-0.1,0.0,0.0,spring
2025-03-11,Northeast_US,2.6,0.0,16.1,spring
2025-03-12,Northeast_US,2.4,0.0,0.0,spring
2025-03-13,Northeast_US,-1.1,0.0,0.0,spring
2025-03-14,Northeast_US,4.1,0.0,29.9,spring
2025-03-15,Northeast_US,3.0,36.4,0.0,spring
2025-03-16,Northeast_US,2.5,1.9,29.6,spring
2025-03-17,Northeast_US,3.9,28.7,0.0,spring
2025-03-18,Northeast_US,1.1,0.0,0.0,spring
2025-03-19,Northeast_US,4.8,0.0,0.0,spring
2025-03-20,Northeast_US,4.3,5.5,0.0,spring
2025-03-21,Northeast_US,3.6,10.9,0.0,spring
2025-03-22,Northeast_US,2.8,17.4,0.0,spring
2025-03-23,Northeast_US,3.8,0.0,16.6,spring
2025-03-24,Northeast_US,2.4,0.0,0.0,spring
2025-03-25,Northeast_US,1.7,31.6,0.0,spring
2025-03-26,Northeast_US,5.4,0.0,0.0,spring
2025-03-27,Northeast_US,4.3,0.0,0.0,spring
2025-03-28,Northeast_US,6.6,0.0,0.0,spring
2025-03-29,Northeast_US,6.1,0.0,0.0,spring
2025-03-30,Northeast_US,6.7,0.0,5.1,spring
2025-03-31,Northeast_US,6.8,0.0,0.0,spring
2025-04-01,Northeast_US,5.9,0.0,0.0,spring
2025-04-02,Northeast_US,5.4,0.0,0.0,spring
2025-04-03,Northeast_US,5.2,0.0,0.0,spring
2025-04-04,Northeast_US,9.6,3.0,0.0,spring
2025-04-05,Northeast_US,3.2,0.0,0.0,spring
2025-04-06,Northeast_US,7.0,0.0,0.0,spring
2025-04-07,Northeast_US,6.0,34.2,0.0,spring
2025-04-08,Northeast_US,10.0,0.0,0.0,spring
2025-04-09,Northeast_US,9.0,0.0,0.0,spring
2025-04-10,Northeast_US,14.1,0.0,0.0,spring
2025-04-11,Northeast_US,5.6,29.6,0.0,spring
2025-04-12,Northeast_US,9.0,0.0,0.0,spring
2025-04-13,Northeast_US,11.0,0.0,0.0,spring
2025-04-14,Northeast_US,12.2,0.0,0.0,spring
2025-04-15,Northeast_US,7.2,0.0,0.0,spring
2025-04-16,Northeast_US,11.9,0.0,0.0,spring
2025-04-17,Northeast_US,10.0,29.3,0.0,spring
2025-04-18,Northeast_US,12.0,0.0,0.0,spring
2025-04-19,Northeast_US,10.6,0.0,0.0,spring
2025-04-20,Northeast_US,9.4,0.0,0.0,spring
2025-04-21,Northeast_US,11.0,0.0,0.0,spring
2025-04-22,Northeast_US,8.6,0.0,0.0,spring
2025-04-23,Northeast_US,9.4,0.0,0.0,spring
2025-04-24,Northeast_US,15.1,0.0,0.0,spring
2025-04-25,Northeast_US,11.4,0.0,0.0,spring
2025-04-26,Northeast_US,12.6,0.0,0.0,spring
2025-04-27,Northeast_US,14.0,0.0,0.0,spring
2025-04-28,Northeast_US,9.9,34.9,0.0,spring
2025-04-29,Northeast_US,13.6,0.0,0.0,spring
2025-04-30,Northeast_US,16.6,38.3,0.0,spring
2025-05-01,Northeast_US,12.6,0.0,0.0,spring
2025-05-02,Northeast_US,11.3,0.0,0.0,spring
2025-05-03,Northeast_US,16.9,0.0,0.0,spring
2025-05-04,Northeast_US,14.6,0.0,0.0,spring
2025-05-05,Northeast_US,14.7,0.0,0.0,spring
2025-05-06,Northeast_US,15.7,0.0,0.0,spring
2025-05-07,Northeast_US,16.0,0.0,0.0,spring
2025-05-08,Northeast_US,13.7,0.0,0.0,spring
2025-05-09,Northeast_US,17.4,30.3,0.0,spring
2025-05-10,Northeast_US,16.1,0.0,0.0,spring
2025-05-11,Northeast_US,19.1,0.0,0.0,spring
2025-05-12,Northeast_US,14.2,0.0,0.0,spring
2025-05-13,Northeast_US,21.0,18.3,0.0,spring
2025-05-14,Northeast_US,20.5,0.0,0.0,spring
2025-05-15,Northeast_US,19.8,0.0,0.0,spring
2025-05-16,Northeast_US,18.5,0.0,0.0,spring
2025-05-17,Northeast_US,18.3,0.0,0.0,spring
2025-05-18,Northeast_US,21.0,22.4,0.0,spring
2025-05-19,Northeast_US,15.3,0.0,0.0,spring
2025-05-20,Northeast_US,21.9,0.0,0.0,spring
2025-05-21,Northeast_US,17.6,0.0,0.0,spring
2025-05-22,Northeast_US,17.4,0.0,0.0,spring
2025-05-23,Northeast_US,24.0,0.0,0.0,spring
2025-05-24,Northeast_US,18.2,0.0,0.0,spring
2025-05-25,Northeast_US,24.3,0.0,0.0,spring
2025-05-26,Northeast_US,19.0,0.0,0.0,spring
2025-05-27,Northeast_US,23.1,26.7,0.0,spring
2025-05-28,Northeast_US,18.2,14.9,0.0,spring
2025-05-29,Northeast_US,18.1,0.0,0.0,spring
2025-05-30,Northeast_US,25.8,0.0,0.0,spring
2025-05-31,Northeast_US,25.1,0.0,0.0,spring
2025-06-01,Northeast_US,21.9,0.0,0.0,summer
2025-06-02,Northeast_US,19.6,8.6,0.0,summer
2025-06-03,Northeast_US,23.4,34.2,0.0,summer
2025-06-04,Northeast_US,27.1,14.2,0.0,summer
2025-06-05,Northeast_US,26.2,0.0,0.0,summer
2025-06-06,Northeast_US,24.0,0.0,0.0,summer
2025-06-07,Northeast_US,19.9,35.8,0.0,summer
2025-06-08,Northeast_US,24.2,0.0,0.0,summer
2025-06-09,Northeast_US,27.5,0.0,0.0,summer
2025-06-10,Northeast_US,23.7,0.0,0.0,summer
2025-06-11,Northeast_US,18.9,0.0,0.0,summer
2025-06-12,Northeast_US,21.1,0.0,0.0,summer
2025-06-13,Northeast_US,23.6,0.0,0.0,summer
2025-06-14,Northeast_US,22.8,0.0,0.0,summer
2025-06-15,Northeast_US,22.7,26.6,0.0,summer
2025-06-16,Northeast_US,23.2,0.0,0.0,summer
2025-06-17,Northeast_US,21.7,0.0,0.0,summer
2025-06-18,Northeast_US,22.4,16.5,0.0,summer
2025-06-19,Northeast_US,23.7,0.0,0.0,summer
2025-06-20,Northeast_US,29.5,24.5,0.0,summer
2025-06-21,Northeast_US,20.4,0.0,0.0,summer
2025-06-22,Northeast_US,25.0,0.0,0.0,summer
2025-06-23,Northeast_US,25.2,0.0,0.0,summer
2025-06-24,Northeast_US,22.4,9.2,0.0,summer
2025-06-25,Northeast_US,23.5,0.0,0.0,summer
2025-06-26,Northeast_US,20.6,28.7,0.0,summer
2025-06-27,Northeast_US,27.3,0.0,0.0,summer
2025-06-28,Northeast_US,28.8,0.0,0.0,summer
2025-06-29,Northeast_US,26.3,0.0,0.0,summer
2025-06-30,Northeast_US,23.0,0.0,0.0,summer
2025-07-01,Northeast_US,25.3,0.0,0.0,summer
2025-07-02,Northeast_US,22.7,0.0,0.0,summer
2025-07-03,Northeast_US,28.3,0.0,0.0,summer
2025-07-04,Northeast_US,24.7,5.2,0.0,summer
2025-07-05,Northeast_US,27.4,0.0,0.0,summer
2025-07-06,Northeast_US,26.9,31.6,0.0,summer
2025-07-07,Northeast_US,26.1,0.0,0.0,summer
2025-07-08,Northeast_US,25.4,31.6,0.0,summer
2025-07-09,Northeast_US,25.0,22.1,0.0,summer
2025-07-10,Northeast_US,28.9,0.0,0.0,summer
2025-07-11,Northeast_US,25.2,0.0,0.0,summer
2025-07-12,Northeast_US,26.2,0.0,0.0,summer
2025-07-13,Northeast_US,22.5,0.0,0.0,summer
2025-07-14,Northeast_US,26.6,0.0,0.0,summer
2025-07-15,Northeast_US,29.3,0.0,0.0,summer
2025-07-16,Northeast_US,27.7,0.0,0.0,summer
2025-07-17,Northeast_US,24.4,0.0,0.0,summer
2025-07-18,Northeast_US,21.0,30.0,0.0,summer
2025-07-19,Northeast_US,28.7,34.9,0.0,summer
2025-07-20,Northeast_US,24.9,25.7,0.0,summer
2025-07-21,Northeast_US,24.7,0.0,0.0,summer
2025-07-22,Northeast_US,29.4,0.0,0.0,summer
2025-07-23,Northeast_US,27.9,29.3,0.0,summer
2025-07-24,Northeast_US,29.5,0.0,0.0,summer
2025-07-25,Northeast_US,26.8,38.5,0.0,summer
2025-07-26,Northeast_US,25.6,11.9,0.0,summer
2025-07-27,Northeast_US,27.0,7.3,0.0,summer
2025-07-28,Northeast_US,26.6,0.0,0.0,summer
2025-07-29,Northeast_US,32.3,0.0,0.0,summer
2025-07-30,Northeast_US,28.1,0.0,0.0,summer
2025-07-31,Northeast_US,23.3,0.0,0.0,summer
2025-08-01,Northeast_US,23.2,0.0,0.0,summer
2025-08-02,Northeast_US,25.6,0.0,0.0,summer
2025-08-03,Northeast_US,26.2,0.0,0.0,summer
2025-08-04,Northeast_US,29.3,0.0,0.0,summer
2025-08-05,Northeast_US,25.5,0.0,0.0,summer
2025-08-06,Northeast_US,24.4,22.2,0.0,summer
2025-08-07,Northeast_US,27.5,0.0,0.0,summer
2025-08-08,Northeast_US,25.1,0.0,0.0,summer
2025-08-09,Northeast_US,27.8,0.0,0.0,summer
2025-08-10,Northeast_US,22.7,0.0,0.0,summer
2025-08-11,Northeast_US,26.3,0.0,0.0,summer
2025-08-12,Northeast_US,27.4,0.0,0.0,summer
2025-08-13,Northeast_US,27.1,26.0,0.0,summer
2025-08-14,Northeast_US,25.5,0.0,0.0,summer
2025-08-15,Northeast_US,26.1,0.0,0.0,summer
2025-08-16,Northeast_US,25.6,0.0,0.0,summer
2025-08-17,Northeast_US,23.9,29.2,0.0,summer
2025-08-18,Northeast_US,25.4,21.2,0.0,summer
2025-08-19,Northeast_US,21.9,0.0,0.0,summer
2025-08-20,Northeast_US,23.7,0.0,0.0,summer
2025-08-21,Northeast_US,28.0,0.0,0.0,summer
2025-08-22,Northeast_US,28.7,4.7,0.0,summer
2025-08-23,Northeast_US,23.5,0.0,0.0,summer
2025-08-24,Northeast_US,25.0,0.0,0.0,summer
2025-08-25,Northeast_US,27.4,27.7,0.0,summer
2025-08-26,Northeast_US,25.1,0.0,0.0,summer
2025-08-27,Northeast_US,28.2,0.0,0.0,summer
2025-08-28,Northeast_US,19.2,0.0,0.0,summer
2025-08-29,Northeast_US,25.1,27.8,0.0,summer
2025-08-30,Northeast_US,24.1,29.0,0.0,summer
2025-08-31,Northeast_US,23.2,10.8,0.0,summer
2025-09-01,Northeast_US,24.9,33.0,0.0,fall
2025-09-02,Northeast_US,21.2,0.0,0.0,fall
2025-09-03,Northeast_US,21.4,0.0,0.0,fall
2025-09-04,Northeast_US,24.5,1.2,0.0,fall
2025-09-05,Northeast_US,25.8,0.0,0.0,fall
2025-09-06,Northeast_US,23.4,34.1,0.0,fall
2025-09-07,Northeast_US,19.5,0.0,0.0,fall
2025-09-08,Northeast_US,21.4,0.0,0.0,fall
2025-09-09,Northeast_US,20.1,0.0,0.0,fall
2025-09-10,Northeast_US,26.6,0.0,0.0,fall
2025-09-11,Northeast_US,22.2,0.0,0.0,fall
2025-09-12,Northeast_US,20.8,30.1,0.0,fall
2025-09-13,Northeast_US,21.6,0.0,0.0,fall
2025-09-14,Northeast_US,18.4,0.0,0.0,fall
2025-09-15,Northeast_US,24.8,35.6,0.0,fall
2025-09-16,Northeast_US,18.6,0.0,0.0,fall
2025-09-17,Northeast_US,24.5,0.0,0.0,fall
2025-09-18,Northeast_US,19.6,2.6,0.0,fall
2025-09-19,Northeast_US,16.5,0.0,0.0,fall
2025-09-20,Northeast_US,20.7,9.2,0.0,fall
2025-09-21,Northeast_US,18.2,0.0,0.0,fall
2025-09-22,Northeast_US,16.6,0.0,0.0,fall
2025-09-23,Northeast_US,19.0,0.0,0.0,fall
2025-09-24,Northeast_US,19.0,0.0,0.0,fall
2025-09-25,Northeast_US,16.0,5.5,0.0,fall
2025-09-26,Northeast_US,14.4,30.3,0.0,fall
2025-09-27,Northeast_US,13.6,0.0,0.0,fall
2025-09-28,Northeast_US,15.7,27.2,0.0,fall
2025-09-29,Northeast_US,11.2,8.7,0.0,fall
2025-09-30,Northeast_US,13.3,0.0,0.0,fall
2025-10-01,Northeast_US,16.2,0.0,0.0,fall
2025-10-02,Northeast_US,17.8,8.5,0.0,fall
2025-10-03,Northeast_US,13.8,0.0,0.0,fall
2025-10-04,Northeast_US,18.5,0.0,0.0,fall
2025-10-05,Northeast_US,17.2,23.1,0.0,fall
2025-10-06,Northeast_US,8.8,13.2,0.0,fall
2025-10-07,Northeast_US,13.6,0.0,0.0,fall
2025-10-08,Northeast_US,10.7,15.0,0.0,fall
2025-10-09,Northeast_US,12.6,0.0,0.0,fall
2025-10-10,Northeast_US,16.2,0.0,0.0,fall
2025-10-11,Northeast_US,12.2,0.0,0.0,fall
2025-10-12,Northeast_US,13.3,0.0,0.0,fall
2025-10-13,Northeast_US,15.3,11.9,0.0,fall
2025-10-14,Northeast_US,8.0,29.6,0.0,fall
2025-10-15,Northeast_US,11.6,0.0,0.0,fall
2025-10-16,Northeast_US,6.9,0.0,0.0,fall
2025-10-17,Northeast_US,13.1,0.0,0.0,fall
2025-10-18,Northeast_US,8.5,0.0,0.0,fall
2025-10-19,Northeast_US,10.9,2.4,0.0,fall
2025-10-20,Northeast_US,16.3,0.0,0.0,fall
2025-10-21,Northeast_US,12.3,0.0,0.0,fall
2025-10-22,Northeast_US,12.5,0.0,0.0,fall
2025-10-23,Northeast_US,11.1,0.0,0.0,fall
2025-10-24,Northeast_US,8.9,0.0,0.0,fall
2025-10-25,Northeast_US,11.5,15.2,0.0,fall
2025-10-26,Northeast_US,9.6,0.0,0.0,fall
2025-10-27,Northeast_US,7.5,0.0,0.0,fall
2025-10-28,Northeast_US,5.1,7.2,0.0,fall
2025-10-29,Northeast_US,4.0,0.0,0.0,fall
2025-10-30,Northeast_US,6.3,29.5,0.0,fall
2025-10-31,Northeast_US,12.2,0.0,0.0,fall
2025-11-01,Northeast_US,8.9,27.1,9.4,fall
2025-11-02,Northeast_US,3.3,0.0,0.0,fall
2025-11-03,Northeast_US,11.0,26.3,0.0,fall
2025-11-04,Northeast_US,6.5,0.0,29.1,fall
2025-11-05,Northeast_US,10.9,0.0,0.0,fall
2025-11-06,Northeast_US,2.0,0.0,0.0,fall
2025-11-07,Northeast_US,3.5,0.0,9.0,fall
2025-11-08,Northeast_US,3.6,0.0,13.4,fall
2025-11-09,Northeast_US,9.5,35.4,0.0,fall
2025-11-10,Northeast_US,5.3,21.1,0.0,fall
2025-11-11,Northeast_US,6.7,0.0,18.9,fall
2025-11-12,Northeast_US,4.5,0.0,0.0,fall
2025-11-13,Northeast_US,5.9,0.0,0.0,fall
2025-11-14,Northeast_US,3.0,0.0,0.0,fall
2025-11-15,Northeast_US,5.4,21.0,18.6,fall
2025-11-16,Northeast_US,6.8,7.5,0.0,fall
2025-11-17,Northeast_US,2.5,0.0,0.0,fall
2025-11-18,Northeast_US,3.0,0.0,0.0,fall
2025-11-19,Northeast_US,-1.2,24.7,0.0,fall
2025-11-20,Northeast_US,3.7,0.0,0.0,fall
2025-11-21,Northeast_US,5.5,0.0,18.3,fall
2025-11-22,Northeast_US,4.7,0.0,0.0,fall
2025-11-23,Northeast_US,5.9,0.0,0.0,fall
2025-11-24,Northeast_US,-3.1,1.6,12.6,fall
2025-11-25,Northeast_US,1.3,0.0,0.0,fall
2025-11-26,Northeast_US,-2.2,36.2,0.0,fall
2025-11-27,Northeast_US,-1.3,0.0,0.0,fall
2025-11-28,Northeast_US,1.4,0.0,20.5,fall
2025-11-29,Northeast_US,1.3,0.0,0.0,fall
2025-11-30,Northeast_US,3.8,0.0,0.0,fall
2025-12-01,Northeast_US,-1.8,0.0,0.0,winter
2025-12-02,Northeast_US,-2.0,0.0,0.0,winter
2025-12-03,Northeast_US,4.2,0.0,0.0,winter
2025-12-04,Northeast_US,0.2,0.0,0.0,winter
2025-12-05,Northeast_US,4.4,24.3,0.0,winter
2025-12-06,Northeast_US,-0.0,1.2,0.0,winter
2025-12-07,Northeast_US,-0.5,0.0,0.0,winter
2025-12-08,Northeast_US,-1.4,32.4,0.0,winter
2025-12-09,Northeast_US,0.1,0.0,0.0,winter
2025-12-10,Northeast_US,-6.6,0.0,17.0,winter
2025-12-11,Northeast_US,-5.9,22.5,0.0,winter
2025-12-12,Northeast_US,-8.5,22.8,0.0,winter
2025-12-13,Northeast_US,-0.4,0.0,0.0,winter
2025-12-14,Northeast_US,-0.0,34.7,0.0,winter
2025-12-15,Northeast_US,-0.3,0.0,0.0,winter
2025-12-16,Northeast_US,-0.6,0.0,16.2,winter
2025-12-17,Northeast_US,-5.1,16.2,0.0,winter
2025-12-18,Northeast_US,-0.7,0.0,0.0,winter
2025-12-19,Northeast_US,-4.6,11.3,0.0,winter
2025-12-20,Northeast_US,-3.1,0.0,0.0,winter
2025-12-21,Northeast_US,-8.0,0.0,0.0,winter
2025-12-22,Northeast_US,-1.1,31.2,29.0,winter
2025-12-23,Northeast_US,0.1,0.0,25.8,winter
2025-12-24,Northeast_US,-6.5,31.6,0.0,winter
2025-12-25,Northeast_US,-3.0,0.0,0.0,winter
2025-12-26,Northeast_US,-1.8,0.0,0.0,winter
2025-12-27,Northeast_US,-3.1,0.0,13.2,winter
2025-12-28,Northeast_US,-4.7,1.6,0.0,winter
2025-12-29,Northeast_US,-8.5,0.0,0.0,winter
2025-12-30,Northeast_US,-5.9,0.0,0.0,winter
2025-12-31,Northeast_US,0.5,0.0,29.0,winter
2023-01-01,Midwest_US,-10.5,7.8,0.0,winter
2023-01-02,Midwest_US,-7.5,0.0,0.0,winter
2023-01-03,Midwest_US,-11.7,0.0,16.4,winter
2023-01-04,Midwest_US,-8.6,0.0,14.4,winter
2023-01-05,Midwest_US,-7.0,14.2,0.0,winter
2023-01-06,Midwest_US,-11.4,0.0,0.0,winter
2023-01-07,Midwest_US,-11.0,0.0,0.0,winter
2023-01-08,Midwest_US,-4.8,0.0,21.6,winter
2023-01-09,Midwest_US,-11.6,0.0,0.0,winter
2023-01-10,Midwest_US,-8.7,0.0,10.0,winter
2023-01-11,Midwest_US,-9.4,0.0,0.0,winter
2023-01-12,Midwest_US,-8.4,0.0,8.1,winter
2023-01-13,Midwest_US,-6.4,0.0,22.9,winter
2023-01-14,Midwest_US,-4.2,0.0,8.8,winter
2023-01-15,Midwest_US,-10.7,0.0,25.4,winter
2023-01-16,Midwest_US,-4.6,0.0,4.2,winter
2023-01-17,Midwest_US,-3.3,34.4,0.0,winter
2023-01-18,Midwest_US,-9.3,0.0,10.8,winter
2023-01-19,Midwest_US,-8.2,0.0,0.0,winter
2023-01-20,Midwest_US,-6.4,0.0,0.0,winter
2023-01-21,Midwest_US,-13.2,21.5,23.0,winter
2023-01-22,Midwest_US,-5.2,0.0,11.7,winter
2023-01-23,Midwest_US,-5.7,0.0,0.0,winter
2023-01-24,Midwest_US,-5.8,0.0,2.2,winter
2023-01-25,Midwest_US,-6.8,0.0,4.8,winter
2023-01-26,Midwest_US,-9.0,0.0,9.5,winter
2023-01-27,Midwest_US,-11.4,0.0,7.1,winter
2023-01-28,Midwest_US,-5.7,0.0,13.2,winter
2023-01-29,Midwest_US,-9.4,0.0,0.0,winter
2023-01-30,Midwest_US,-11.8,0.0,0.0,winter
2023-01-31,Midwest_US,-6.0,0.0,0.0,winter
2023-02-01,Midwest_US,-3.2,0.0,0.0,winter
2023-02-02,Midwest_US,-9.5,35.8,13.8,winter
2023-02-03,Midwest_US,-9.5,0.0,15.6,winter
2023-02-04,Midwest_US,-6.3,4.9,0.0,winter
2023-02-05,Midwest_US,-5.6,30.0,25.5,winter
2023-02-06,Midwest_US,-6.1,0.0,12.1,winter
2023-02-07,Midwest_US,-9.0,0.0,0.0,winter
2023-02-08,Midwest_US,-10.0,0.0,0.0,winter
2023-02-09,Midwest_US,-8.3,0.0,0.0,winter
2023-02-10,Midwest_US,-6.1,0.0,11.1,winter
2023-02-11,Midwest_US,-9.1,0.0,19.2,winter
2023-02-12,Midwest_US,-9.9,0.0,0.0,winter
2023-02-13,Midwest_US,-10.5,0.0,0.0,winter
2023-02-14,Midwest_US,-3.9,0.0,0.0,winter
2023-02-15,Midwest_US,-4.7,0.0,20.3,winter
2023-02-16,Midwest_US,-2.3,0.0,0.0,winter
2023-02-17,Midwest_US,-8.3,0.0,0.0,winter
2023-02-18,Midwest_US,-2.9,0.0,0.0,winter
2023-02-19,Midwest_US,-0.9,0.0,8.6,winter
2023-02-20,Midwest_US,-4.4,0.0,0.0,winter
2023-02-21,Midwest_US,-2.4,0.0,28.2,winter
2023-02-22,Midwest_US,-3.5,0.0,23.6,winter
2023-02-23,Midwest_US,-4.5,37.3,0.0,winter
2023-02-24,Midwest_US,-5.5,0.0,8.4,winter
2023-02-25,Midwest_US,-3.6,2.4,0.0,winter
2023-02-26,Midwest_US,-8.8,0.0,27.6,winter
2023-02-27,Midwest_US,-2.6,0.0,0.0,winter
2023-02-28,Midwest_US,-5.8,0.0,28.6,winter
2023-03-01,Midwest_US,-4.8,0.0,0.0,spring
2023-03-02,Midwest_US,-8.4,0.0,0.0,spring
2023-03-03,Midwest_US,-4.0,4.5,0.0,spring
2023-03-04,Midwest_US,-6.8,1.4,13.5,spring
2023-03-05,Midwest_US,-3.0,0.0,10.0,spring
2023-03-06,Midwest_US,-2.1,0.0,0.0,spring
2023-03-07,Midwest_US,-4.0,0.0,0.0,spring
2023-03-08,Midwest_US,-3.2,0.0,0.0,spring
2023-03-09,Midwest_US,-1.9,0.0,0.0,spring
2023-03-10,Midwest_US,-0.4,0.0,22.0,spring
2023-03-11,Midwest_US,-2.5,0.0,19.5,spring
2023-03-12,Midwest_US,-1.4,0.0,0.0,spring
2023-03-13,Midwest_US,-2.3,0.0,0.0,spring
2023-03-14,Midwest_US,1.9,6.3,7.3,spring
2023-03-15,Midwest_US,1.8,0.0,0.0,spring
2023-03-16,Midwest_US,4.2,0.0,0.0,spring
2023-03-17,Midwest_US,6.0,0.0,29.2,spring
2023-03-18,Midwest_US,2.6,4.5,14.3,spring
2023-03-19,Midwest_US,1.3,0.0,0.0,spring
2023-03-20,Midwest_US,1.2,0.0,0.0,spring
2023-03-21,Midwest_US,1.1,11.4,23.0,spring
2023-03-22,Midwest_US,2.0,35.9,17.2,spring
2023-03-23,Midwest_US,4.7,0.0,29.3,spring
2023-03-24,Midwest_US,3.8,39.8,29.3,spring
2023-03-25,Midwest_US,6.7,16.2,20.6,spring
2023-03-26,Midwest_US,5.3,0.0,0.0,spring
2023-03-27,Midwest_US,6.8,0.0,0.0,spring
2023-03-28,Midwest_US,3.2,0.0,15.5,spring
2023-03-29,Midwest_US,4.7,0.0,0.0,spring
2023-03-30,Midwest_US,2.2,32.0,14.2,spring
2023-03-31,Midwest_US,3.4,0.0,29.1,spring
2023-04-01,Midwest_US,4.4,0.0,0.0,spring
2023-04-02,Midwest_US,3.9,0.0,0.0,spring
2023-04-03,Midwest_US,4.7,20.5,0.0,spring
2023-04-04,Midwest_US,3.8,0.0,0.0,spring
2023-04-05,Midwest_US,8.3,0.0,0.0,spring
2023-04-06,Midwest_US,7.3,21.9,0.0,spring
2023-04-07,Midwest_US,5.5,20.0,0.0,spring
2023-04-08,Midwest_US,10.0,0.0,0.0,spring
2023-04-09,Midwest_US,10.6,0.0,0.0,spring
2023-04-10,Midwest_US,5.2,15.7,0.0,spring
2023-04-11,Midwest_US,8.0,0.0,0.0,spring
2023-04-12,Midwest_US,9.1,0.0,0.0,spring
2023-04-13,Midwest_US,5.9,0.0,0.0,spring
2023-04-14,Midwest_US,8.2,0.0,0.0,spring
2023-04-15,Midwest_US,8.1,0.0,0.0,spring
2023-04-16,Midwest_US,12.1,0.0,0.0,spring
2023-04-17,Midwest_US,10.9,0.0,0.0,spring
2023-04-18,Midwest_US,9.1,0.0,0.0,spring
2023-04-19,Midwest_US,11.9,0.0,0.0,spring
2023-04-20,Midwest_US,8.1,0.0,0.0,spring
2023-04-21,Midwest_US,7.2,0.0,0.0,spring
2023-04-22,Midwest_US,11.4,0.0,0.0,spring
2023-04-23,Midwest_US,9.6,0.0,0.0,spring
2023-04-24,Midwest_US,14.8,0.0,0.0,spring
2023-04-25,Midwest_US,13.2,38.7,0.0,spring
2023-04-26,Midwest_US,11.3,0.0,0.0,spring
2023-04-27,Midwest_US,14.3,0.0,0.0,spring
2023-04-28,Midwest_US,15.1,0.0,0.0,spring
2023-04-29,Midwest_US,16.8,0.0,0.0,spring
2023-04-30,Midwest_US,16.1,37.6,0.0,spring
2023-05-01,Midwest_US,15.6,2.2,0.0,spring
2023-05-02,Midwest_US,15.7,26.0,0.0,spring
2023-05-03,Midwest_US,11.5,0.0,0.0,spring
2023-05-04,Midwest_US,15.5,0.0,0.0,spring
2023-05-05,Midwest_US,15.5,9.6,0.0,spring
2023-05-06,Midwest_US,15.5,0.0,0.0,spring
2023-05-07,Midwest_US,20.5,0.0,0.0,spring
2023-05-08,Midwest_US,14.5,0.0,0.0,spring
2023-05-09,Midwest_US,14.2,0.0,0.0,spring
2023-05-10,Midwest_US,20.3,0.0,0.0,spring
2023-05-11,Midwest_US,17.7,0.0,0.0,spring
2023-05-12,Midwest_US,16.9,0.0,0.0,spring
2023-05-13,Midwest_US,17.5,0.0,0.0,spring
2023-05-14,Midwest_US,13.6,9.4,0.0,spring
2023-05-15,Midwest_US,20.0,0.0,0.0,spring
2023-05-16,Midwest_US,19.9,0.0,0.0,spring
2023-05-17,Midwest_US,13.7,26.6,0.0,spring
2023-05-18,Midwest_US,16.8,0.0,0.0,spring
2023-05-19,Midwest_US,19.6,0.0,0.0,spring
2023-05-20,Midwest_US,15.7,0.0,0.0,spring
2023-05-21,Midwest_US,19.5,0.0,0.0,spring
2023-05-22,Midwest_US,18.0,31.9,0.0,spring
2023-05-23,Midwest_US,17.1,0.0,0.0,spring
2023-05-24,Midwest_US,20.9,0.0,0.0,spring
2023-05-25,Midwest_US,26.2,0.0,0.0,spring
2023-05-26,Midwest_US,19.4,0.0,0.0,spring
2023-05-27,Midwest_US,23.3,0.0,0.0,spring
2023-05-28,Midwest_US,19.9,0.0,0.0,spring
2023-05-29,Midwest_US,21.5,0.0,0.0,spring
2023-05-30,Midwest_US,24.2,0.0,0.0,spring
2023-05-31,Midwest_US,18.9,0.0,0.0,spring
2023-06-01,Midwest_US,21.8,0.0,0.0,summer
2023-06-02,Midwest_US,23.3,0.0,0.0,summer
2023-06-03,Midwest_US,23.5,12.1,0.0,summer
2023-06-04,Midwest_US,23.9,6.3,0.0,summer
2023-06-05,Midwest_US,23.8,0.0,0.0,summer
2023-06-06,Midwest_US,25.0,13.3,0.0,summer
2023-06-07,Midwest_US,18.4,0.0,0.0,summer
2023-06-08,Midwest_US,21.3,0.0,0.0,summer
2023-06-09,Midwest_US,24.6,0.0,0.0,summer
2023-06-10,Midwest_US,26.1,19.0,0.0,summer
2023-06-11,Midwest_US,26.8,0.0,0.0,summer
2023-06-12,Midwest_US,24.4,11.0,0.0,summer
2023-06-13,Midwest_US,28.6,0.0,0.0,summer
2023-06-14,Midwest_US,24.4,4.0,0.0,summer
2023-06-15,Midwest_US,28.5,0.0,0.0,summer
2023-06-16,Midwest_US,24.7,0.0,0.0,summer
2023-06-17,Midwest_US,21.8,26.0,0.0,summer
2023-06-18,Midwest_US,23.2,32.5,0.0,summer
2023-06-19,Midwest_US,29.5,0.0,0.0,summer
2023-06-20,Midwest_US,28.7,0.0,0.0,summer
2023-06-21,Midwest_US,25.1,0.0,0.0,summer
2023-06-22,Midwest_US,27.0,31.0,0.0,summer
2023-06-23,Midwest_US,22.3,0.0,0.0,summer
2023-06-24,Midwest_US,26.8,0.0,0.0,summer
2023-06-25,Midwest_US,26.8,0.0,0.0,summer
2023-06-26,Midwest_US,25.5,0.0,0.0,summer
2023-06-27,Midwest_US,26.8,0.0,0.0,summer
2023-06-28,Midwest_US,34.5,27.3,0.0,summer
2023-06-29,Midwest_US,27.8,0.0,0.0,summer
2023-06-30,Midwest_US,30.3,0.0,0.0,summer
2023-07-01,Midwest_US,29.5,0.0,0.0,summer
2023-07-02,Midwest_US,24.1,14.1,0.0,summer
2023-07-03,Midwest_US,28.9,0.0,0.0,summer
2023-07-04,Midwest_US,26.2,0.0,0.0,summer
2023-07-05,Midwest_US,30.1,0.0,0.0,summer
2023-07-06,Midwest_US,26.9,0.0,0.0,summer
2023-07-07,Midwest_US,28.8,0.0,0.0,summer
2023-07-08,Midwest_US,20.8,0.0,0.0,summer
2023-07-09,Midwest_US,25.5,0.0,0.0,summer
2023-07-10,Midwest_US,25.3,11.4,0.0,summer
2023-07-11,Midwest_US,30.4,0.0,0.0,summer
2023-07-12,Midwest_US,27.8,17.1,0.0,summer
2023-07-13,Midwest_US,30.1,0.0,0.0,summer
2023-07-14,Midwest_US,29.1,0.0,0.0,summer
2023-07-15,Midwest_US,27.4,0.0,0.0,summer
2023-07-16,Midwest_US,30.1,0.0,0.0,summer
2023-07-17,Midwest_US,25.7,0.0,0.0,summer
2023-07-18,Midwest_US,29.4,0.0,0.0,summer
2023-07-19,Midwest_US,32.8,29.4,0.0,summer
2023-07-20,Midwest_US,29.1,29.8,0.0,summer
2023-07-21,Midwest_US,32.5,33.5,0.0,summer
2023-07-22,Midwest_US,26.5,0.0,0.0,summer
2023-07-23,Midwest_US,32.7,0.0,0.0,summer
2023-07-24,Midwest_US,26.9,0.0,0.0,summer
2023-07-25,Midwest_US,32.5,22.3,0.0,summer
2023-07-26,Midwest_US,25.5,0.0,0.0,summer
2023-07-27,Midwest_US,27.8,0.0,0.0,summer
2023-07-28,Midwest_US,27.6,0.0,0.0,summer
2023-07-29,Midwest_US,26.6,0.0,0.0,summer
2023-07-30,Midwest_US,28.6,0.0,0.0,summer
2023-07-31,Midwest_US,29.5,28.2,0.0,summer
2023-08-01,Midwest_US,22.7,0.0,0.0,summer
2023-08-02,Midwest_US,29.8,26.8,0.0,summer
2023-08-03,Midwest_US,30.4,0.0,0.0,summer
2023-08-04,Midwest_US,27.1,12.4,0.0,summer
2023-08-05,Midwest_US,22.9,0.0,0.0,summer
2023-08-06,Midwest_US,32.7,0.0,0.0,summer
2023-08-07,Midwest_US,30.4,0.0,0.0,summer
2023-08-08,Midwest_US,26.3,0.0,0.0,summer
2023-08-09,Midwest_US,30.9,8.8,0.0,summer
2023-08-10,Midwest_US,27.0,0.0,0.0,summer
2023-08-11,Midwest_US,26.6,37.0,0.0,summer
2023-08-12,Midwest_US,30.2,0.0,0.0,summer
2023-08-13,Midwest_US,26.0,27.7,0.0,summer
2023-08-14,Midwest_US,28.9,0.0,0.0,summer
2023-08-15,Midwest_US,26.9,0.0,0.0,summer
2023-08-16,Midwest_US,27.8,0.0,0.0,summer
2023-08-17,Midwest_US,34.4,0.0,0.0,summer
2023-08-18,Midwest_US,26.6,0.0,0.0,summer
2023-08-19,Midwest_US,26.8,0.0,0.0,summer
2023-08-20,Midwest_US,28.5,0.0,0.0,summer
2023-08-21,Midwest_US,22.4,29.5,0.0,summer
2023-08-22,Midwest_US,25.4,0.0,0.0,summer
2023-08-23,Midwest_US,22.9,0.0,0.0,summer
2023-08-24,Midwest_US,27.2,0.0,0.0,summer
2023-08-25,Midwest_US,23.2,0.0,0.0,summer
2023-08-26,Midwest_US,23.5,26.4,0.0,summer
2023-08-27,Midwest_US,24.3,0.0,0.0,summer
2023-08-28,Midwest_US,23.2,27.9,0.0,summer
2023-08-29,Midwest_US,26.8,0.0,0.0,summer
2023-08-30,Midwest_US,22.9,0.0,0.0,summer
2023-08-31,Midwest_US,22.4,0.0,0.0,summer
2023-09-01,Midwest_US,21.3,3.6,0.0,fall
2023-09-02,Midwest_US,23.4,0.0,0.0,fall
2023-09-03,Midwest_US,21.9,0.0,0.0,fall
2023-09-04,Midwest_US,20.5,2.1,0.0,fall
2023-09-05,Midwest_US,29.1,0.0,0.0,fall
2023-09-06,Midwest_US,22.7,0.0,0.0,fall
2023-09-07,Midwest_US,17.9,0.0,0.0,fall
2023-09-08,Midwest_US,23.2,0.0,0.0,fall
2023-09-09,Midwest_US,23.4,2.0,0.0,fall
2023-09-10,Midwest_US,19.3,0.0,0.0,fall
2023-09-11,Midwest_US,19.3,0.0,0.0,fall
2023-09-12,Midwest_US,21.4,0.0,0.0,fall
2023-09-13,Midwest_US,21.6,31.4,0.0,fall
2023-09-14,Midwest_US,17.2,34.0,0.0,fall
2023-09-15,Midwest_US,21.2,16.1,0.0,fall
2023-09-16,Midwest_US,21.2,0.0,0.0,fall
2023-09-17,Midwest_US,21.5,0.0,0.0,fall
2023-09-18,Midwest_US,25.2,0.0,0.0,fall
2023-09-19,Midwest_US,16.7,27.2,0.0,fall
2023-09-20,Midwest_US,21.9,9.0,0.0,fall
2023-09-21,Midwest_US,24.4,0.0,0.0,fall
2023-09-22,Midwest_US,16.7,0.0,0.0,fall
2023-09-23,Midwest_US,13.6,0.0,0.0,fall
2023-09-24,Midwest_US,18.6,0.0,0.0,fall
2023-09-25,Midwest_US,14.3,0.0,0.0,fall
2023-09-26,Midwest_US,12.8,0.0,0.0,fall
2023-09-27,Midwest_US,20.8,0.0,0.0,fall
2023-09-28,Midwest_US,14.4,0.0,0.0,fall
2023-09-29,Midwest_US,13.5,5.3,0.0,fall
2023-09-30,Midwest_US,19.9,0.0,0.0,fall
2023-10-01,Midwest_US,12.4,22.0,0.0,fall
2023-10-02,Midwest_US,18.0,0.0,0.0,fall
2023-10-03,Midwest_US,15.9,0.0,0.0,fall
2023-10-04,Midwest_US,16.0,0.0,0.0,fall
2023-10-05,Midwest_US,17.2,0.0,0.0,fall
2023-10-06,Midwest_US,14.0,0.0,0.0,fall
2023-10-07,Midwest_US,15.5,0.0,0.0,fall
2023-10-08,Midwest_US,11.8,0.0,0.0,fall
2023-10-09,Midwest_US,8.4,0.0,0.0,fall
2023-10-10,Midwest_US,15.6,0.0,0.0,fall
2023-10-11,Midwest_US,14.4,23.8,0.0,fall
2023-10-12,Midwest_US,10.1,0.0,0.0,fall
2023-10-13,Midwest_US,11.5,0.0,0.0,fall
2023-10-14,Midwest_US,16.1,18.7,0.0,fall
2023-10-15,Midwest_US,8.3,0.0,0.0,fall
2023-10-16,Midwest_US,8.9,13.6,0.0,fall
2023-10-17,Midwest_US,7.7,29.6,0.0,fall
2023-10-18,Midwest_US,9.9,28.5,0.0,fall
2023-10-19,Midwest_US,9.5,0.0,0.0,fall
2023-10-20,Midwest_US,13.3,0.0,0.0,fall
2023-10-21,Midwest_US,9.1,22.5,0.0,fall
2023-10-22,Midwest_US,6.7,7.7,0.0,fall
2023-10-23,Midwest_US,13.3,0.0,0.0,fall
2023-10-24,Midwest_US,8.8,6.6,0.0,fall
2023-10-25,Midwest_US,7.5,0.0,0.0,fall
2023-10-26,Midwest_US,10.0,0.0,0.0,fall
2023-10-27,Midwest_US,7.2,36.0,0.0,fall
2023-10-28,Midwest_US,11.7,0.0,0.0,fall
2023-10-29,Midwest_US,7.2,20.4,0.0,fall
2023-10-30,Midwest_US,8.0,0.0,0.0,fall
2023-10-31,Midwest_US,3.3,0.0,0.0,fall
2023-11-01,Midwest_US,3.0,0.0,20.5,fall
2023-11-02,Midwest_US,7.1,0.0,26.7,fall
2023-11-03,Midwest_US,6.0,0.0,0.0,fall
2023-11-04,Midwest_US,6.8,2.3,11.8,fall
2023-11-05,Midwest_US,4.4,0.0,0.0,fall
2023-11-06,Midwest_US,5.6,12.1,29.8,fall
2023-11-07,Midwest_US,1.4,0.0,0.0,fall
2023-11-08,Midwest_US,2.6,0.0,0.0,fall
2023-11-09,Midwest_US,1.4,0.0,3.0,fall
2023-11-10,Midwest_US,8.2,0.0,0.0,fall
2023-11-11,Midwest_US,6.7,19.4,0.0,fall
2023-11-12,Midwest_US,6.3,9.2,13.6,fall
2023-11-13,Midwest_US,1.5,0.0,18.0,fall
2023-11-14,Midwest_US,2.1,0.0,0.0,fall
2023-11-15,Midwest_US,-2.4,0.0,0.0,fall
2023-11-16,Midwest_US,3.9,0.0,18.1,fall
2023-11-17,Midwest_US,-2.6,0.0,0.0,fall
2023-11-18,Midwest_US,1.2,0.0,0.0,fall
2023-11-19,Midwest_US,1.3,12.3,0.0,fall
2023-11-20,Midwest_US,1.8,0.0,0.0,fall
2023-11-21,Midwest_US,-0.3,25.0,0.0,fall
2023-11-22,Midwest_US,0.5,26.0,24.6,fall
2023-11-23,Midwest_US,1.7,0.0,0.0,fall
2023-11-24,Midwest_US,0.4,0.0,0.0,fall
2023-11-25,Midwest_US,-6.5,0.0,11.3,fall
2023-11-26,Midwest_US,-3.6,33.5,0.0,fall
2023-11-27,Midwest_US,-1.9,0.0,0.0,fall
2023-11-28,Midwest_US,-1.3,0.0,6.4,fall
2023-11-29,Midwest_US,-6.1,0.0,0.0,fall
2023-11-30,Midwest_US,-0.8,21.3,0.0,fall
2023-12-01,Midwest_US,-2.6,0.0,0.0,winter
2023-12-02,Midwest_US,-2.5,0.0,0.0,winter
2023-12-03,Midwest_US,-1.3,0.0,0.0,winter
2023-12-04,Midwest_US,-2.3,0.0,0.0,winter
2023-12-05,Midwest_US,-2.6,24.6,17.0,winter
2023-12-06,Midwest_US,-2.1,0.0,0.0,winter
2023-12-07,Midwest_US,-3.6,0.0,0.0,winter
2023-12-08,Midwest_US,-2.6,0.0,0.0,winter
2023-12-09,Midwest_US,-5.4,0.0,0.0,winter
2023-12-10,Midwest_US,-4.3,4.6,3.0,winter
2023-12-11,Midwest_US,-3.1,0.0,0.0,winter
2023-12-12,Midwest_US,-5.3,0.0,15.5,winter
2023-12-13,Midwest_US,1.1,0.0,11.2,winter
2023-12-14,Midwest_US,-0.7,0.0,0.0,winter
2023-12-15,Midwest_US,-4.2,0.0,3.0,winter
2023-12-16,Midwest_US,-6.1,0.0,3.2,winter
2023-12-17,Midwest_US,-4.5,0.0,0.0,winter
2023-12-18,Midwest_US,-6.3,0.0,0.0,winter
2023-12-19,Midwest_US,-5.2,0.0,23.2,winter
2023-12-20,Midwest_US,-4.2,0.0,16.9,winter
2023-12-21,Midwest_US,-5.3,0.0,0.0,winter
2023-12-22,Midwest_US,-5.1,0.0,0.0,winter
2023-12-23,Midwest_US,-7.0,0.0,17.2,winter
2023-12-24,Midwest_US,-0.4,0.0,0.0,winter
2023-12-25,Midwest_US,-7.3,0.0,10.7,winter
2023-12-26,Midwest_US,-6.8,16.0,27.3,winter
2023-12-27,Midwest_US,-4.0,0.0,13.0,winter
2023-12-28,Midwest_US,-9.1,0.0,0.0,winter
2023-12-29,Midwest_US,-6.6,30.6,11.3,winter
2023-12-30,Midwest_US,-8.0,0.0,0.0,winter
2023-12-31,Midwest_US,-7.5,32.3,0.0,winter
2024-01-01,Midwest_US,-8.3,0.0,20.0,winter
2024-01-02,Midwest_US,-4.1,0.0,0.0,winter
2024-01-03,Midwest_US,-3.3,36.8,12.2,winter
2024-01-04,Midwest_US,-8.4,0.0,26.1,winter
2024-01-05,Midwest_US,-7.5,0.0,15.4,winter
2024-01-06,Midwest_US,-10.2,0.0,11.8,winter
2024-01-07,Midwest_US,-7.8,22.7,0.0,winter
2024-01-08,Midwest_US,-9.3,0.0,10.5,winter
2024-01-09,Midwest_US,-8.8,0.0,6.5,winter
2024-01-10,Midwest_US,-14.2,0.0,7.8,winter
2024-01-11,Midwest_US,-4.9,0.0,0.0,winter
2024-01-12,Midwest_US,-8.2,27.1,0.0,winter
2024-01-13,Midwest_US,-11.9,24.2,0.0,winter
2024-01-14,Midwest_US,-8.9,0.0,4.7,winter
2024-01-15,Midwest_US,-5.6,0.0,0.0,winter
2024-01-16,Midwest_US,-9.7,0.0,0.0,winter
2024-01-17,Midwest_US,-4.8,23.6,8.1,winter
2024-01-18,Midwest_US,-7.8,0.0,0.0,winter
2024-01-19,Midwest_US,-11.7,0.0,0.0,winter
2024-01-20,Midwest_US,-6.6,0.0,0.0,winter
2024-01-21,Midwest_US,-3.0,0.0,24.2,winter
2024-01-22,Midwest_US,-9.1,0.0,0.0,winter
2024-01-23,Midwest_US,-13.4,0.0,0.0,winter
2024-01-24,Midwest_US,-5.1,0.0,0.0,winter
2024-01-25,Midwest_US,-11.8,0.0,27.2,winter
2024-01-26,Midwest_US,-6.2,0.0,17.7,winter
2024-01-27,Midwest_US,-6.5,0.0,14.1,winter
2024-01-28,Midwest_US,-9.9,0.0,0.0,winter
2024-01-29,Midwest_US,-6.2,22.7,6.9,winter
2024-01-30,Midwest_US,-9.4,0.0,0.0,winter
2024-01-31,Midwest_US,-6.5,1.5,0.0,winter
2024-02-01,Midwest_US,-11.1,35.5,0.0,winter
2024-02-02,Midwest_US,-13.0,0.0,5.8,winter
2024-02-03,Midwest_US,-9.2,0.0,0.0,winter
2024-02-04,Midwest_US,-12.6,0.0,0.0,winter
2024-02-05,Midwest_US,-8.4,0.0,0.0,winter
2024-02-06,Midwest_US,-5.8,20.4,0.0,winter
2024-02-07,Midwest_US,-7.5,0.0,0.0,winter
2024-02-08,Midwest_US,-1.1,2.5,0.0,winter
2024-02-09,Midwest_US,-12.2,0.0,0.0,winter
2024-02-10,Midwest_US,-9.6,0.0,22.4,winter
2024-02-11,Midwest_US,-6.9,0.0,0.0,winter
2024-02-12,Midwest_US,-3.3,0.0,0.0,winter
2024-02-13,Midwest_US,-8.0,0.0,19.7,winter
2024-02-14,Midwest_US,-9.3,0.0,0.0,winter
2024-02-15,Midwest_US,-6.2,0.0,0.0,winter
2024-02-16,Midwest_US,-5.7,0.0,0.0,winter
2024-02-17,Midwest_US,-9.7,0.0,0.0,winter
2024-02-18,Midwest_US,0.2,0.0,6.7,winter
2024-02-19,Midwest_US,-4.8,0.0,0.0,winter
2024-02-20,Midwest_US,-6.9,0.0,0.0,winter
2024-02-21,Midwest_US,-5.9,0.0,0.0,winter
2024-02-22,Midwest_US,-0.7,4.0,15.6,winter
2024-02-23,Midwest_US,-6.0,0.0,0.0,winter
2024-02-24,Midwest_US,-5.6,0.0,22.8,winter
2024-02-25,Midwest_US,-5.4,0.0,0.0,winter
2024-02-26,Midwest_US,-5.9,8.1,23.9,winter
2024-02-27,Midwest_US,-0.4,39.4,0.0,winter
2024-02-28,Midwest_US,-4.2,0.0,0.0,winter
2024-02-29,Midwest_US,-6.0,0.0,0.0,winter
2024-03-01,Midwest_US,-0.6,23.5,0.0,spring
2024-03-02,Midwest_US,-2.5,11.3,0.0,spring
2024-03-03,Midwest_US,-3.4,0.0,0.0,spring
2024-03-04,Midwest_US,-0.8,0.0,0.0,spring
2024-03-05,Midwest_US,-3.0,0.0,0.0,spring
2024-03-06,Midwest_US,-3.0,0.0,16.9,spring
2024-03-07,Midwest_US,2.7,0.0,10.8,spring
2024-03-08,Midwest_US,-4.4,21.7,0.0,spring
2024-03-09,Midwest_US,2.6,0.0,0.0,spring
2024-03-10,Midwest_US,-1.1,0.0,9.6,spring
2024-03-11,Midwest_US,2.6,0.0,0.0,spring
2024-03-12,Midwest_US,-4.2,0.0,20.8,spring
2024-03-13,Midwest_US,-0.7,0.0,0.0,spring
2024-03-14,Midwest_US,-3.7,17.0,2.2,spring
2024-03-15,Midwest_US,-0.3,0.0,22.3,spring
2024-03-16,Midwest_US,2.0,24.2,19.3,spring
2024-03-17,Midwest_US,-0.2,38.4,0.0,spring
2024-03-18,Midwest_US,1.5,0.0,18.9,spring
2024-03-19,Midwest_US,-2.2,5.3,0.0,spring
2024-03-20,Midwest_US,4.2,0.0,10.2,spring
2024-03-21,Midwest_US,3.3,0.0,0.0,spring
2024-03-22,Midwest_US,2.5,0.0,0.0,spring
2024-03-23,Midwest_US,0.7,0.0,0.0,spring
2024-03-24,Midwest_US,2.6,0.0,12.9,spring
2024-03-25,Midwest_US,7.7,0.0,3.9,spring
2024-03-26,Midwest_US,5.9,0.0,13.0,spring
2024-03-27,Midwest_US,5.7,0.0,0.0,spring
2024-03-28,Midwest_US,5.0,0.0,14.4,spring
2024-03-29,Midwest_US,4.5,0.0,0.0,spring
2024-03-30,Midwest_US,5.3,0.0,15.9,spring
2024-03-31,Midwest_US,4.9,0.0,6.2,spring
2024-04-01,Midwest_US,9.2,0.0,0.0,spring
2024-04-02,Midwest_US,5.6,0.0,0.0,spring
2024-04-03,Midwest_US,2.5,0.0,0.0,spring
2024-04-04,Midwest_US,8.5,0.0,0.0,spring
2024-04-05,Midwest_US,3.6,9.8,0.0,spring
2024-04-06,Midwest_US,9.3,0.0,0.0,spring
2024-04-07,Midwest_US,9.3,21.9,0.0,spring
2024-04-08,Midwest_US,7.3,0.0,0.0,spring
2024-04-09,Midwest_US,6.3,39.9,0.0,spring
2024-04-10,Midwest_US,6.1,0.0,0.0,spring
2024-04-11,Midwest_US,10.6,0.0,0.0,spring
2024-04-12,Midwest_US,5.1,0.0,0.0,spring
2024-04-13,Midwest_US,12.6,22.6,0.0,spring
2024-04-14,Midwest_US,8.6,0.0,0.0,spring
2024-04-15,Midwest_US,12.6,0.0,0.0,spring
2024-04-16,Midwest_US,12.3,0.0,0.0,spring
2024-04-17,Midwest_US,8.8,0.0,0.0,spring
2024-04-18,Midwest_US,11.2,2.0,0.0,spring
2024-04-19,Midwest_US,11.1,0.0,0.0,spring
2024-04-20,Midwest_US,13.7,0.0,0.0,spring
2024-04-21,Midwest_US,5.1,0.0,0.0,spring
2024-04-22,Midwest_US,11.9,0.0,0.0,spring
2024-04-23,Midwest_US,14.4,0.0,0.0,spring
2024-04-24,Midwest_US,12.7,0.0,0.0,spring
2024-04-25,Midwest_US,11.4,0.0,0.0,spring
2024-04-26,Midwest_US,14.1,0.0,0.0,spring
2024-04-27,Midwest_US,18.1,0.0,0.0,spring
2024-04-28,Midwest_US,11.9,0.0,0.0,spring
2024-04-29,Midwest_US,14.2,0.0,0.0,spring
2024-04-30,Midwest_US,15.3,0.0,0.0,spring
2024-05-01,Midwest_US,20.1,0.0,0.0,spring
2024-05-02,Midwest_US,15.6,0.0,0.0,spring
2024-05-03,Midwest_US,18.8,26.3,0.0,spring
2024-05-04,Midwest_US,15.9,0.0,0.0,spring
2024-05-05,Midwest_US,18.7,0.0,0.0,spring
2024-05-06,Midwest_US,18.2,0.0,0.0,spring
2024-05-07,Midwest_US,19.1,32.9,0.0,spring
2024-05-08,Midwest_US,19.0,0.0,0.0,spring
2024-05-09,Midwest_US,14.6,8.9,0.0,spring
2024-05-10,Midwest_US,21.5,0.0,0.0,spring
2024-05-11,Midwest_US,20.5,0.0,0.0,spring
2024-05-12,Midwest_US,20.6,0.0,0.0,spring
2024-05-13,Midwest_US,20.0,0.0,0.0,spring
2024-05-14,Midwest_US,18.2,7.8,0.0,spring
2024-05-15,Midwest_US,18.9,11.7,0.0,spring
2024-05-16,Midwest_US,17.6,0.0,0.0,spring
2024-05-17,Midwest_US,18.3,10.5,0.0,spring
2024-05-18,Midwest_US,19.0,0.0,0.0,spring
2024-05-19,Midwest_US,18.9,0.0,0.0,spring
2024-05-20,Midwest_US,21.3,0.0,0.0,spring
2024-05-21,Midwest_US,24.0,1.3,0.0,spring
2024-05-22,Midwest_US,19.0,0.0,0.0,spring
2024-05-23,Midwest_US,19.5,0.0,0.0,spring
2024-05-24,Midwest_US,17.2,0.0,0.0,spring
2024-05-25,Midwest_US,21.2,6.6,0.0,spring
2024-05-26,Midwest_US,24.5,7.8,0.0,spring
2024-05-27,Midwest_US,18.8,0.0,0.0,spring
2024-05-28,Midwest_US,20.1,0.0,0.0,spring
2024-05-29,Midwest_US,21.7,33.2,0.0,spring
2024-05-30,Midwest_US,25.3,0.0,0.0,spring
2024-05-31,Midwest_US,26.5,39.5,0.0,spring
2024-06-01,Midwest_US,22.8,0.0,0.0,summer
2024-06-02,Midwest_US,20.7,0.0,0.0,summer
2024-06-03,Midwest_US,23.6,0.0,0.0,summer
2024-06-04,Midwest_US,25.0,3.1,0.0,summer
2024-06-05,Midwest_US,25.1,0.0,0.0,summer
2024-06-06,Midwest_US,22.9,0.0,0.0,summer
2024-06-07,Midwest_US,24.6,0.0,0.0,summer
2024-06-08,Midwest_US,25.3,15.2,0.0,summer
2024-06-09,Midwest_US,26.8,0.0,0.0,summer
2024-06-10,Midwest_US,24.1,0.0,0.0,summer
2024-06-11,Midwest_US,25.7,22.0,0.0,summer
2024-06-12,Midwest_US,24.6,2.1,0.0,summer
2024-06-13,Midwest_US,25.7,18.3,0.0,summer
2024-06-14,Midwest_US,22.3,0.0,0.0,summer
2024-06-15,Midwest_US,28.1,0.0,0.0,summer
2024-06-16,Midwest_US,26.5,5.3,0.0,summer
2024-06-17,Midwest_US,28.2,0.0,0.0,summer
2024-06-18,Midwest_US,29.6,35.8,0.0,summer
2024-06-19,Midwest_US,28.2,18.0,0.0,summer
2024-06-20,Midwest_US,27.9,24.8,0.0,summer
2024-06-21,Midwest_US,29.2,0.0,0.0,summer
2024-06-22,Midwest_US,26.9,15.0,0.0,summer
2024-06-23,Midwest_US,29.6,23.2,0.0,summer
2024-06-24,Midwest_US,29.6,0.0,0.0,summer
2024-06-25,Midwest_US,29.4,0.0,0.0,summer
2024-06-26,Midwest_US,28.1,0.0,0.0,summer
2024-06-27,Midwest_US,29.9,32.0,0.0,summer
2024-06-28,Midwest_US,30.6,0.0,0.0,summer
2024-06-29,Midwest_US,26.2,0.0,0.0,summer
2024-06-30,Midwest_US,23.2,17.1,0.0,summer
2024-07-01,Midwest_US,27.5,19.5,0.0,summer
2024-07-02,Midwest_US,30.9,0.0,0.0,summer
2024-07-03,Midwest_US,28.6,0.0,0.0,summer
2024-07-04,Midwest_US,29.5,17.9,0.0,summer
2024-07-05,Midwest_US,34.2,0.0,0.0,summer
2024-07-06,Midwest_US,30.7,0.0,0.0,summer
2024-07-07,Midwest_US,27.1,39.7,0.0,summer
2024-07-08,Midwest_US,26.1,0.0,0.0,summer
2024-07-09,Midwest_US,28.7,0.0,0.0,summer
2024-07-10,Midwest_US,28.5,0.0,0.0,summer
2024-07-11,Midwest_US,27.8,0.0,0.0,summer
2024-07-12,Midwest_US,28.0,30.4,0.0,summer
2024-07-13,Midwest_US,26.5,15.0,0.0,summer
2024-07-14,Midwest_US,32.7,40.0,0.0,summer
2024-07-15,Midwest_US,29.3,18.9,0.0,summer
2024-07-16,Midwest_US,23.1,0.0,0.0,summer
2024-07-17,Midwest_US,25.6,0.0,0.0,summer
2024-07-18,Midwest_US,31.0,28.4,0.0,summer
2024-07-19,Midwest_US,33.6,0.0,0.0,summer
2024-07-20,Midwest_US,32.5,0.0,0.0,summer
2024-07-21,Midwest_US,29.0,0.0,0.0,summer
2024-07-22,Midwest_US,26.9,0.0,0.0,summer
2024-07-23,Midwest_US,28.5,0.0,0.0,summer
2024-07-24,Midwest_US,26.4,0.0,0.0,summer
2024-07-25,Midwest_US,26.7,27.7,0.0,summer
2024-07-26,Midwest_US,25.9,0.0,0.0,summer
2024-07-27,Midwest_US,33.8,0.0,0.0,summer
2024-07-28,Midwest_US,28.2,0.0,0.0,summer
2024-07-29,Midwest_US,29.3,0.0,0.0,summer
2024-07-30,Midwest_US,30.9,0.0,0.0,summer
2024-07-31,Midwest_US,29.1,0.0,0.0,summer
2024-08-01,Midwest_US,24.5,0.0,0.0,summer
2024-08-02,Midwest_US,26.8,14.1,0.0,summer
2024-08-03,Midwest_US,25.9,0.0,0.0,summer
2024-08-04,Midwest_US,24.9,0.0,0.0,summer
2024-08-05,Midwest_US,26.9,0.0,0.0,summer
2024-08-06,Midwest_US,24.0,0.0,0.0,summer
2024-08-07,Midwest_US,30.3,0.0,0.0,summer
2024-08-08,Midwest_US,26.0,0.0,0.0,summer
2024-08-09,Midwest_US,24.9,15.5,0.0,summer
2024-08-10,Midwest_US,28.4,0.0,0.0,summer
2024-08-11,Midwest_US,22.9,0.0,0.0,summer
2024-08-12,Midwest_US,26.4,0.0,0.0,summer
2024-08-13,Midwest_US,24.6,0.0,0.0,summer
2024-08-14,Midwest_US,29.8,0.0,0.0,summer
2024-08-15,Midwest_US,28.1,0.0,0.0,summer
2024-08-16,Midwest_US,25.7,0.0,0.0,summer
2024-08-17,Midwest_US,29.3,16.2,0.0,summer
2024-08-18,Midwest_US,32.1,7.4,0.0,summer
2024-08-19,Midwest_US,27.3,6.8,0.0,summer
2024-08-20,Midwest_US,27.5,0.0,0.0,summer
2024-08-21,Midwest_US,23.5,17.2,0.0,summer
2024-08-22,Midwest_US,20.5,0.0,0.0,summer
2024-08-23,Midwest_US,25.5,0.0,0.0,summer
2024-08-24,Midwest_US,24.9,1.9,0.0,summer
2024-08-25,Midwest_US,26.7,0.0,0.0,summer
2024-08-26,Midwest_US,22.4,0.0,0.0,summer
2024-08-27,Midwest_US,22.3,0.0,0.0,summer
2024-08-28,Midwest_US,20.9,0.0,0.0,summer
2024-08-29,Midwest_US,21.3,0.0,0.0,summer
2024-08-30,Midwest_US,23.6,0.0,0.0,summer
2024-08-31,Midwest_US,25.7,0.0,0.0,summer
2024-09-01,Midwest_US,22.4,0.0,0.0,fall
2024-09-02,Midwest_US,22.3,15.5,0.0,fall
2024-09-03,Midwest_US,28.0,12.1,0.0,fall
2024-09-04,Midwest_US,21.9,0.0,0.0,fall
2024-09-05,Midwest_US,21.8,0.0,0.0,fall
2024-09-06,Midwest_US,21.1,7.8,0.0,fall
2024-09-07,Midwest_US,17.1,0.0,0.0,fall
2024-09-08,Midwest_US,25.3,5.6,0.0,fall
2024-09-09,Midwest_US,21.7,0.0,0.0,fall
2024-09-10,Midwest_US,22.7,0.0,0.0,fall
2024-09-11,Midwest_US,25.1,0.0,0.0,fall
2024-09-12,Midwest_US,22.7,0.0,0.0,fall
2024-09-13,Midwest_US,23.0,0.0,0.0,fall
2024-09-14,Midwest_US,20.9,0.0,0.0,fall
2024-09-15,Midwest_US,20.6,0.0,0.0,fall
2024-09-16,Midwest_US,25.4,0.0,0.0,fall
2024-09-17,Midwest_US,17.9,38.8,0.0,fall
2024-09-18,Midwest_US,15.8,0.0,0.0,fall
2024-09-19,Midwest_US,19.0,0.0,0.0,fall
2024-09-20,Midwest_US,23.0,0.0,0.0,fall
2024-09-21,Midwest_US,17.8,0.0,0.0,fall
2024-09-22,Midwest_US,19.5,0.0,0.0,fall
2024-09-23,Midwest_US,14.2,0.0,0.0,fall
2024-09-24,Midwest_US,19.9,0.0,0.0,fall
2024-09-25,Midwest_US,19.3,27.4,0.0,fall
2024-09-26,Midwest_US,15.8,2.0,0.0,fall
2024-09-27,Midwest_US,15.6,0.0,0.0,fall
2024-09-28,Midwest_US,15.2,0.0,0.0,fall
2024-09-29,Midwest_US,15.2,0.0,0.0,fall
2024-09-30,Midwest_US,16.1,0.0,0.0,fall
2024-10-01,Midwest_US,14.0,34.1,0.0,fall
2024-10-02,Midwest_US,21.9,0.0,0.0,fall
2024-10-03,Midwest_US,13.2,0.0,0.0,fall
2024-10-04,Midwest_US,12.3,0.0,0.0,fall
2024-10-05,Midwest_US,12.6,27.0,0.0,fall
2024-10-06,Midwest_US,13.5,0.0,0.0,fall
2024-10-07,Midwest_US,11.2,0.0,0.0,fall
2024-10-08,Midwest_US,12.5,14.5,0.0,fall
2024-10-09,Midwest_US,15.7,0.0,0.0,fall
2024-10-10,Midwest_US,12.7,35.6,0.0,fall
2024-10-11,Midwest_US,9.9,0.0,0.0,fall
2024-10-12,Midwest_US,15.4,29.4,0.0,fall
2024-10-13,Midwest_US,9.4,0.0,0.0,fall
2024-10-14,Midwest_US,10.4,0.0,0.0,fall
2024-10-15,Midwest_US,10.4,0.0,0.0,fall
2024-10-16,Midwest_US,8.7,0.0,0.0,fall
2024-10-17,Midwest_US,10.2,0.0,0.0,fall
2024-10-18,Midwest_US,10.1,0.0,0.0,fall
2024-10-19,Midwest_US,10.1,0.0,0.0,fall
2024-10-20,Midwest_US,10.9,0.0,0.0,fall
2024-10-21,Midwest_US,11.8,0.0,0.0,fall
2024-10-22,Midwest_US,10.5,0.0,0.0,fall
2024-10-23,Midwest_US,13.2,0.0,0.0,fall
2024-10-24,Midwest_US,9.3,0.0,0.0,fall
2024-10-25,Midwest_US,6.1,0.0,0.0,fall
2024-10-26,Midwest_US,7.6,0.0,0.0,fall
2024-10-27,Midwest_US,5.6,0.0,0.0,fall
2024-10-28,Midwest_US,4.8,12.7,0.0,fall
2024-10-29,Midwest_US,4.0,27.0,0.0,fall
2024-10-30,Midwest_US,8.8,0.0,0.0,fall
2024-10-31,Midwest_US,11.1,0.0,0.0,fall
2024-11-01,Midwest_US,9.2,0.0,23.4,fall
2024-11-02,Midwest_US,4.9,0.0,15.5,fall
2024-11-03,Midwest_US,6.2,0.0,21.2,fall
2024-11-04,Midwest_US,2.7,11.1,0.0,fall
2024-11-05,Midwest_US,3.8,19.0,0.0,fall
2024-11-06,Midwest_US,2.1,0.0,12.1,fall
2024-11-07,Midwest_US,3.4,12.4,0.0,fall
2024-11-08,Midwest_US,3.0,0.0,19.6,fall
2024-11-09,Midwest_US,1.5,13.6,0.0,fall
2024-11-10,Midwest_US,7.6,0.0,0.0,fall
2024-11-11,Midwest_US,0.6,0.0,0.0,fall
2024-11-12,Midwest_US,2.1,0.0,5.8,fall
2024-11-13,Midwest_US,3.6,0.0,0.0,fall
2024-11-14,Midwest_US,1.3,0.0,16.1,fall
2024-11-15,Midwest_US,-0.6,0.0,0.0,fall
2024-11-16,Midwest_US,-4.3,0.0,0.0,fall
2024-11-17,Midwest_US,-3.7,0.0,0.0,fall
2024-11-18,Midwest_US,3.6,14.6,5.7,fall
2024-11-19,Midwest_US,3.6,18.2,0.0,fall
2024-11-20,Midwest_US,0.1,12.9,0.0,fall
2024-11-21,Midwest_US,-1.2,6.0,0.0,fall
2024-11-22,Midwest_US,-3.8,0.0,7.9,fall
2024-11-23,Midwest_US,-0.1,0.0,0.0,fall
2024-11-24,Midwest_US,-0.4,0.0,0.0,fall
2024-11-25,Midwest_US,-3.3,0.0,2.9,fall
2024-11-26,Midwest_US,-2.7,12.8,0.0,fall
2024-11-27,Midwest_US,-2.9,24.5,4.7,fall
2024-11-28,Midwest_US,-2.6,6.7,0.0,fall
2024-11-29,Midwest_US,-4.0,0.0,0.0,fall
2024-11-30,Midwest_US,-3.3,0.0,0.0,fall
2024-12-01,Midwest_US,1.8,0.0,0.0,winter
2024-12-02,Midwest_US,-0.7,0.0,0.0,winter
2024-12-03,Midwest_US,-0.9,0.0,0.0,winter
2024-12-04,Midwest_US,0.6,0.0,22.3,winter
2024-12-05,Midwest_US,-7.1,0.0,0.0,winter
2024-12-06,Midwest_US,-2.9,33.6,20.9,winter
2024-12-07,Midwest_US,-6.2,0.0,0.0,winter
2024-12-08,Midwest_US,-4.1,0.0,0.0,winter
2024-12-09,Midwest_US,-6.4,0.0,0.0,winter
2024-12-10,Midwest_US,-4.2,20.3,22.2,winter
2024-12-11,Midwest_US,-6.3,0.0,14.8,winter
2024-12-12,Midwest_US,-9.1,0.0,13.4,winter
2024-12-13,Midwest_US,-1.3,0.0,0.0,winter
2024-12-14,Midwest_US,-7.8,0.0,0.0,winter
2024-12-15,Midwest_US,-7.6,0.0,20.9,winter
2024-12-16,Midwest_US,-3.5,16.4,0.0,winter
2024-12-17,Midwest_US,-5.8,0.0,0.0,winter
2024-12-18,Midwest_US,-10.9,8.8,12.2,winter
2024-12-19,Midwest_US,-5.5,0.0,0.0,winter
2024-12-20,Midwest_US,-3.4,0.0,0.0,winter
2024-12-21,Midwest_US,-5.9,0.0,0.0,winter
2024-12-22,Midwest_US,-10.7,0.0,0.0,winter
2024-12-23,Midwest_US,-3.4,0.0,0.0,winter
2024-12-24,Midwest_US,-6.7,20.1,14.7,winter
2024-12-25,Midwest_US,-5.2,29.8,28.4,winter
2024-12-26,Midwest_US,-9.3,0.0,7.0,winter
2024-12-27,Midwest_US,-6.6,0.0,10.5,winter
2024-12-28,Midwest_US,-10.6,0.0,0.0,winter
2024-12-29,Midwest_US,-10.0,0.0,0.0,winter
2024-12-30,Midwest_US,-7.1,0.0,0.0,winter
2024-12-31,Midwest_US,-2.1,30.8,0.0,winter
2025-01-01,Midwest_US,-7.6,0.0,14.6,winter
2025-01-02,Midwest_US,-9.7,7.9,0.0,winter
2025-01-03,Midwest_US,-11.1,17.8,0.0,winter
2025-01-04,Midwest_US,-10.1,0.0,12.9,winter
2025-01-05,Midwest_US,-8.8,0.0,0.0,winter
2025-01-06,Midwest_US,-7.2,0.0,0.0,winter
2025-01-07,Midwest_US,-7.0,0.0,18.5,winter
2025-01-08,Midwest_US,-7.9,0.0,0.0,winter
2025-01-09,Midwest_US,-6.9,15.3,0.0,winter
2025-01-10,Midwest_US,-7.5,0.0,0.0,winter
2025-01-11,Midwest_US,-11.4,0.0,14.0,winter
2025-01-12,Midwest_US,-7.7,10.5,0.0,winter
2025-01-13,Midwest_US,-5.8,0.0,21.3,winter
2025-01-14,Midwest_US,-4.4,0.0,6.8,winter
2025-01-15,Midwest_US,-7.1,0.0,0.0,winter
2025-01-16,Midwest_US,-5.8,19.3,0.0,winter
2025-01-17,Midwest_US,-7.7,0.0,0.0,winter
2025-01-18,Midwest_US,-7.2,0.0,15.7,winter
2025-01-19,Midwest_US,-5.2,0.0,0.0,winter
2025-01-20,Midwest_US,-6.9,0.0,10.4,winter
2025-01-21,Midwest_US,-4.6,34.2,0.0,winter
2025-01-22,Midwest_US,-12.0,0.0,9.4,winter
2025-01-23,Midwest_US,-9.9,0.0,0.0,winter
2025-01-24,Midwest_US,-9.6,0.0,0.0,winter
2025-01-25,Midwest_US,-8.9,0.0,0.0,winter
2025-01-26,Midwest_US,-3.7,0.0,0.0,winter
2025-01-27,Midwest_US,-5.6,0.0,0.0,winter
2025-01-28,Midwest_US,-9.3,0.0,0.0,winter
2025-01-29,Midwest_US,-6.7,0.0,0.0,winter
2025-01-30,Midwest_US,-9.7,0.0,0.0,winter
2025-01-31,Midwest_US,-9.7,0.0,16.0,winter
2025-02-01,Midwest_US,-7.8,0.0,0.0,winter
2025-02-02,Midwest_US,-3.8,0.0,0.0,winter
2025-02-03,Midwest_US,-7.4,0.0,0.0,winter
2025-02-04,Midwest_US,-8.0,30.1,14.9,winter
2025-02-05,Midwest_US,-11.3,0.0,0.0,winter
2025-02-06,Midwest_US,-4.3,0.0,0.0,winter
2025-02-07,Midwest_US,-7.2,0.0,0.0,winter
2025-02-08,Midwest_US,-5.3,10.3,0.0,winter
2025-02-09,Midwest_US,-7.7,0.0,2.8,winter
2025-02-10,Midwest_US,-3.8,0.0,0.0,winter
2025-02-11,Midwest_US,-2.0,11.6,0.0,winter
2025-02-12,Midwest_US,-5.4,0.0,17.4,winter
2025-02-13,Midwest_US,-1.1,0.0,22.2,winter
2025-02-14,Midwest_US,-4.2,38.2,10.3,winter
2025-02-15,Midwest_US,-3.9,0.0,0.0,winter
2025-02-16,Midwest_US,-7.3,0.0,0.0,winter
2025-02-17,Midwest_US,-2.8,0.0,18.0,winter
2025-02-18,Midwest_US,-2.8,0.0,0.0,winter
2025-02-19,Midwest_US,-2.3,0.0,0.0,winter
2025-02-20,Midwest_US,-3.2,0.0,0.0,winter
2025-02-21,Midwest_US,-3.4,0.0,0.0,winter
2025-02-22,Midwest_US,-8.5,5.2,0.0,winter
2025-02-23,Midwest_US,-3.9,0.0,9.7,winter
2025-02-24,Midwest_US,-4.9,0.0,0.0,winter
2025-02-25,Midwest_US,-4.0,0.0,17.3,winter
2025-02-26,Midwest_US,-1.9,19.5,0.0,winter
2025-02-27,Midwest_US,-3.1,0.0,10.6,winter
2025-02-28,Midwest_US,-3.8,0.0,0.0,winter
2025-03-01,Midwest_US,-3.3,0.0,27.7,spring
2025-03-02,Midwest_US,-0.6,0.0,0.0,spring
2025-03-03,Midwest_US,-4.6,0.0,0.0,spring
2025-03-04,Midwest_US,-3.0,38.5,0.0,spring
2025-03-05,Midwest_US,-4.2,0.0,0.0,spring
2025-03-06,Midwest_US,3.4,0.0,0.0,spring
2025-03-07,Midwest_US,-3.8,18.1,0.0,spring
2025-03-08,Midwest_US,2.5,0.0,0.0,spring
2025-03-09,Midwest_US,-5.5,0.0,4.2,spring
2025-03-10,Midwest_US,-1.0,0.0,0.0,spring
2025-03-11,Midwest_US,0.2,0.0,0.0,spring
2025-03-12,Midwest_US,0.2,0.0,3.9,spring
2025-03-13,Midwest_US,-2.2,0.0,0.0,spring
2025-03-14,Midwest_US,3.2,0.0,0.0,spring
2025-03-15,Midwest_US,1.8,0.0,14.4,spring
2025-03-16,Midwest_US,0.4,10.7,18.1,spring
2025-03-17,Midwest_US,-0.2,0.0,0.0,spring
2025-03-18,Midwest_US,-0.2,0.0,0.0,spring
2025-03-19,Midwest_US,2.1,0.0,0.0,spring
2025-03-20,Midwest_US,0.5,0.0,18.6,spring
2025-03-21,Midwest_US,-0.2,0.0,4.4,spring
2025-03-22,Midwest_US,3.5,0.0,0.0,spring
2025-03-23,Midwest_US,0.9,0.0,2.6,spring
2025-03-24,Midwest_US,1.4,0.0,14.9,spring
2025-03-25,Midwest_US,1.7,25.1,0.0,spring
2025-03-26,Midwest_US,2.3,23.1,0.0,spring
2025-03-27,Midwest_US,7.7,0.0,16.7,spring
2025-03-28,Midwest_US,1.7,8.9,0.0,spring
2025-03-29,Midwest_US,3.6,0.0,0.0,spring
2025-03-30,Midwest_US,8.5,9.4,14.1,spring
2025-03-31,Midwest_US,5.2,0.0,0.0,spring
2025-04-01,Midwest_US,6.4,0.0,0.0,spring
2025-04-02,Midwest_US,5.5,39.1,0.0,spring
2025-04-03,Midwest_US,8.3,23.7,0.0,spring
2025-04-04,Midwest_US,8.3,0.0,0.0,spring
2025-04-05,Midwest_US,7.6,0.0,0.0,spring
2025-04-06,Midwest_US,5.1,0.0,0.0,spring
2025-04-07,Midwest_US,7.8,0.0,0.0,spring
2025-04-08,Midwest_US,6.3,0.0,0.0,spring
2025-04-09,Midwest_US,6.9,0.0,0.0,spring
2025-04-10,Midwest_US,5.4,37.3,0.0,spring
2025-04-11,Midwest_US,8.5,0.0,0.0,spring
2025-04-12,Midwest_US,9.6,0.0,0.0,spring
2025-04-13,Midwest_US,5.0,0.0,0.0,spring
2025-04-14,Midwest_US,3.9,20.7,0.0,spring
2025-04-15,Midwest_US,14.0,0.0,0.0,spring
2025-04-16,Midwest_US,11.1,35.8,0.0,spring
2025-04-17,Midwest_US,10.3,20.2,0.0,spring
2025-04-18,Midwest_US,9.2,0.0,0.0,spring
2025-04-19,Midwest_US,10.8,0.0,0.0,spring
2025-04-20,Midwest_US,10.8,0.0,0.0,spring
2025-04-21,Midwest_US,13.4,0.0,0.0,spring
2025-04-22,Midwest_US,13.5,0.0,0.0,spring
2025-04-23,Midwest_US,11.5,0.0,0.0,spring
2025-04-24,Midwest_US,13.8,0.0,0.0,spring
2025-04-25,Midwest_US,11.4,0.0,0.0,spring
2025-04-26,Midwest_US,10.1,0.0,0.0,spring
2025-04-27,Midwest_US,12.8,29.7,0.0,spring
2025-04-28,Midwest_US,16.5,0.0,0.0,spring
2025-04-29,Midwest_US,12.8,0.0,0.0,spring
2025-04-30,Midwest_US,12.6,0.0,0.0,spring
2025-05-01,Midwest_US,15.0,8.1,0.0,spring
2025-05-02,Midwest_US,16.1,0.0,0.0,spring
2025-05-03,Midwest_US,17.4,35.9,0.0,spring
2025-05-04,Midwest_US,8.3,0.0,0.0,spring
2025-05-05,Midwest_US,18.3,0.0,0.0,spring
2025-05-06,Midwest_US,18.9,0.0,0.0,spring
2025-05-07,Midwest_US,18.8,14.6,0.0,spring
2025-05-08,Midwest_US,18.6,12.1,0.0,spring
2025-05-09,Midwest_US,13.2,0.0,0.0,spring
2025-05-10,Midwest_US,16.2,0.0,0.0,spring
2025-05-11,Midwest_US,15.9,0.0,0.0,spring
2025-05-12,Midwest_US,20.1,30.9,0.0,spring
2025-05-13,Midwest_US,23.1,20.4,0.0,spring
2025-05-14,Midwest_US,16.8,13.8,0.0,spring
2025-05-15,Midwest_US,25.5,15.6,0.0,spring
2025-05-16,Midwest_US,20.6,0.0,0.0,spring
2025-05-17,Midwest_US,20.5,18.9,0.0,spring
2025-05-18,Midwest_US,15.9,0.0,0.0,spring
2025-05-19,Midwest_US,20.1,0.0,0.0,spring
2025-05-20,Midwest_US,19.6,0.0,0.0,spring
2025-05-21,Midwest_US,20.9,0.0,0.0,spring
2025-05-22,Midwest_US,30.3,0.0,0.0,spring
2025-05-23,Midwest_US,17.4,0.0,0.0,spring
2025-05-24,Midwest_US,24.5,0.0,0.0,spring
2025-05-25,Midwest_US,24.9,0.0,0.0,spring
2025-05-26,Midwest_US,22.8,0.0,0.0,spring
2025-05-27,Midwest_US,17.9,0.0,0.0,spring
2025-05-28,Midwest_US,23.7,0.0,0.0,spring
2025-05-29,Midwest_US,23.4,31.1,0.0,spring
2025-05-30,Midwest_US,24.3,0.0,0.0,spring
2025-05-31,Midwest_US,23.0,0.0,0.0,spring
2025-06-01,Midwest_US,19.3,0.0,0.0,summer
2025-06-02,Midwest_US,18.3,12.6,0.0,summer
2025-06-03,Midwest_US,23.0,0.0,0.0,summer
2025-06-04,Midwest_US,18.1,0.0,0.0,summer
2025-06-05,Midwest_US,23.2,0.0,0.0,summer
2025-06-06,Midwest_US,25.0,0.0,0.0,summer
2025-06-07,Midwest_US,22.9,18.4,0.0,summer
2025-06-08,Midwest_US,25.9,0.0,0.0,summer
2025-06-09,Midwest_US,23.7,17.5,0.0,summer
2025-06-10,Midwest_US,26.2,0.0,0.0,summer
2025-06-11,Midwest_US,28.9,21.0,0.0,summer
2025-06-12,Midwest_US,24.7,0.0,0.0,summer
2025-06-13,Midwest_US,28.3,0.0,0.0,summer
2025-06-14,Midwest_US,24.5,0.0,0.0,summer
2025-06-15,Midwest_US,29.9,19.3,0.0,summer
2025-06-16,Midwest_US,28.2,0.0,0.0,summer
2025-06-17,Midwest_US,25.4,0.0,0.0,summer
2025-06-18,Midwest_US,24.5,17.7,0.0,summer
2025-06-19,Midwest_US,21.3,0.0,0.0,summer
2025-06-20,Midwest_US,25.0,0.0,0.0,summer
2025-06-21,Midwest_US,24.5,0.0,0.0,summer
2025-06-22,Midwest_US,28.5,0.0,0.0,summer
2025-06-23,Midwest_US,25.1,0.0,0.0,summer
2025-06-24,Midwest_US,29.9,0.0,0.0,summer
2025-06-25,Midwest_US,23.2,29.9,0.0,summer
2025-06-26,Midwest_US,28.6,0.0,0.0,summer
2025-06-27,Midwest_US,27.1,17.2,0.0,summer
2025-06-28,Midwest_US,25.7,0.0,0.0,summer
2025-06-29,Midwest_US,23.6,0.0,0.0,summer
2025-06-30,Midwest_US,29.4,0.0,0.0,summer
2025-07-01,Midwest_US,28.8,0.0,0.0,summer
2025-07-02,Midwest_US,26.6,39.3,0.0,summer
2025-07-03,Midwest_US,27.1,0.0,0.0,summer
2025-07-04,Midwest_US,26.0,16.4,0.0,summer
2025-07-05,Midwest_US,26.0,26.6,0.0,summer
2025-07-06,Midwest_US,29.2,0.0,0.0,summer
2025-07-07,Midwest_US,28.3,0.0,0.0,summer
2025-07-08,Midwest_US,26.6,0.0,0.0,summer
2025-07-09,Midwest_US,26.4,0.0,0.0,summer
2025-07-10,Midwest_US,22.8,0.0,0.0,summer
2025-07-11,Midwest_US,30.0,0.0,0.0,summer
2025-07-12,Midwest_US,29.6,32.8,0.0,summer
2025-07-13,Midwest_US,29.1,0.0,0.0,summer
2025-07-14,Midwest_US,29.5,0.0,0.0,summer
2025-07-15,Midwest_US,31.7,10.4,0.0,summer
2025-07-16,Midwest_US,24.8,0.0,0.0,summer
2025-07-17,Midwest_US,30.6,31.0,0.0,summer
2025-07-18,Midwest_US,31.1,36.2,0.0,summer
2025-07-19,Midwest_US,26.3,0.0,0.0,summer
2025-07-20,Midwest_US,30.0,18.5,0.0,summer
2025-07-21,Midwest_US,30.2,12.5,0.0,summer
2025-07-22,Midwest_US,26.8,0.0,0.0,summer
2025-07-23,Midwest_US,26.6,34.1,0.0,summer
2025-07-24,Midwest_US,30.0,0.0,0.0,summer
2025-07-25,Midwest_US,27.8,0.0,0.0,summer
2025-07-26,Midwest_US,19.6,16.6,0.0,summer
2025-07-27,Midwest_US,27.9,0.0,0.0,summer
2025-07-28,Midwest_US,23.0,0.0,0.0,summer
2025-07-29,Midwest_US,28.8,0.0,0.0,summer
2025-07-30,Midwest_US,29.5,23.5,0.0,summer
2025-07-31,Midwest_US,28.2,0.0,0.0,summer
2025-08-01,Midwest_US,32.1,0.0,0.0,summer
2025-08-02,Midwest_US,26.8,25.3,0.0,summer
2025-08-03,Midwest_US,26.2,0.0,0.0,summer
2025-08-04,Midwest_US,25.7,29.3,0.0,summer
2025-08-05,Midwest_US,28.7,0.0,0.0,summer
2025-08-06,Midwest_US,25.9,0.0,0.0,summer
2025-08-07,Midwest_US,22.8,0.0,0.0,summer
2025-08-08,Midwest_US,22.8,0.0,0.0,summer
2025-08-09,Midwest_US,28.8,0.0,0.0,summer
2025-08-10,Midwest_US,22.5,0.0,0.0,summer
2025-08-11,Midwest_US,30.5,0.0,0.0,summer
2025-08-12,Midwest_US,20.9,0.0,0.0,summer
2025-08-13,Midwest_US,28.5,9.1,0.0,summer
2025-08-14,Midwest_US,29.6,0.0,0.0,summer
2025-08-15,Midwest_US,28.5,7.1,0.0,summer
2025-08-16,Midwest_US,28.5,0.0,0.0,summer
2025-08-17,Midwest_US,21.0,0.0,0.0,summer
2025-08-18,Midwest_US,28.9,22.7,0.0,summer
2025-08-19,Midwest_US,26.4,0.0,0.0,summer
2025-08-20,Midwest_US,28.5,0.0,0.0,summer
2025-08-21,Midwest_US,30.5,0.0,0.0,summer
2025-08-22,Midwest_US,25.3,0.0,0.0,summer
2025-08-23,Midwest_US,26.8,22.9,0.0,summer
2025-08-24,Midwest_US,29.9,0.0,0.0,summer
2025-08-25,Midwest_US,25.2,0.0,0.0,summer
2025-08-26,Midwest_US,20.2,0.0,0.0,summer
2025-08-27,Midwest_US,23.1,0.0,0.0,summer
2025-08-28,Midwest_US,23.9,0.0,0.0,summer
2025-08-29,Midwest_US,23.9,37.9,0.0,summer
2025-08-30,Midwest_US,28.5,0.0,0.0,summer
2025-08-31,Midwest_US,23.2,0.0,0.0,summer
2025-09-01,Midwest_US,20.1,0.0,0.0,fall
2025-09-02,Midwest_US,20.6,22.9,0.0,fall
2025-09-03,Midwest_US,24.1,0.0,0.0,fall
2025-09-04,Midwest_US,24.4,15.1,0.0,fall
2025-09-05,Midwest_US,21.9,0.0,0.0,fall
2025-09-06,Midwest_US,18.7,0.0,0.0,fall
2025-09-07,Midwest_US,23.9,0.0,0.0,fall
2025-09-08,Midwest_US,24.3,0.0,0.0,fall
2025-09-09,Midwest_US,26.3,8.9,0.0,fall
2025-09-10,Midwest_US,21.0,33.6,0.0,fall
2025-09-11,Midwest_US,21.2,0.0,0.0,fall
2025-09-12,Midwest_US,22.8,0.0,0.0,fall
2025-09-13,Midwest_US,18.0,0.0,0.0,fall
2025-09-14,Midwest_US,22.6,30.4,0.0,fall
2025-09-15,Midwest_US,20.8,0.0,0.0,fall
2025-09-16,Midwest_US,18.9,0.0,0.0,fall
2025-09-17,Midwest_US,24.9,0.0,0.0,fall
2025-09-18,Midwest_US,16.0,0.0,0.0,fall
2025-09-19,Midwest_US,22.0,0.0,0.0,fall
2025-09-20,Midwest_US,18.2,0.0,0.0,fall
2025-09-21,Midwest_US,17.9,0.0,0.0,fall
2025-09-22,Midwest_US,18.5,0.0,0.0,fall
2025-09-23,Midwest_US,18.7,0.0,0.0,fall
2025-09-24,Midwest_US,15.4,0.0,0.0,fall
2025-09-25,Midwest_US,19.6,37.0,0.0,fall
2025-09-26,Midwest_US,20.1,0.0,0.0,fall
2025-09-27,Midwest_US,18.7,0.0,0.0,fall
2025-09-28,Midwest_US,12.0,0.0,0.0,fall
2025-09-29,Midwest_US,19.4,0.0,0.0,fall
2025-09-30,Midwest_US,13.7,0.0,0.0,fall
2025-10-01,Midwest_US,15.0,0.0,0.0,fall
2025-10-02,Midwest_US,17.7,0.0,0.0,fall
2025-10-03,Midwest_US,14.2,0.0,0.0,fall
2025-10-04,Midwest_US,14.1,0.0,0.0,fall
2025-10-05,Midwest_US,17.3,0.0,0.0,fall
2025-10-06,Midwest_US,12.1,0.0,0.0,fall
2025-10-07,Midwest_US,11.5,0.0,0.0,fall
2025-10-08,Midwest_US,17.5,0.0,0.0,fall
2025-10-09,Midwest_US,14.2,0.0,0.0,fall
2025-10-10,Midwest_US,12.4,0.0,0.0,fall
2025-10-11,Midwest_US,11.8,0.0,0.0,fall
2025-10-12,Midwest_US,7.4,0.0,0.0,fall
2025-10-13,Midwest_US,12.8,0.0,0.0,fall
2025-10-14,Midwest_US,14.8,0.0,0.0,fall
2025-10-15,Midwest_US,11.2,0.0,0.0,fall
2025-10-16,Midwest_US,10.8,0.0,0.0,fall
2025-10-17,Midwest_US,10.6,0.0,0.0,fall
2025-10-18,Midwest_US,15.3,0.0,0.0,fall
2025-10-19,Midwest_US,6.2,0.0,0.0,fall
2025-10-20,Midwest_US,9.8,0.0,0.0,fall
2025-10-21,Midwest_US,8.3,0.0,0.0,fall
2025-10-22,Midwest_US,9.2,0.0,0.0,fall
2025-10-23,Midwest_US,5.9,0.0,0.0,fall
2025-10-24,Midwest_US,9.7,14.2,0.0,fall
2025-10-25,Midwest_US,4.9,30.1,0.0,fall
2025-10-26,Midwest_US,6.1,0.0,0.0,fall
2025-10-27,Midwest_US,8.7,0.0,0.0,fall
2025-10-28,Midwest_US,5.9,0.0,0.0,fall
2025-10-29,Midwest_US,8.4,0.0,0.0,fall
2025-10-30,Midwest_US,3.8,15.7,0.0,fall
2025-10-31,Midwest_US,8.9,0.0,0.0,fall
2025-11-01,Midwest_US,8.0,0.0,23.8,fall
2025-11-02,Midwest_US,8.1,0.0,13.9,fall
2025-11-03,Midwest_US,7.0,27.4,8.0,fall
2025-11-04,Midwest_US,6.2,0.0,0.0,fall
2025-11-05,Midwest_US,-0.1,0.0,0.0,fall
2025-11-06,Midwest_US,8.5,0.0,0.0,fall
2025-11-07,Midwest_US,3.0,20.7,0.0,fall
2025-11-08,Midwest_US,7.0,0.0,0.0,fall
2025-11-09,Midwest_US,3.1,0.0,0.0,fall
2025-11-10,Midwest_US,-1.8,7.1,0.0,fall
2025-11-11,Midwest_US,1.1,15.4,25.9,fall
2025-11-12,Midwest_US,1.4,12.9,16.6,fall
2025-11-13,Midwest_US,4.0,0.0,6.0,fall
2025-11-14,Midwest_US,1.6,0.0,0.0,fall
2025-11-15,Midwest_US,3.9,22.4,22.7,fall
2025-11-16,Midwest_US,0.7,0.0,3.3,fall
2025-11-17,Midwest_US,4.0,0.0,12.6,fall
2025-11-18,Midwest_US,-1.6,6.4,0.0,fall
2025-11-19,Midwest_US,-2.3,29.4,0.0,fall
2025-11-20,Midwest_US,-3.5,0.0,19.5,fall
2025-11-21,Midwest_US,3.8,0.0,3.3,fall
2025-11-22,Midwest_US,1.4,0.0,0.0,fall
2025-11-23,Midwest_US,0.6,0.0,19.6,fall
2025-11-24,Midwest_US,4.9,0.0,20.1,fall
2025-11-25,Midwest_US,2.5,0.0,0.0,fall
2025-11-26,Midwest_US,-0.9,0.0,0.0,fall
2025-11-27,Midwest_US,-4.1,0.0,20.4,fall
2025-11-28,Midwest_US,-0.1,0.0,0.0,fall
2025-11-29,Midwest_US,2.8,0.0,0.0,fall
2025-11-30,Midwest_US,-4.4,0.0,16.9,fall
2025-12-01,Midwest_US,-3.7,0.0,0.0,winter
2025-12-02,Midwest_US,-3.2,0.0,2.7,winter
2025-12-03,Midwest_US,-1.9,0.0,0.0,winter
2025-12-04,Midwest_US,0.7,0.0,7.1,winter
2025-12-05,Midwest_US,2.0,38.5,0.0,winter
2025-12-06,Midwest_US,-2.1,0.0,22.0,winter
2025-12-07,Midwest_US,-2.7,0.0,0.0,winter
2025-12-08,Midwest_US,-1.9,0.0,0.0,winter
2025-12-09,Midwest_US,-3.3,20.8,0.0,winter
2025-12-10,Midwest_US,-4.3,0.0,0.0,winter
2025-12-11,Midwest_US,-2.1,2.1,0.0,winter
2025-12-12,Midwest_US,-1.3,0.0,0.0,winter
2025-12-13,Midwest_US,-4.3,30.8,0.0,winter
2025-12-14,Midwest_US,-9.4,23.2,0.0,winter
2025-12-15,Midwest_US,-3.4,0.0,0.0,winter
2025-12-16,Midwest_US,0.9,10.6,17.1,winter
2025-12-17,Midwest_US,-7.2,32.7,0.0,winter
2025-12-18,Midwest_US,-6.4,0.0,0.0,winter
2025-12-19,Midwest_US,-6.9,0.0,27.8,winter
2025-12-20,Midwest_US,-4.9,0.0,21.0,winter
2025-12-21,Midwest_US,-7.4,0.0,0.0,winter
2025-12-22,Midwest_US,-7.6,4.5,17.0,winter
2025-12-23,Midwest_US,-10.7,0.0,0.0,winter
2025-12-24,Midwest_US,-4.7,20.7,0.0,winter
2025-12-25,Midwest_US,-11.4,0.0,0.0,winter
2025-12-26,Midwest_US,-7.2,0.0,0.0,winter
2025-12-27,Midwest_US,-3.1,0.0,7.9,winter
2025-12-28,Midwest_US,-7.0,37.0,27.6,winter
2025-12-29,Midwest_US,-7.1,0.0,6.9,winter
2025-12-30,Midwest_US,-7.9,0.0,0.0,winter
2025-12-31,Midwest_US,-6.5,0.0,0.0,winter
2023-01-01,Southeast_US,11.5,0.0,0.0,winter
2023-01-02,Southeast_US,7.9,0.0,0.0,winter
2023-01-03,Southeast_US,6.7,0.0,0.0,winter
2023-01-04,Southeast_US,13.4,0.0,0.0,winter
2023-01-05,Southeast_US,14.4,8.5,0.0,winter
2023-01-06,Southeast_US,10.5,0.0,0.0,winter
2023-01-07,Southeast_US,7.0,32.8,0.0,winter
2023-01-08,Southeast_US,6.9,0.0,0.0,winter
2023-01-09,Southeast_US,9.1,20.2,0.0,winter
2023-01-10,Southeast_US,6.8,0.0,29.6,winter
2023-01-11,Southeast_US,10.9,20.5,0.0,winter
2023-01-12,Southeast_US,11.5,0.0,0.0,winter
2023-01-13,Southeast_US,10.0,23.9,0.0,winter
2023-01-14,Southeast_US,8.7,0.0,0.0,winter
2023-01-15,Southeast_US,9.3,0.0,0.0,winter
2023-01-16,Southeast_US,14.8,0.0,0.0,winter
2023-01-17,Southeast_US,7.8,0.0,0.0,winter
2023-01-18,Southeast_US,5.3,0.0,14.0,winter
2023-01-19,Southeast_US,7.9,0.0,0.0,winter
2023-01-20,Southeast_US,14.3,21.2,0.0,winter
2023-01-21,Southeast_US,13.9,0.0,0.0,winter
2023-01-22,Southeast_US,11.1,0.0,0.0,winter
2023-01-23,Southeast_US,7.4,16.3,0.0,winter
2023-01-24,Southeast_US,14.5,0.0,0.0,winter
2023-01-25,Southeast_US,15.5,0.0,0.0,winter
2023-01-26,Southeast_US,8.7,3.5,0.0,winter
2023-01-27,Southeast_US,14.6,17.8,0.0,winter
2023-01-28,Southeast_US,10.9,0.0,0.0,winter
2023-01-29,Southeast_US,14.8,0.0,0.0,winter
2023-01-30,Southeast_US,9.0,0.0,0.0,winter
2023-01-31,Southeast_US,9.3,24.4,0.0,winter
2023-02-01,Southeast_US,10.8,39.0,0.0,winter
2023-02-02,Southeast_US,8.9,35.7,0.0,winter
2023-02-03,Southeast_US,6.3,0.0,0.0,winter
2023-02-04,Southeast_US,9.4,0.0,0.0,winter
2023-02-05,Southeast_US,11.0,34.1,0.0,winter
2023-02-06,Southeast_US,6.4,0.0,0.0,winter
2023-02-07,Southeast_US,13.3,0.0,0.0,winter
2023-02-08,Southeast_US,7.6,0.0,0.0,winter
2023-02-09,Southeast_US,12.3,0.0,0.0,winter
2023-02-10,Southeast_US,9.9,21.2,0.0,winter
2023-02-11,Southeast_US,10.3,0.0,22.0,winter
2023-02-12,Southeast_US,13.1,0.0,0.0,winter
2023-02-13,Southeast_US,13.2,0.0,0.0,winter
2023-02-14,Southeast_US,12.5,6.4,0.0,winter
2023-02-15,Southeast_US,11.7,0.0,0.0,winter
2023-02-16,Southeast_US,10.0,23.8,0.0,winter
2023-02-17,Southeast_US,11.1,0.0,0.0,winter
2023-02-18,Southeast_US,7.9,0.0,0.0,winter
2023-02-19,Southeast_US,11.3,32.9,0.0,winter
2023-02-20,Southeast_US,15.3,14.4,0.0,winter
2023-02-21,Southeast_US,11.4,8.4,0.0,winter
2023-02-22,Southeast_US,8.2,0.0,0.0,winter
2023-02-23,Southeast_US,12.9,0.0,0.0,winter
2023-02-24,Southeast_US,16.3,13.8,0.0,winter
2023-02-25,Southeast_US,15.5,0.0,0.0,winter
2023-02-26,Southeast_US,11.5,0.0,0.0,winter
2023-02-27,Southeast_US,9.9,0.0,0.0,winter
2023-02-28,Southeast_US,13.5,0.0,0.0,winter
2023-03-01,Southeast_US,10.5,0.0,0.0,spring
2023-03-02,Southeast_US,14.6,22.6,2.3,spring
2023-03-03,Southeast_US,15.2,0.0,0.0,spring
2023-03-04,Southeast_US,13.8,0.0,0.0,spring
2023-03-05,Southeast_US,15.3,7.8,0.0,spring
2023-03-06,Southeast_US,14.3,8.6,0.0,spring
2023-03-07,Southeast_US,15.4,0.0,0.0,spring
2023-03-08,Southeast_US,15.5,0.0,0.0,spring
2023-03-09,Southeast_US,12.4,0.0,0.0,spring
2023-03-10,Southeast_US,9.6,7.7,0.0,spring
2023-03-11,Southeast_US,13.4,0.0,0.0,spring
2023-03-12,Southeast_US,15.4,35.4,0.0,spring
2023-03-13,Southeast_US,15.7,0.0,0.0,spring
2023-03-14,Southeast_US,11.0,0.0,0.0,spring
2023-03-15,Southeast_US,10.6,0.0,0.0,spring
2023-03-16,Southeast_US,15.0,6.8,0.0,spring
2023-03-17,Southeast_US,18.6,20.8,0.0,spring
2023-03-18,Southeast_US,14.7,0.0,0.0,spring
2023-03-19,Southeast_US,11.1,0.0,0.0,spring
2023-03-20,Southeast_US,15.6,35.4,0.0,spring
2023-03-21,Southeast_US,13.4,28.8,0.0,spring
2023-03-22,Southeast_US,18.7,0.0,0.0,spring
2023-03-23,Southeast_US,15.3,0.0,0.0,spring
2023-03-24,Southeast_US,17.7,0.0,0.0,spring
2023-03-25,Southeast_US,21.6,9.5,0.0,spring
2023-03-26,Southeast_US,17.7,7.1,0.0,spring
2023-03-27,Southeast_US,15.2,0.0,0.0,spring
2023-03-28,Southeast_US,17.1,0.0,0.0,spring
2023-03-29,Southeast_US,17.9,18.6,0.0,spring
2023-03-30,Southeast_US,17.3,20.4,0.0,spring
2023-03-31,Southeast_US,18.1,4.0,0.0,spring
2023-04-01,Southeast_US,16.9,0.0,0.0,spring
2023-04-02,Southeast_US,20.7,0.0,0.0,spring
2023-04-03,Southeast_US,18.2,11.8,0.0,spring
2023-04-04,Southeast_US,19.5,22.3,0.0,spring
2023-04-05,Southeast_US,18.4,27.3,0.0,spring
2023-04-06,Southeast_US,22.7,0.0,0.0,spring
2023-04-07,Southeast_US,20.0,0.0,0.0,spring
2023-04-08,Southeast_US,22.1,34.3,0.0,spring
2023-04-09,Southeast_US,17.3,0.0,0.0,spring
2023-04-10,Southeast_US,18.8,0.0,0.0,spring
2023-04-11,Southeast_US,25.6,14.5,0.0,spring
2023-04-12,Southeast_US,19.6,0.0,0.0,spring
2023-04-13,Southeast_US,23.5,0.0,0.0,spring
2023-04-14,Southeast_US,20.4,0.0,0.0,spring
2023-04-15,Southeast_US,21.5,0.0,0.0,spring
2023-04-16,Southeast_US,19.1,0.0,0.0,spring
2023-04-17,Southeast_US,18.0,10.1,0.0,spring
2023-04-18,Southeast_US,19.2,0.0,0.0,spring
2023-04-19,Southeast_US,20.5,0.0,0.0,spring
2023-04-20,Southeast_US,22.1,0.0,0.0,spring
2023-04-21,Southeast_US,23.9,0.0,0.0,spring
2023-04-22,Southeast_US,20.7,0.0,0.0,spring
2023-04-23,Southeast_US,23.1,0.0,0.0,spring
2023-04-24,Southeast_US,22.2,0.0,0.0,spring
2023-04-25,Southeast_US,18.5,29.8,0.0,spring
2023-04-26,Southeast_US,22.4,9.8,0.0,spring
2023-04-27,Southeast_US,22.6,0.0,0.0,spring
2023-04-28,Southeast_US,18.5,0.0,0.0,spring
2023-04-29,Southeast_US,22.3,23.9,0.0,spring
2023-04-30,Southeast_US,22.9,39.1,0.0,spring
2023-05-01,Southeast_US,19.2,0.0,0.0,spring
2023-05-02,Southeast_US,21.6,0.0,0.0,spring
2023-05-03,Southeast_US,21.8,0.0,0.0,spring
2023-05-04,Southeast_US,25.4,0.0,0.0,spring
2023-05-05,Southeast_US,21.8,16.1,0.0,spring
2023-05-06,Southeast_US,24.6,0.0,0.0,spring
2023-05-07,Southeast_US,23.9,0.0,0.0,spring
2023-05-08,Southeast_US,26.0,0.0,0.0,spring
2023-05-09,Southeast_US,24.3,33.2,0.0,spring
2023-05-10,Southeast_US,24.6,36.5,0.0,spring
2023-05-11,Southeast_US,24.3,9.0,0.0,spring
2023-05-12,Southeast_US,28.2,0.0,0.0,spring
2023-05-13,Southeast_US,22.9,1.4,0.0,spring
2023-05-14,Southeast_US,30.5,39.6,0.0,spring
2023-05-15,Southeast_US,25.7,17.3,0.0,spring
2023-05-16,Southeast_US,23.5,0.0,0.0,spring
2023-05-17,Southeast_US,24.4,34.9,0.0,spring
2023-05-18,Southeast_US,30.6,0.0,0.0,spring
2023-05-19,Southeast_US,25.8,23.4,0.0,spring
2023-05-20,Southeast_US,28.2,0.0,0.0,spring
2023-05-21,Southeast_US,29.1,0.0,0.0,spring
2023-05-22,Southeast_US,34.3,0.0,0.0,spring
2023-05-23,Southeast_US,25.6,0.0,0.0,spring
2023-05-24,Southeast_US,26.1,23.2,0.0,spring
2023-05-25,Southeast_US,26.7,0.0,0.0,spring
2023-05-26,Southeast_US,27.7,26.2,0.0,spring
2023-05-27,Southeast_US,25.0,0.0,0.0,spring
2023-05-28,Southeast_US,31.8,0.0,0.0,spring
2023-05-29,Southeast_US,29.5,33.1,0.0,spring
2023-05-30,Southeast_US,26.1,25.1,0.0,spring
2023-05-31,Southeast_US,25.6,0.0,0.0,spring
2023-06-01,Southeast_US,30.9,0.0,0.0,summer
2023-06-02,Southeast_US,33.6,28.2,0.0,summer
2023-06-03,Southeast_US,30.1,35.4,0.0,summer
2023-06-04,Southeast_US,28.4,0.0,0.0,summer
2023-06-05,Southeast_US,28.2,0.0,0.0,summer
2023-06-06,Southeast_US,31.3,0.0,0.0,summer
2023-06-07,Southeast_US,27.9,0.0,0.0,summer
2023-06-08,Southeast_US,29.5,15.4,0.0,summer
2023-06-09,Southeast_US,26.5,0.0,0.0,summer
2023-06-10,Southeast_US,30.5,0.0,0.0,summer
2023-06-11,Southeast_US,31.2,2.0,0.0,summer
2023-06-12,Southeast_US,28.6,0.0,0.0,summer
2023-06-13,Southeast_US,27.5,16.6,0.0,summer
2023-06-14,Southeast_US,30.0,2.5,0.0,summer
2023-06-15,Southeast_US,34.1,27.1,0.0,summer
2023-06-16,Southeast_US,29.3,0.0,0.0,summer
2023-06-17,Southeast_US,30.6,0.0,0.0,summer
2023-06-18,Southeast_US,27.9,0.0,0.0,summer
2023-06-19,Southeast_US,31.6,7.3,0.0,summer
2023-06-20,Southeast_US,29.4,0.0,0.0,summer
2023-06-21,Southeast_US,29.8,29.9,0.0,summer
2023-06-22,Southeast_US,32.8,27.2,0.0,summer
2023-06-23,Southeast_US,31.1,0.0,0.0,summer
2023-06-24,Southeast_US,33.4,28.9,0.0,summer
2023-06-25,Southeast_US,29.2,0.0,0.0,summer
2023-06-26,Southeast_US,27.5,25.8,0.0,summer
2023-06-27,Southeast_US,30.7,0.0,0.0,summer
2023-06-28,Southeast_US,28.1,27.9,0.0,summer
2023-06-29,Southeast_US,32.5,15.7,0.0,summer
2023-06-30,Southeast_US,32.8,10.7,0.0,summer
2023-07-01,Southeast_US,30.6,2.1,0.0,summer
2023-07-02,Southeast_US,31.1,33.0,0.0,summer
2023-07-03,Southeast_US,30.8,0.0,0.0,summer
2023-07-04,Southeast_US,29.6,33.6,0.0,summer
2023-07-05,Southeast_US,28.2,21.0,0.0,summer
2023-07-06,Southeast_US,30.2,0.0,0.0,summer
2023-07-07,Southeast_US,34.9,0.0,0.0,summer
2023-07-08,Southeast_US,29.7,0.0,0.0,summer
2023-07-09,Southeast_US,33.5,5.1,0.0,summer
2023-07-10,Southeast_US,31.6,1.6,0.0,summer
2023-07-11,Southeast_US,31.6,9.6,0.0,summer
2023-07-12,Southeast_US,31.3,0.0,0.0,summer
2023-07-13,Southeast_US,35.4,35.5,0.0,summer
2023-07-14,Southeast_US,32.3,0.0,0.0,summer
2023-07-15,Southeast_US,29.1,0.0,0.0,summer
2023-07-16,Southeast_US,33.4,0.0,0.0,summer
2023-07-17,Southeast_US,26.5,0.0,0.0,summer
2023-07-18,Southeast_US,30.4,4.7,0.0,summer
2023-07-19,Southeast_US,35.2,37.1,0.0,summer
2023-07-20,Southeast_US,33.0,0.0,0.0,summer
2023-07-21,Southeast_US,33.1,0.0,0.0,summer
2023-07-22,Southeast_US,35.7,0.0,0.0,summer
2023-07-23,Southeast_US,31.5,1.7,0.0,summer
2023-07-24,Southeast_US,29.1,0.0,0.0,summer
2023-07-25,Southeast_US,32.9,0.0,0.0,summer
2023-07-26,Southeast_US,31.8,0.0,0.0,summer
2023-07-27,Southeast_US,31.5,30.6,0.0,summer
2023-07-28,Southeast_US,30.2,10.2,0.0,summer
2023-07-29,Southeast_US,32.6,6.4,0.0,summer
2023-07-30,Southeast_US,32.5,0.0,0.0,summer
2023-07-31,Southeast_US,34.1,0.0,0.0,summer
2023-08-01,Southeast_US,34.4,29.3,0.0,summer
2023-08-02,Southeast_US,31.5,0.0,0.0,summer
2023-08-03,Southeast_US,31.8,13.4,0.0,summer
2023-08-04,Southeast_US,30.9,0.0,0.0,summer
2023-08-05,Southeast_US,33.1,0.0,0.0,summer
2023-08-06,Southeast_US,27.6,29.6,0.0,summer
2023-08-07,Southeast_US,36.7,9.0,0.0,summer
2023-08-08,Southeast_US,33.2,0.0,0.0,summer
2023-08-09,Southeast_US,30.7,0.0,0.0,summer
2023-08-10,Southeast_US,29.5,0.0,0.0,summer
2023-08-11,Southeast_US,32.6,0.0,0.0,summer
2023-08-12,Southeast_US,34.3,20.2,0.0,summer
2023-08-13,Southeast_US,38.4,0.0,0.0,summer
2023-08-14,Southeast_US,33.4,0.0,0.0,summer
2023-08-15,Southeast_US,26.6,7.8,0.0,summer
2023-08-16,Southeast_US,29.4,20.8,0.0,summer
2023-08-17,Southeast_US,29.2,0.0,0.0,summer
2023-08-18,Southeast_US,30.9,17.5,0.0,summer
2023-08-19,Southeast_US,29.4,0.0,0.0,summer
2023-08-20,Southeast_US,33.5,0.0,0.0,summer
2023-08-21,Southeast_US,24.2,34.6,0.0,summer
2023-08-22,Southeast_US,30.9,15.7,0.0,summer
2023-08-23,Southeast_US,27.0,0.0,0.0,summer
2023-08-24,Southeast_US,31.6,0.0,0.0,summer
2023-08-25,Southeast_US,25.6,38.2,0.0,summer
2023-08-26,Southeast_US,30.2,0.0,0.0,summer
2023-08-27,Southeast_US,28.6,36.4,0.0,summer
2023-08-28,Southeast_US,32.4,0.0,0.0,summer
2023-08-29,Southeast_US,28.7,15.8,0.0,summer
2023-08-30,Southeast_US,31.2,0.0,0.0,summer
2023-08-31,Southeast_US,27.1,0.0,0.0,summer
2023-09-01,Southeast_US,32.4,36.7,0.0,fall
2023-09-02,Southeast_US,28.6,34.6,0.0,fall
2023-09-03,Southeast_US,26.3,0.0,0.0,fall
2023-09-04,Southeast_US,25.3,0.0,0.0,fall
2023-09-05,Southeast_US,31.0,13.0,0.0,fall
2023-09-06,Southeast_US,33.0,0.0,0.0,fall
2023-09-07,Southeast_US,30.4,0.0,0.0,fall
2023-09-08,Southeast_US,30.2,37.4,0.0,fall
2023-09-09,Southeast_US,31.5,0.0,0.0,fall
2023-09-10,Southeast_US,27.8,0.0,0.0,fall
2023-09-11,Southeast_US,25.3,0.0,0.0,fall
2023-09-12,Southeast_US,26.8,0.0,0.0,fall
2023-09-13,Southeast_US,27.9,17.5,0.0,fall
2023-09-14,Southeast_US,29.2,19.6,0.0,fall
2023-09-15,Southeast_US,25.8,0.0,0.0,fall
2023-09-16,Southeast_US,28.8,27.0,0.0,fall
2023-09-17,Southeast_US,29.4,0.0,0.0,fall
2023-09-18,Southeast_US,23.2,10.6,0.0,fall
2023-09-19,Southeast_US,24.6,5.6,0.0,fall
2023-09-20,Southeast_US,23.2,28.8,0.0,fall
2023-09-21,Southeast_US,28.6,0.0,0.0,fall
2023-09-22,Southeast_US,26.9,36.5,0.0,fall
2023-09-23,Southeast_US,24.6,0.0,0.0,fall
2023-09-24,Southeast_US,22.4,0.0,0.0,fall
2023-09-25,Southeast_US,25.3,0.0,0.0,fall
2023-09-26,Southeast_US,24.7,0.0,0.0,fall
2023-09-27,Southeast_US,20.8,0.0,0.0,fall
2023-09-28,Southeast_US,27.3,0.0,0.0,fall
2023-09-29,Southeast_US,26.6,0.0,0.0,fall
2023-09-30,Southeast_US,24.2,0.0,0.0,fall
2023-10-01,Southeast_US,25.9,0.0,0.0,fall
2023-10-02,Southeast_US,25.6,0.0,0.0,fall
2023-10-03,Southeast_US,23.9,0.0,0.0,fall
2023-10-04,Southeast_US,21.4,31.2,0.0,fall
2023-10-05,Southeast_US,24.8,17.8,0.0,fall
2023-10-06,Southeast_US,25.2,8.3,0.0,fall
2023-10-07,Southeast_US,25.3,0.0,0.0,fall
2023-10-08,Southeast_US,23.3,23.1,0.0,fall
2023-10-09,Southeast_US,24.4,0.0,0.0,fall
2023-10-10,Southeast_US,25.1,0.0,0.0,fall
2023-10-11,Southeast_US,29.0,0.0,0.0,fall
2023-10-12,Southeast_US,23.2,0.0,0.0,fall
2023-10-13,Southeast_US,21.4,0.0,0.0,fall
2023-10-14,Southeast_US,22.4,4.3,0.0,fall
2023-10-15,Southeast_US,22.3,10.2,0.0,fall
2023-10-16,Southeast_US,21.4,0.0,0.0,fall
2023-10-17,Southeast_US,20.9,38.3,0.0,fall
2023-10-18,Southeast_US,21.2,0.0,0.0,fall
2023-10-19,Southeast_US,20.1,31.9,0.0,fall
2023-10-20,Southeast_US,22.6,21.3,0.0,fall
2023-10-21,Southeast_US,20.0,0.0,0.0,fall
2023-10-22,Southeast_US,18.5,0.0,0.0,fall
2023-10-23,Southeast_US,18.7,0.0,0.0,fall
2023-10-24,Southeast_US,20.1,13.3,0.0,fall
2023-10-25,Southeast_US,22.1,24.8,0.0,fall
2023-10-26,Southeast_US,22.7,0.0,0.0,fall
2023-10-27,Southeast_US,16.1,35.0,0.0,fall
2023-10-28,Southeast_US,22.1,0.0,0.0,fall
2023-10-29,Southeast_US,14.1,5.8,0.0,fall
2023-10-30,Southeast_US,22.8,0.0,0.0,fall
2023-10-31,Southeast_US,17.3,18.6,0.0,fall
2023-11-01,Southeast_US,14.8,0.0,0.0,fall
2023-11-02,Southeast_US,17.9,0.0,19.9,fall
2023-11-03,Southeast_US,22.7,0.0,0.0,fall
2023-11-04,Southeast_US,13.2,0.0,0.0,fall
2023-11-05,Southeast_US,17.4,0.0,0.0,fall
2023-11-06,Southeast_US,13.1,0.0,0.0,fall
2023-11-07,Southeast_US,15.2,0.0,0.0,fall
2023-11-08,Southeast_US,13.9,24.7,0.0,fall
2023-11-09,Southeast_US,20.1,0.0,0.0,fall
2023-11-10,Southeast_US,13.7,20.4,0.0,fall
2023-11-11,Southeast_US,24.0,0.0,0.0,fall
2023-11-12,Southeast_US,16.3,0.0,0.0,fall
2023-11-13,Southeast_US,14.5,0.0,0.0,fall
2023-11-14,Southeast_US,15.6,0.0,0.0,fall
2023-11-15,Southeast_US,21.6,39.7,0.0,fall
2023-11-16,Southeast_US,16.8,11.9,0.0,fall
2023-11-17,Southeast_US,19.2,0.0,0.0,fall
2023-11-18,Southeast_US,14.3,0.0,0.0,fall
2023-11-19,Southeast_US,15.9,0.0,0.0,fall
2023-11-20,Southeast_US,13.0,0.0,0.0,fall
2023-11-21,Southeast_US,18.4,14.4,0.0,fall
2023-11-22,Southeast_US,12.6,0.0,0.0,fall
2023-11-23,Southeast_US,13.0,0.0,0.0,fall
2023-11-24,Southeast_US,15.2,5.3,0.0,fall
2023-11-25,Southeast_US,16.6,0.0,0.0,fall
2023-11-26,Southeast_US,19.7,13.2,0.0,fall
2023-11-27,Southeast_US,12.8,0.0,0.0,fall
2023-11-28,Southeast_US,17.0,17.5,0.0,fall
2023-11-29,Southeast_US,14.9,0.0,0.0,fall
2023-11-30,Southeast_US,13.1,0.0,0.0,fall
2023-12-01,Southeast_US,11.6,34.2,0.0,winter
2023-12-02,Southeast_US,17.6,27.5,0.0,winter
2023-12-03,Southeast_US,15.9,30.1,0.0,winter
2023-12-04,Southeast_US,9.3,20.6,0.0,winter
2023-12-05,Southeast_US,9.8,34.1,0.0,winter
2023-12-06,Southeast_US,11.2,38.7,0.0,winter
2023-12-07,Southeast_US,15.0,0.0,0.0,winter
2023-12-08,Southeast_US,15.8,0.0,0.0,winter
2023-12-09,Southeast_US,16.3,0.0,0.0,winter
2023-12-10,Southeast_US,10.3,0.0,0.0,winter
2023-12-11,Southeast_US,13.5,0.0,0.0,winter
2023-12-12,Southeast_US,11.3,17.5,0.0,winter
2023-12-13,Southeast_US,15.6,16.3,0.0,winter
2023-12-14,Southeast_US,13.6,0.0,0.0,winter
2023-12-15,Southeast_US,13.6,0.0,0.0,winter
2023-12-16,Southeast_US,12.9,0.0,0.0,winter
2023-12-17,Southeast_US,10.4,0.0,0.0,winter
2023-12-18,Southeast_US,14.9,0.0,0.0,winter
2023-12-19,Southeast_US,12.5,0.0,0.0,winter
2023-12-20,Southeast_US,15.7,0.0,0.0,winter
2023-12-21,Southeast_US,14.7,0.0,0.0,winter
2023-12-22,Southeast_US,13.7,39.3,0.0,winter
2023-12-23,Southeast_US,9.3,3.2,0.0,winter
2023-12-24,Southeast_US,13.2,21.1,0.0,winter
2023-12-25,Southeast_US,13.3,0.0,0.0,winter
2023-12-26,Southeast_US,14.0,16.5,0.0,winter
2023-12-27,Southeast_US,12.7,0.0,0.0,winter
2023-12-28,Southeast_US,14.3,0.0,0.0,winter
2023-12-29,Southeast_US,11.6,19.1,0.0,winter
2023-12-30,Southeast_US,8.3,0.0,0.0,winter
2023-12-31,Southeast_US,12.0,26.0,5.3,winter
2024-01-01,Southeast_US,9.5,0.0,0.0,winter
2024-01-02,Southeast_US,13.2,0.0,0.0,winter
2024-01-03,Southeast_US,12.2,0.0,0.0,winter
2024-01-04,Southeast_US,8.5,5.9,0.0,winter
2024-01-05,Southeast_US,13.8,0.0,0.0,winter
2024-01-06,Southeast_US,6.6,0.0,0.0,winter
2024-01-07,Southeast_US,13.0,0.0,0.0,winter
2024-01-08,Southeast_US,5.7,0.0,0.0,winter
2024-01-09,Southeast_US,9.0,0.0,0.0,winter
2024-01-10,Southeast_US,13.8,0.0,0.0,winter
2024-01-11,Southeast_US,13.4,18.4,0.0,winter
2024-01-12,Southeast_US,9.4,23.4,0.0,winter
2024-01-13,Southeast_US,9.2,0.0,0.0,winter
2024-01-14,Southeast_US,11.5,12.6,0.0,winter
2024-01-15,Southeast_US,9.7,0.0,0.0,winter
2024-01-16,Southeast_US,11.7,37.9,0.0,winter
2024-01-17,Southeast_US,8.8,20.1,0.0,winter
2024-01-18,Southeast_US,13.4,0.0,0.0,winter
2024-01-19,Southeast_US,9.9,0.0,0.0,winter
2024-01-20,Southeast_US,13.1,2.4,0.0,winter
2024-01-21,Southeast_US,13.8,22.5,0.0,winter
2024-01-22,Southeast_US,7.2,29.4,0.0,winter
2024-01-23,Southeast_US,11.5,0.0,0.0,winter
2024-01-24,Southeast_US,13.6,0.0,0.0,winter
2024-01-25,Southeast_US,8.8,8.9,0.0,winter
2024-01-26,Southeast_US,7.7,25.7,0.0,winter
2024-01-27,Southeast_US,7.0,0.0,0.0,winter
2024-01-28,Southeast_US,8.4,33.0,0.0,winter
2024-01-29,Southeast_US,14.2,0.0,0.0,winter
2024-01-30,Southeast_US,9.2,21.7,0.0,winter
2024-01-31,Southeast_US,8.0,36.5,0.0,winter
2024-02-01,Southeast_US,10.2,32.1,0.0,winter
2024-02-02,Southeast_US,11.5,38.1,0.0,winter
2024-02-03,Southeast_US,12.8,21.5,0.0,winter
2024-02-04,Southeast_US,8.1,14.6,0.0,winter
2024-02-05,Southeast_US,11.2,11.6,0.0,winter
2024-02-06,Southeast_US,11.1,0.0,0.0,winter
2024-02-07,Southeast_US,8.7,0.0,0.0,winter
2024-02-08,Southeast_US,6.8,0.0,0.0,winter
2024-02-09,Southeast_US,10.6,0.0,0.0,winter
2024-02-10,Southeast_US,14.7,0.0,0.0,winter
2024-02-11,Southeast_US,10.4,0.0,0.0,winter
2024-02-12,Southeast_US,16.6,31.3,0.0,winter
2024-02-13,Southeast_US,8.5,0.0,0.0,winter
2024-02-14,Southeast_US,11.9,0.0,0.0,winter
2024-02-15,Southeast_US,7.4,0.0,0.0,winter
2024-02-16,Southeast_US,10.9,25.8,0.0,winter
2024-02-17,Southeast_US,13.5,31.1,0.0,winter
2024-02-18,Southeast_US,8.6,4.7,0.0,winter
2024-02-19,Southeast_US,15.8,12.1,0.0,winter
2024-02-20,Southeast_US,9.8,0.0,28.6,winter
2024-02-21,Southeast_US,10.4,20.4,0.0,winter
2024-02-22,Southeast_US,8.5,1.5,0.0,winter
2024-02-23,Southeast_US,14.7,0.0,0.0,winter
2024-02-24,Southeast_US,12.3,39.8,0.0,winter
2024-02-25,Southeast_US,18.3,0.0,0.0,winter
2024-02-26,Southeast_US,12.4,18.5,0.0,winter
2024-02-27,Southeast_US,13.0,0.0,0.0,winter
2024-02-28,Southeast_US,7.3,6.2,0.0,winter
2024-02-29,Southeast_US,16.0,20.3,0.0,winter
2024-03-01,Southeast_US,18.7,0.0,0.0,spring
2024-03-02,Southeast_US,14.4,0.0,0.0,spring
2024-03-03,Southeast_US,11.6,1.1,0.0,spring
2024-03-04,Southeast_US,19.0,37.0,0.0,spring
2024-03-05,Southeast_US,10.8,0.0,0.0,spring
2024-03-06,Southeast_US,14.1,0.0,0.0,spring
2024-03-07,Southeast_US,13.1,5.2,14.9,spring
2024-03-08,Southeast_US,13.6,0.0,0.0,spring
2024-03-09,Southeast_US,14.2,21.6,0.0,spring
2024-03-10,Southeast_US,14.4,0.0,0.0,spring
2024-03-11,Southeast_US,14.2,19.4,0.0,spring
2024-03-12,Southeast_US,12.6,35.8,0.0,spring
2024-03-13,Southeast_US,14.2,0.0,0.0,spring
2024-03-14,Southeast_US,20.0,30.1,0.0,spring
2024-03-15,Southeast_US,15.2,12.1,0.0,spring
2024-03-16,Southeast_US,14.8,0.0,0.0,spring
2024-03-17,Southeast_US,15.8,0.0,0.0,spring
2024-03-18,Southeast_US,17.6,0.0,0.0,spring
2024-03-19,Southeast_US,17.6,0.0,0.0,spring
2024-03-20,Southeast_US,16.3,0.0,0.0,spring
2024-03-21,Southeast_US,13.5,0.0,0.0,spring
2024-03-22,Southeast_US,16.5,38.3,0.0,spring
2024-03-23,Southeast_US,15.0,27.7,0.0,spring
2024-03-24,Southeast_US,13.4,0.0,0.0,spring
2024-03-25,Southeast_US,18.1,4.2,15.4,spring
2024-03-26,Southeast_US,16.6,0.0,0.0,spring
2024-03-27,Southeast_US,15.4,11.3,0.0,spring
2024-03-28,Southeast_US,14.6,0.0,0.0,spring
2024-03-29,Southeast_US,18.6,29.5,0.0,spring
2024-03-30,Southeast_US,16.5,34.3,0.0,spring
2024-03-31,Southeast_US,16.7,0.0,0.0,spring
2024-04-01,Southeast_US,18.2,8.5,0.0,spring
2024-04-02,Southeast_US,18.4,34.7,0.0,spring
2024-04-03,Southeast_US,16.1,21.5,0.0,spring
2024-04-04,Southeast_US,11.8,17.6,0.0,spring
2024-04-05,Southeast_US,19.7,17.7,0.0,spring
2024-04-06,Southeast_US,19.2,37.8,0.0,spring
2024-04-07,Southeast_US,19.1,0.0,0.0,spring
2024-04-08,Southeast_US,24.5,1.0,0.0,spring
2024-04-09,Southeast_US,18.5,0.0,0.0,spring
2024-04-10,Southeast_US,21.4,24.7,0.0,spring
2024-04-11,Southeast_US,19.7,0.0,0.0,spring
2024-04-12,Southeast_US,22.8,5.3,0.0,spring
2024-04-13,Southeast_US,18.3,0.0,0.0,spring
2024-04-14,Southeast_US,16.4,15.1,0.0,spring
2024-04-15,Southeast_US,20.3,0.0,0.0,spring
2024-04-16,Southeast_US,17.3,0.0,0.0,spring
2024-04-17,Southeast_US,19.9,11.8,0.0,spring
2024-04-18,Southeast_US,20.5,25.6,0.0,spring
2024-04-19,Southeast_US,27.6,0.0,0.0,spring
2024-04-20,Southeast_US,23.1,0.0,0.0,spring
2024-04-21,Southeast_US,22.6,0.0,0.0,spring
2024-04-22,Southeast_US,24.3,37.7,0.0,spring
2024-04-23,Southeast_US,21.1,0.0,0.0,spring
2024-04-24,Southeast_US,24.9,0.0,0.0,spring
2024-04-25,Southeast_US,23.1,0.0,0.0,spring
2024-04-26,Southeast_US,23.6,0.0,0.0,spring
2024-04-27,Southeast_US,26.0,0.0,0.0,spring
2024-04-28,Southeast_US,20.3,0.0,0.0,spring
2024-04-29,Southeast_US,21.7,0.0,0.0,spring
2024-04-30,Southeast_US,25.3,0.0,0.0,spring
2024-05-01,Southeast_US,20.5,18.0,0.0,spring
2024-05-02,Southeast_US,24.0,0.0,0.0,spring
2024-05-03,Southeast_US,24.9,0.0,0.0,spring
2024-05-04,Southeast_US,25.8,0.0,0.0,spring
2024-05-05,Southeast_US,30.4,38.3,0.0,spring
2024-05-06,Southeast_US,26.9,32.8,0.0,spring
2024-05-07,Southeast_US,21.6,0.0,0.0,spring
2024-05-08,Southeast_US,24.1,18.1,0.0,spring
2024-05-09,Southeast_US,22.6,0.0,0.0,spring
2024-05-10,Southeast_US,24.2,0.0,0.0,spring
2024-05-11,Southeast_US,22.3,1.1,0.0,spring
2024-05-12,Southeast_US,24.0,37.2,0.0,spring
2024-05-13,Southeast_US,21.6,0.0,0.0,spring
2024-05-14,Southeast_US,25.7,34.2,0.0,spring
2024-05-15,Southeast_US,27.3,11.5,0.0,spring
2024-05-16,Southeast_US,27.4,0.0,0.0,spring
2024-05-17,Southeast_US,28.2,25.9,0.0,spring
2024-05-18,Southeast_US,25.8,35.1,0.0,spring
2024-05-19,Southeast_US,28.3,39.2,0.0,spring
2024-05-20,Southeast_US,26.7,26.3,0.0,spring
2024-05-21,Southeast_US,29.1,0.0,0.0,spring
2024-05-22,Southeast_US,26.7,0.0,0.0,spring
2024-05-23,Southeast_US,27.2,0.0,0.0,spring
2024-05-24,Southeast_US,28.8,0.0,0.0,spring
2024-05-25,Southeast_US,27.3,39.4,0.0,spring
2024-05-26,Southeast_US,27.5,29.5,0.0,spring
2024-05-27,Southeast_US,31.5,11.0,0.0,spring
2024-05-28,Southeast_US,28.4,0.0,0.0,spring
2024-05-29,Southeast_US,24.7,0.0,0.0,spring
2024-05-30,Southeast_US,26.3,0.0,0.0,spring
2024-05-31,Southeast_US,28.3,0.0,0.0,spring
2024-06-01,Southeast_US,32.1,0.0,0.0,summer
2024-06-02,Southeast_US,28.0,18.2,0.0,summer
2024-06-03,Southeast_US,30.4,0.0,0.0,summer
2024-06-04,Southeast_US,26.8,0.0,0.0,summer
2024-06-05,Southeast_US,30.8,0.0,0.0,summer
2024-06-06,Southeast_US,31.0,0.0,0.0,summer
2024-06-07,Southeast_US,31.7,0.0,0.0,summer
2024-06-08,Southeast_US,30.1,0.0,0.0,summer
2024-06-09,Southeast_US,28.2,0.0,0.0,summer
2024-06-10,Southeast_US,30.6,0.0,0.0,summer
2024-06-11,Southeast_US,31.7,35.5,0.0,summer
2024-06-12,Southeast_US,29.3,0.0,0.0,summer
2024-06-13,Southeast_US,28.6,17.6,0.0,summer
2024-06-14,Southeast_US,28.6,0.0,0.0,summer
2024-06-15,Southeast_US,28.3,0.0,0.0,summer
2024-06-16,Southeast_US,31.5,30.3,0.0,summer
2024-06-17,Southeast_US,30.6,5.3,0.0,summer
2024-06-18,Southeast_US,31.8,33.4,0.0,summer
2024-06-19,Southeast_US,30.1,0.0,0.0,summer
2024-06-20,Southeast_US,27.2,37.6,0.0,summer
2024-06-21,Southeast_US,28.2,31.9,0.0,summer
2024-06-22,Southeast_US,33.0,0.0,0.0,summer
2024-06-23,Southeast_US,26.5,6.4,0.0,summer
2024-06-24,Southeast_US,34.7,0.0,0.0,summer
2024-06-25,Southeast_US,28.3,19.7,0.0,summer
2024-06-26,Southeast_US,30.9,22.2,0.0,summer
2024-06-27,Southeast_US,34.4,2.7,0.0,summer
2024-06-28,Southeast_US,35.5,0.0,0.0,summer
2024-06-29,Southeast_US,34.5,0.0,0.0,summer
2024-06-30,Southeast_US,31.8,9.7,0.0,summer
2024-07-01,Southeast_US,34.0,12.2,0.0,summer
2024-07-02,Southeast_US,30.1,0.0,0.0,summer
2024-07-03,Southeast_US,28.1,0.0,0.0,summer
2024-07-04,Southeast_US,24.0,0.0,0.0,summer
2024-07-05,Southeast_US,32.1,38.3,0.0,summer
2024-07-06,Southeast_US,30.6,4.0,0.0,summer
2024-07-07,Southeast_US,33.8,0.0,0.0,summer
2024-07-08,Southeast_US,33.4,2.7,0.0,summer
2024-07-09,Southeast_US,34.0,8.1,0.0,summer
2024-07-10,Southeast_US,34.9,0.0,0.0,summer
2024-07-11,Southeast_US,29.5,0.0,0.0,summer
2024-07-12,Southeast_US,31.6,35.1,0.0,summer
2024-07-13,Southeast_US,34.9,11.4,0.0,summer
2024-07-14,Southeast_US,33.3,0.0,0.0,summer
2024-07-15,Southeast_US,27.8,0.0,0.0,summer
2024-07-16,Southeast_US,32.2,0.0,0.0,summer
2024-07-17,Southeast_US,30.6,18.4,0.0,summer
2024-07-18,Southeast_US,36.5,0.0,0.0,summer
2024-07-19,Southeast_US,31.3,17.7,0.0,summer
2024-07-20,Southeast_US,33.4,0.0,0.0,summer
2024-07-21,Southeast_US,33.7,30.9,0.0,summer
2024-07-22,Southeast_US,25.3,20.3,0.0,summer
2024-07-23,Southeast_US,32.7,0.0,0.0,summer
2024-07-24,Southeast_US,35.8,0.0,0.0,summer
2024-07-25,Southeast_US,36.5,0.0,0.0,summer
2024-07-26,Southeast_US,29.1,22.4,0.0,summer
2024-07-27,Southeast_US,31.2,0.0,0.0,summer
2024-07-28,Southeast_US,31.2,4.3,0.0,summer
2024-07-29,Southeast_US,28.8,0.0,0.0,summer
2024-07-30,Southeast_US,32.0,0.0,0.0,summer
2024-07-31,Southeast_US,32.8,8.9,0.0,summer
2024-08-01,Southeast_US,29.8,0.0,0.0,summer
2024-08-02,Southeast_US,33.8,5.3,0.0,summer
2024-08-03,Southeast_US,28.5,0.0,0.0,summer
2024-08-04,Southeast_US,35.3,0.0,0.0,summer
2024-08-05,Southeast_US,33.1,19.0,0.0,summer
2024-08-06,Southeast_US,28.7,0.0,0.0,summer
2024-08-07,Southeast_US,31.8,0.0,0.0,summer
2024-08-08,Southeast_US,33.0,0.0,0.0,summer
2024-08-09,Southeast_US,33.7,28.1,0.0,summer
2024-08-10,Southeast_US,34.3,0.0,0.0,summer
2024-08-11,Southeast_US,32.2,0.0,0.0,summer
2024-08-12,Southeast_US,31.4,0.0,0.0,summer
2024-08-13,Southeast_US,29.7,0.0,0.0,summer
2024-08-14,Southeast_US,30.0,6.5,0.0,summer
2024-08-15,Southeast_US,32.0,1.5,0.0,summer
2024-08-16,Southeast_US,28.4,0.0,0.0,summer
2024-08-17,Southeast_US,32.5,0.0,0.0,summer
2024-08-18,Southeast_US,32.8,0.0,0.0,summer
2024-08-19,Southeast_US,29.9,0.0,0.0,summer
2024-08-20,Southeast_US,27.6,0.0,0.0,summer
2024-08-21,Southeast_US,33.5,5.3,0.0,summer
2024-08-22,Southeast_US,31.4,0.0,0.0,summer
2024-08-23,Southeast_US,27.9,7.3,0.0,summer
2024-08-24,Southeast_US,31.4,0.0,0.0,summer
2024-08-25,Southeast_US,29.3,0.0,0.0,summer
2024-08-26,Southeast_US,27.7,0.0,0.0,summer
2024-08-27,Southeast_US,31.3,9.9,0.0,summer
2024-08-28,Southeast_US,28.5,15.7,0.0,summer
2024-08-29,Southeast_US,29.1,0.0,0.0,summer
2024-08-30,Southeast_US,26.6,16.3,0.0,summer
2024-08-31,Southeast_US,32.4,0.0,0.0,summer
2024-09-01,Southeast_US,28.3,28.0,0.0,fall
2024-09-02,Southeast_US,27.3,0.0,0.0,fall
2024-09-03,Southeast_US,26.5,3.1,0.0,fall
2024-09-04,Southeast_US,28.3,17.5,0.0,fall
2024-09-05,Southeast_US,29.5,31.4,0.0,fall
2024-09-06,Southeast_US,28.8,10.3,0.0,fall
2024-09-07,Southeast_US,29.0,1.4,0.0,fall
2024-09-08,Southeast_US,28.5,0.0,0.0,fall
2024-09-09,Southeast_US,29.3,0.0,0.0,fall
2024-09-10,Southeast_US,26.9,4.3,0.0,fall
2024-09-11,Southeast_US,27.1,0.0,0.0,fall
2024-09-12,Southeast_US,28.3,0.0,0.0,fall
2024-09-13,Southeast_US,27.4,39.2,0.0,fall
2024-09-14,Southeast_US,29.8,0.0,0.0,fall
2024-09-15,Southeast_US,26.0,16.2,0.0,fall
2024-09-16,Southeast_US,25.6,6.1,0.0,fall
2024-09-17,Southeast_US,24.5,0.0,0.0,fall
2024-09-18,Southeast_US,22.0,0.0,0.0,fall
2024-09-19,Southeast_US,26.1,32.0,0.0,fall
2024-09-20,Southeast_US,26.4,0.0,0.0,fall
2024-09-21,Southeast_US,25.3,27.6,0.0,fall
2024-09-22,Southeast_US,27.4,25.4,0.0,fall
2024-09-23,Southeast_US,24.9,27.6,0.0,fall
2024-09-24,Southeast_US,28.2,29.0,0.0,fall
2024-09-25,Southeast_US,25.0,0.0,0.0,fall
2024-09-26,Southeast_US,20.7,0.0,0.0,fall
2024-09-27,Southeast_US,24.1,0.0,0.0,fall
2024-09-28,Southeast_US,20.3,12.3,0.0,fall
2024-09-29,Southeast_US,20.2,28.8,0.0,fall
2024-09-30,Southeast_US,24.8,0.0,0.0,fall
2024-10-01,Southeast_US,32.5,0.0,0.0,fall
2024-10-02,Southeast_US,16.5,0.0,0.0,fall
2024-10-03,Southeast_US,20.4,1.6,0.0,fall
2024-10-04,Southeast_US,21.7,0.0,0.0,fall
2024-10-05,Southeast_US,28.0,0.0,0.0,fall
2024-10-06,Southeast_US,20.4,0.0,0.0,fall
2024-10-07,Southeast_US,22.9,12.5,0.0,fall
2024-10-08,Southeast_US,22.2,23.5,0.0,fall
2024-10-09,Southeast_US,23.3,0.0,0.0,fall
2024-10-10,Southeast_US,29.3,0.0,0.0,fall
2024-10-11,Southeast_US,21.6,0.0,0.0,fall
2024-10-12,Southeast_US,27.3,0.0,0.0,fall
2024-10-13,Southeast_US,19.1,0.0,0.0,fall
2024-10-14,Southeast_US,20.3,0.0,0.0,fall
2024-10-15,Southeast_US,23.0,0.0,0.0,fall
2024-10-16,Southeast_US,20.1,0.0,0.0,fall
2024-10-17,Southeast_US,18.6,0.0,0.0,fall
2024-10-18,Southeast_US,20.5,0.0,0.0,fall
2024-10-19,Southeast_US,21.6,0.0,0.0,fall
2024-10-20,Southeast_US,26.0,0.0,0.0,fall
2024-10-21,Southeast_US,14.9,39.1,0.0,fall
2024-10-22,Southeast_US,19.1,31.8,0.0,fall
2024-10-23,Southeast_US,16.9,5.1,0.0,fall
2024-10-24,Southeast_US,20.8,23.2,0.0,fall
2024-10-25,Southeast_US,18.1,0.0,0.0,fall
2024-10-26,Southeast_US,17.7,0.0,0.0,fall
2024-10-27,Southeast_US,21.4,0.0,0.0,fall
2024-10-28,Southeast_US,20.2,0.0,0.0,fall
2024-10-29,Southeast_US,19.8,38.4,0.0,fall
2024-10-30,Southeast_US,17.9,17.9,0.0,fall
2024-10-31,Southeast_US,18.9,24.6,0.0,fall
2024-11-01,Southeast_US,20.3,0.0,0.0,fall
2024-11-02,Southeast_US,19.9,0.0,0.0,fall
2024-11-03,Southeast_US,22.2,23.2,0.0,fall
2024-11-04,Southeast_US,17.4,0.0,0.0,fall
2024-11-05,Southeast_US,17.9,0.0,0.0,fall
2024-11-06,Southeast_US,19.0,0.0,0.0,fall
2024-11-07,Southeast_US,18.4,7.9,0.0,fall
2024-11-08,Southeast_US,18.5,0.0,0.0,fall
2024-11-09,Southeast_US,18.0,0.0,0.0,fall
2024-11-10,Southeast_US,21.8,35.9,0.0,fall
2024-11-11,Southeast_US,16.0,0.0,0.0,fall
2024-11-12,Southeast_US,17.9,0.0,0.0,fall
2024-11-13,Southeast_US,18.7,0.0,0.0,fall
2024-11-14,Southeast_US,15.4,0.0,0.0,fall
2024-11-15,Southeast_US,17.1,0.0,0.0,fall
2024-11-16,Southeast_US,14.6,0.0,0.0,fall
2024-11-17,Southeast_US,17.3,0.0,0.0,fall
2024-11-18,Southeast_US,11.6,0.0,0.0,fall
2024-11-19,Southeast_US,12.9,0.0,27.1,fall
2024-11-20,Southeast_US,15.0,0.0,0.0,fall
2024-11-21,Southeast_US,20.8,0.0,0.0,fall
2024-11-22,Southeast_US,14.2,0.0,0.0,fall
2024-11-23,Southeast_US,18.5,0.0,0.0,fall
2024-11-24,Southeast_US,15.3,0.0,0.0,fall
2024-11-25,Southeast_US,14.6,0.0,0.0,fall
2024-11-26,Southeast_US,15.7,0.0,0.0,fall
2024-11-27,Southeast_US,13.2,15.2,0.0,fall
2024-11-28,Southeast_US,15.8,20.5,0.0,fall
2024-11-29,Southeast_US,10.8,0.0,0.0,fall
2024-11-30,Southeast_US,17.2,0.0,0.0,fall
2024-12-01,Southeast_US,11.0,0.0,0.0,winter
2024-12-02,Southeast_US,13.8,18.0,0.0,winter
2024-12-03,Southeast_US,11.6,0.0,0.0,winter
2024-12-04,Southeast_US,9.7,0.0,0.0,winter
2024-12-05,Southeast_US,13.4,4.4,0.0,winter
2024-12-06,Southeast_US,11.8,30.2,28.1,winter
2024-12-07,Southeast_US,10.6,0.0,0.0,winter
2024-12-08,Southeast_US,10.2,0.0,0.0,winter
2024-12-09,Southeast_US,11.2,31.3,0.0,winter
2024-12-10,Southeast_US,11.8,0.0,0.0,winter
2024-12-11,Southeast_US,6.8,0.0,0.0,winter
2024-12-12,Southeast_US,13.2,0.0,0.0,winter
2024-12-13,Southeast_US,12.5,0.0,0.0,winter
2024-12-14,Southeast_US,8.9,0.0,0.0,winter
2024-12-15,Southeast_US,14.8,0.0,0.0,winter
2024-12-16,Southeast_US,9.6,2.0,27.5,winter
2024-12-17,Southeast_US,7.4,0.0,0.0,winter
2024-12-18,Southeast_US,10.9,23.3,0.0,winter
2024-12-19,Southeast_US,8.6,0.0,0.0,winter
2024-12-20,Southeast_US,13.4,37.3,0.0,winter
2024-12-21,Southeast_US,8.0,0.0,0.0,winter
2024-12-22,Southeast_US,13.6,7.2,0.0,winter
2024-12-23,Southeast_US,11.8,0.0,0.0,winter
2024-12-24,Southeast_US,11.8,30.7,0.0,winter
2024-12-25,Southeast_US,12.0,0.0,0.0,winter
2024-12-26,Southeast_US,12.6,1.4,0.0,winter
2024-12-27,Southeast_US,4.2,25.1,0.0,winter
2024-12-28,Southeast_US,8.8,29.6,0.0,winter
2024-12-29,Southeast_US,10.8,0.0,0.0,winter
2024-12-30,Southeast_US,8.9,8.6,0.0,winter
2024-12-31,Southeast_US,11.3,0.0,0.0,winter
2025-01-01,Southeast_US,8.2,4.2,0.0,winter
2025-01-02,Southeast_US,11.2,39.4,0.0,winter
2025-01-03,Southeast_US,9.4,6.5,0.0,winter
2025-01-04,Southeast_US,13.4,4.0,0.0,winter
2025-01-05,Southeast_US,5.7,32.0,0.0,winter
2025-01-06,Southeast_US,9.0,0.0,0.0,winter
2025-01-07,Southeast_US,9.0,0.0,0.0,winter
2025-01-08,Southeast_US,11.3,0.0,0.0,winter
2025-01-09,Southeast_US,11.9,0.0,0.0,winter
2025-01-10,Southeast_US,11.8,0.0,0.0,winter
2025-01-11,Southeast_US,11.6,0.0,0.0,winter
2025-01-12,Southeast_US,10.0,21.3,0.0,winter
2025-01-13,Southeast_US,11.3,0.0,0.0,winter
2025-01-14,Southeast_US,10.5,0.0,0.0,winter
2025-01-15,Southeast_US,12.3,6.4,0.0,winter
2025-01-16,Southeast_US,11.4,0.0,0.0,winter
2025-01-17,Southeast_US,11.4,28.6,0.0,winter
2025-01-18,Southeast_US,11.0,0.0,0.0,winter
2025-01-19,Southeast_US,7.5,0.0,0.0,winter
2025-01-20,Southeast_US,8.7,34.0,0.0,winter
2025-01-21,Southeast_US,3.8,0.0,0.0,winter
2025-01-22,Southeast_US,9.6,9.0,0.0,winter
2025-01-23,Southeast_US,7.4,0.0,0.0,winter
2025-01-24,Southeast_US,8.8,5.2,0.0,winter
2025-01-25,Southeast_US,11.2,0.0,0.0,winter
2025-01-26,Southeast_US,15.0,0.0,0.0,winter
2025-01-27,Southeast_US,6.1,0.0,0.0,winter
2025-01-28,Southeast_US,13.1,0.0,0.0,winter
2025-01-29,Southeast_US,9.3,32.6,0.0,winter
2025-01-30,Southeast_US,10.8,10.6,0.0,winter
2025-01-31,Southeast_US,12.6,1.4,0.0,winter
2025-02-01,Southeast_US,11.1,0.0,0.0,winter
2025-02-02,Southeast_US,13.5,3.6,0.0,winter
2025-02-03,Southeast_US,6.8,9.5,0.0,winter
2025-02-04,Southeast_US,9.0,0.0,0.0,winter
2025-02-05,Southeast_US,8.3,0.0,0.0,winter
2025-02-06,Southeast_US,7.6,0.0,0.0,winter
2025-02-07,Southeast_US,12.6,20.3,0.0,winter
2025-02-08,Southeast_US,11.3,0.0,0.0,winter
2025-02-09,Southeast_US,10.9,0.0,0.0,winter
2025-02-10,Southeast_US,11.4,0.0,23.9,winter
2025-02-11,Southeast_US,14.0,38.7,14.9,winter
2025-02-12,Southeast_US,11.8,1.6,0.0,winter
2025-02-13,Southeast_US,9.3,0.0,0.0,winter
2025-02-14,Southeast_US,12.3,4.1,0.0,winter
2025-02-15,Southeast_US,13.3,0.0,0.0,winter
2025-02-16,Southeast_US,12.0,0.0,0.0,winter
2025-02-17,Southeast_US,14.7,0.0,0.0,winter
2025-02-18,Southeast_US,6.7,33.2,0.0,winter
2025-02-19,Southeast_US,14.3,0.0,0.0,winter
2025-02-20,Southeast_US,8.7,29.2,0.0,winter
2025-02-21,Southeast_US,11.6,0.0,0.0,winter
2025-02-22,Southeast_US,11.9,35.4,0.0,winter
2025-02-23,Southeast_US,11.8,12.9,0.0,winter
2025-02-24,Southeast_US,16.0,28.2,0.0,winter
2025-02-25,Southeast_US,13.9,0.0,0.0,winter
2025-02-26,Southeast_US,13.9,0.0,0.0,winter
2025-02-27,Southeast_US,10.1,0.0,0.0,winter
2025-02-28,Southeast_US,9.9,19.6,0.0,winter
2025-03-01,Southeast_US,11.7,31.1,0.0,spring
2025-03-02,Southeast_US,13.1,0.0,0.0,spring
2025-03-03,Southeast_US,13.2,0.0,0.0,spring
2025-03-04,Southeast_US,16.8,0.0,0.0,spring
2025-03-05,Southeast_US,14.2,0.0,0.0,spring
2025-03-06,Southeast_US,17.1,20.0,0.0,spring
2025-03-07,Southeast_US,13.8,0.0,0.0,spring
2025-03-08,Southeast_US,10.8,0.0,0.0,spring
2025-03-09,Southeast_US,14.6,0.0,0.0,spring
2025-03-10,Southeast_US,13.1,0.0,0.0,spring
2025-03-11,Southeast_US,13.0,0.0,0.0,spring
2025-03-12,Southeast_US,13.2,17.5,0.0,spring
2025-03-13,Southeast_US,13.5,0.0,0.0,spring
2025-03-14,Southeast_US,14.1,5.3,0.0,spring
2025-03-15,Southeast_US,12.5,19.6,14.9,spring
2025-03-16,Southeast_US,14.5,0.0,0.0,spring
2025-03-17,Southeast_US,13.1,16.5,0.0,spring
2025-03-18,Southeast_US,16.2,2.9,0.0,spring
2025-03-19,Southeast_US,16.0,0.0,0.0,spring
2025-03-20,Southeast_US,17.1,24.7,0.0,spring
2025-03-21,Southeast_US,15.8,2.9,0.0,spring
2025-03-22,Southeast_US,17.2,0.0,0.0,spring
2025-03-23,Southeast_US,15.3,21.8,0.0,spring
2025-03-24,Southeast_US,21.4,0.0,0.0,spring
2025-03-25,Southeast_US,15.4,33.1,0.0,spring
2025-03-26,Southeast_US,13.9,25.8,0.0,spring
2025-03-27,Southeast_US,19.0,1.1,0.0,spring
2025-03-28,Southeast_US,22.0,0.0,0.0,spring
2025-03-29,Southeast_US,19.0,0.0,0.0,spring
2025-03-30,Southeast_US,20.6,18.8,0.0,spring
2025-03-31,Southeast_US,17.0,0.0,0.0,spring
2025-04-01,Southeast_US,17.9,0.0,0.0,spring
2025-04-02,Southeast_US,19.9,0.0,0.0,spring
2025-04-03,Southeast_US,21.8,14.7,0.0,spring
2025-04-04,Southeast_US,23.3,0.0,0.0,spring
2025-04-05,Southeast_US,18.5,0.0,0.0,spring
2025-04-06,Southeast_US,17.7,1.7,0.0,spring
2025-04-07,Southeast_US,16.9,20.6,0.0,spring
2025-04-08,Southeast_US,19.2,0.0,0.0,spring
2025-04-09,Southeast_US,18.0,0.0,0.0,spring
2025-04-10,Southeast_US,17.5,20.1,0.0,spring
2025-04-11,Southeast_US,22.1,0.0,0.0,spring
2025-04-12,Southeast_US,20.7,18.9,0.0,spring
2025-04-13,Southeast_US,18.0,21.2,0.0,spring
2025-04-14,Southeast_US,23.3,0.0,0.0,spring
2025-04-15,Southeast_US,16.7,0.0,0.0,spring
2025-04-16,Southeast_US,19.6,21.3,0.0,spring
2025-04-17,Southeast_US,19.6,0.0,0.0,spring
2025-04-18,Southeast_US,20.5,39.8,0.0,spring
2025-04-19,Southeast_US,21.5,0.0,0.0,spring
2025-04-20,Southeast_US,19.7,0.0,0.0,spring
2025-04-21,Southeast_US,22.1,36.9,0.0,spring
2025-04-22,Southeast_US,21.1,5.2,0.0,spring
2025-04-23,Southeast_US,25.3,0.0,0.0,spring
2025-04-24,Southeast_US,27.1,0.0,0.0,spring
2025-04-25,Southeast_US,21.8,36.5,0.0,spring
2025-04-26,Southeast_US,17.3,13.9,0.0,spring
2025-04-27,Southeast_US,19.4,8.4,0.0,spring
2025-04-28,Southeast_US,21.3,0.0,0.0,spring
2025-04-29,Southeast_US,18.4,32.0,0.0,spring
2025-04-30,Southeast_US,23.7,0.0,0.0,spring
2025-05-01,Southeast_US,21.1,1.3,0.0,spring
2025-05-02,Southeast_US,25.8,0.0,0.0,spring
2025-05-03,Southeast_US,26.7,0.0,0.0,spring
2025-05-04,Southeast_US,25.4,22.8,0.0,spring
2025-05-05,Southeast_US,26.5,12.5,0.0,spring
2025-05-06,Southeast_US,25.2,0.0,0.0,spring
2025-05-07,Southeast_US,29.0,20.0,0.0,spring
2025-05-08,Southeast_US,25.0,14.7,0.0,spring
2025-05-09,Southeast_US,24.1,35.3,0.0,spring
2025-05-10,Southeast_US,18.6,0.0,0.0,spring
2025-05-11,Southeast_US,25.0,0.0,0.0,spring
2025-05-12,Southeast_US,25.0,0.0,0.0,spring
2025-05-13,Southeast_US,24.1,0.0,0.0,spring
2025-05-14,Southeast_US,27.4,0.0,0.0,spring
2025-05-15,Southeast_US,24.8,37.4,0.0,spring
2025-05-16,Southeast_US,24.1,27.5,0.0,spring
2025-05-17,Southeast_US,27.8,0.0,0.0,spring
2025-05-18,Southeast_US,29.3,0.0,0.0,spring
2025-05-19,Southeast_US,24.9,18.0,0.0,spring
2025-05-20,Southeast_US,27.1,0.0,0.0,spring
2025-05-21,Southeast_US,25.5,0.0,0.0,spring
2025-05-22,Southeast_US,27.6,17.2,0.0,spring
2025-05-23,Southeast_US,29.1,37.2,0.0,spring
2025-05-24,Southeast_US,29.0,0.0,0.0,spring
2025-05-25,Southeast_US,31.4,0.0,0.0,spring
2025-05-26,Southeast_US,26.6,21.5,0.0,spring
2025-05-27,Southeast_US,25.0,0.0,0.0,spring
2025-05-28,Southeast_US,21.6,14.8,0.0,spring
2025-05-29,Southeast_US,29.4,0.0,0.0,spring
2025-05-30,Southeast_US,32.4,0.0,0.0,spring
2025-05-31,Southeast_US,29.0,6.5,0.0,spring
2025-06-01,Southeast_US,29.2,0.0,0.0,summer
2025-06-02,Southeast_US,25.4,25.2,0.0,summer
2025-06-03,Southeast_US,29.3,0.0,0.0,summer
2025-06-04,Southeast_US,28.3,0.0,0.0,summer
2025-06-05,Southeast_US,24.9,27.1,0.0,summer
2025-06-06,Southeast_US,30.1,0.0,0.0,summer
2025-06-07,Southeast_US,31.0,0.0,0.0,summer
2025-06-08,Southeast_US,30.4,0.0,0.0,summer
2025-06-09,Southeast_US,30.9,24.2,0.0,summer
2025-06-10,Southeast_US,26.7,0.0,0.0,summer
2025-06-11,Southeast_US,32.1,0.0,0.0,summer
2025-06-12,Southeast_US,32.1,0.0,0.0,summer
2025-06-13,Southeast_US,29.1,0.0,0.0,summer
2025-06-14,Southeast_US,27.2,0.0,0.0,summer
2025-06-15,Southeast_US,33.6,0.0,0.0,summer
2025-06-16,Southeast_US,34.3,0.0,0.0,summer
2025-06-17,Southeast_US,29.2,25.5,0.0,summer
2025-06-18,Southeast_US,24.7,0.0,0.0,summer
2025-06-19,Southeast_US,30.8,0.0,0.0,summer
2025-06-20,Southeast_US,31.5,35.3,0.0,summer
2025-06-21,Southeast_US,30.8,0.0,0.0,summer
2025-06-22,Southeast_US,32.0,20.7,0.0,summer
2025-06-23,Southeast_US,30.0,37.1,0.0,summer
2025-06-24,Southeast_US,33.7,10.2,0.0,summer
2025-06-25,Southeast_US,30.9,0.0,0.0,summer
2025-06-26,Southeast_US,34.6,0.0,0.0,summer
2025-06-27,Southeast_US,32.2,0.0,0.0,summer
2025-06-28,Southeast_US,32.3,6.5,0.0,summer
2025-06-29,Southeast_US,31.5,0.0,0.0,summer
2025-06-30,Southeast_US,34.4,0.0,0.0,summer
2025-07-01,Southeast_US,31.2,19.7,0.0,summer
2025-07-02,Southeast_US,32.6,0.0,0.0,summer
2025-07-03,Southeast_US,28.2,11.7,0.0,summer
2025-07-04,Southeast_US,34.6,0.0,0.0,summer
2025-07-05,Southeast_US,32.9,0.0,0.0,summer
2025-07-06,Southeast_US,33.4,16.2,0.0,summer
2025-07-07,Southeast_US,35.3,0.0,0.0,summer
2025-07-08,Southeast_US,32.6,0.0,0.0,summer
2025-07-09,Southeast_US,33.8,0.0,0.0,summer
2025-07-10,Southeast_US,30.6,35.4,0.0,summer
2025-07-11,Southeast_US,33.4,0.0,0.0,summer
2025-07-12,Southeast_US,32.0,0.0,0.0,summer
2025-07-13,Southeast_US,33.3,0.0,0.0,summer
2025-07-14,Southeast_US,37.2,0.0,0.0,summer
2025-07-15,Southeast_US,32.6,0.0,0.0,summer
2025-07-16,Southeast_US,33.3,0.0,0.0,summer
2025-07-17,Southeast_US,27.2,0.0,0.0,summer
2025-07-18,Southeast_US,33.2,31.6,0.0,summer
2025-07-19,Southeast_US,32.8,0.0,0.0,summer
2025-07-20,Southeast_US,31.6,0.0,0.0,summer
2025-07-21,Southeast_US,35.3,0.0,0.0,summer
2025-07-22,Southeast_US,31.2,28.6,0.0,summer
2025-07-23,Southeast_US,30.9,0.0,0.0,summer
2025-07-24,Southeast_US,30.3,0.0,0.0,summer
2025-07-25,Southeast_US,29.0,0.0,0.0,summer
2025-07-26,Southeast_US,30.3,0.0,0.0,summer
2025-07-27,Southeast_US,31.7,2.2,0.0,summer
2025-07-28,Southeast_US,30.1,0.0,0.0,summer
2025-07-29,Southeast_US,30.9,0.0,0.0,summer
2025-07-30,Southeast_US,29.8,31.1,0.0,summer
2025-07-31,Southeast_US,32.1,0.0,0.0,summer
2025-08-01,Southeast_US,30.6,0.0,0.0,summer
2025-08-02,Southeast_US,26.7,0.0,0.0,summer
2025-08-03,Southeast_US,36.1,0.0,0.0,summer
2025-08-04,Southeast_US,35.6,10.8,0.0,summer
2025-08-05,Southeast_US,32.5,0.0,0.0,summer
2025-08-06,Southeast_US,33.0,25.6,0.0,summer
2025-08-07,Southeast_US,31.7,18.5,0.0,summer
2025-08-08,Southeast_US,29.8,25.9,0.0,summer
2025-08-09,Southeast_US,30.7,0.0,0.0,summer
2025-08-10,Southeast_US,31.9,0.0,0.0,summer
2025-08-11,Southeast_US,35.2,0.0,0.0,summer
2025-08-12,Southeast_US,31.3,0.0,0.0,summer
2025-08-13,Southeast_US,30.0,38.4,0.0,summer
2025-08-14,Southeast_US,31.1,2.3,0.0,summer
2025-08-15,Southeast_US,31.0,0.0,0.0,summer
2025-08-16,Southeast_US,32.3,0.0,0.0,summer
2025-08-17,Southeast_US,28.9,0.0,0.0,summer
2025-08-18,Southeast_US,30.1,0.0,0.0,summer
2025-08-19,Southeast_US,27.4,9.1,0.0,summer
2025-08-20,Southeast_US,28.0,0.0,0.0,summer
2025-08-21,Southeast_US,30.3,0.0,0.0,summer
2025-08-22,Southeast_US,31.0,0.0,0.0,summer
2025-08-23,Southeast_US,27.5,0.0,0.0,summer
2025-08-24,Southeast_US,28.8,0.0,0.0,summer
2025-08-25,Southeast_US,29.3,0.0,0.0,summer
2025-08-26,Southeast_US,32.7,20.4,0.0,summer
2025-08-27,Southeast_US,30.6,33.0,0.0,summer
2025-08-28,Southeast_US,27.7,33.3,0.0,summer
2025-08-29,Southeast_US,30.9,0.0,0.0,summer
2025-08-30,Southeast_US,27.4,12.2,0.0,summer
2025-08-31,Southeast_US,28.7,0.0,0.0,summer
2025-09-01,Southeast_US,27.7,0.0,0.0,fall
2025-09-02,Southeast_US,32.1,0.0,0.0,fall
2025-09-03,Southeast_US,23.6,0.0,0.0,fall
2025-09-04,Southeast_US,25.7,0.0,0.0,fall
2025-09-05,Southeast_US,31.0,0.0,0.0,fall
2025-09-06,Southeast_US,28.8,35.6,0.0,fall
2025-09-07,Southeast_US,29.1,9.0,0.0,fall
2025-09-08,Southeast_US,26.0,0.0,0.0,fall
2025-09-09,Southeast_US,30.6,0.0,0.0,fall
2025-09-10,Southeast_US,28.8,0.0,0.0,fall
2025-09-11,Southeast_US,23.9,0.0,0.0,fall
2025-09-12,Southeast_US,24.4,0.0,0.0,fall
2025-09-13,Southeast_US,23.7,3.8,0.0,fall
2025-09-14,Southeast_US,29.2,0.0,0.0,fall
2025-09-15,Southeast_US,25.7,0.0,0.0,fall
2025-09-16,Southeast_US,27.0,0.0,0.0,fall
2025-09-17,Southeast_US,27.0,20.4,0.0,fall
2025-09-18,Southeast_US,28.8,0.0,0.0,fall
2025-09-19,Southeast_US,27.6,0.0,0.0,fall
2025-09-20,Southeast_US,24.9,0.0,0.0,fall
2025-09-21,Southeast_US,27.1,31.5,0.0,fall
2025-09-22,Southeast_US,29.0,27.7,0.0,fall
2025-09-23,Southeast_US,23.8,19.8,0.0,fall
2025-09-24,Southeast_US,27.0,28.4,0.0,fall
2025-09-25,Southeast_US,26.2,0.0,0.0,fall
2025-09-26,Southeast_US,25.9,0.0,0.0,fall
2025-09-27,Southeast_US,23.6,0.0,0.0,fall
2025-09-28,Southeast_US,26.6,0.0,0.0,fall
2025-09-29,Southeast_US,27.2,4.6,0.0,fall
2025-09-30,Southeast_US,24.6,0.0,0.0,fall
2025-10-01,Southeast_US,23.5,0.0,0.0,fall
2025-10-02,Southeast_US,23.9,0.0,0.0,fall
2025-10-03,Southeast_US,23.9,0.0,0.0,fall
2025-10-04,Southeast_US,24.5,18.1,0.0,fall
2025-10-05,Southeast_US,19.3,13.3,0.0,fall
2025-10-06,Southeast_US,20.1,0.0,0.0,fall
2025-10-07,Southeast_US,21.1,16.5,0.0,fall
2025-10-08,Southeast_US,19.9,37.6,0.0,fall
2025-10-09,Southeast_US,24.8,28.5,0.0,fall
2025-10-10,Southeast_US,17.6,0.0,0.0,fall
2025-10-11,Southeast_US,21.6,0.0,0.0,fall
2025-10-12,Southeast_US,24.4,0.0,0.0,fall
2025-10-13,Southeast_US,22.2,0.0,0.0,fall
2025-10-14,Southeast_US,27.1,22.1,0.0,fall
2025-10-15,Southeast_US,16.4,14.5,0.0,fall
2025-10-16,Southeast_US,24.7,0.0,0.0,fall
2025-10-17,Southeast_US,22.9,36.6,0.0,fall
2025-10-18,Southeast_US,18.5,22.6,0.0,fall
2025-10-19,Southeast_US,21.0,29.3,0.0,fall
2025-10-20,Southeast_US,20.0,18.2,0.0,fall
2025-10-21,Southeast_US,21.0,0.0,0.0,fall
2025-10-22,Southeast_US,20.1,0.0,0.0,fall
2025-10-23,Southeast_US,18.1,23.9,0.0,fall
2025-10-24,Southeast_US,26.1,34.3,0.0,fall
2025-10-25,Southeast_US,17.7,1.7,0.0,fall
2025-10-26,Southeast_US,21.4,15.8,0.0,fall
2025-10-27,Southeast_US,15.8,0.0,0.0,fall
2025-10-28,Southeast_US,18.4,30.8,0.0,fall
2025-10-29,Southeast_US,22.5,0.0,0.0,fall
2025-10-30,Southeast_US,16.5,33.3,0.0,fall
2025-10-31,Southeast_US,18.7,30.4,0.0,fall
2025-11-01,Southeast_US,19.0,0.0,0.0,fall
2025-11-02,Southeast_US,22.0,0.0,0.0,fall
2025-11-03,Southeast_US,16.2,0.0,0.0,fall
2025-11-04,Southeast_US,16.1,0.0,0.0,fall
2025-11-05,Southeast_US,25.1,0.0,0.0,fall
2025-11-06,Southeast_US,17.1,0.0,0.0,fall
2025-11-07,Southeast_US,23.7,0.0,0.0,fall
2025-11-08,Southeast_US,16.4,0.0,0.0,fall
2025-11-09,Southeast_US,20.7,0.0,0.0,fall
2025-11-10,Southeast_US,18.7,23.3,0.0,fall
2025-11-11,Southeast_US,17.1,26.5,0.0,fall
2025-11-12,Southeast_US,13.9,13.0,0.0,fall
2025-11-13,Southeast_US,12.3,0.0,0.0,fall
2025-11-14,Southeast_US,14.0,15.0,2.2,fall
2025-11-15,Southeast_US,13.5,0.0,0.0,fall
2025-11-16,Southeast_US,9.9,0.0,0.0,fall
2025-11-17,Southeast_US,13.6,31.7,0.0,fall
2025-11-18,Southeast_US,15.7,0.0,0.0,fall
2025-11-19,Southeast_US,16.8,0.0,0.0,fall
2025-11-20,Southeast_US,16.3,0.0,0.0,fall
2025-11-21,Southeast_US,17.7,22.6,0.0,fall
2025-11-22,Southeast_US,21.6,0.0,0.0,fall
2025-11-23,Southeast_US,14.3,0.0,25.7,fall
2025-11-24,Southeast_US,16.8,10.2,0.0,fall
2025-11-25,Southeast_US,16.2,9.0,0.0,fall
2025-11-26,Southeast_US,13.8,0.0,0.0,fall
2025-11-27,Southeast_US,13.2,2.0,0.0,fall
2025-11-28,Southeast_US,15.8,39.0,0.0,fall
2025-11-29,Southeast_US,12.3,2.2,0.0,fall
2025-11-30,Southeast_US,12.6,6.9,0.0,fall
2025-12-01,Southeast_US,12.8,28.9,0.0,winter
2025-12-02,Southeast_US,12.0,0.0,0.0,winter
2025-12-03,Southeast_US,7.4,0.0,0.0,winter
2025-12-04,Southeast_US,9.4,30.7,0.0,winter
2025-12-05,Southeast_US,7.9,0.0,0.0,winter
2025-12-06,Southeast_US,10.0,0.0,0.0,winter
2025-12-07,Southeast_US,9.7,35.3,0.0,winter
2025-12-08,Southeast_US,10.9,0.0,0.0,winter
2025-12-09,Southeast_US,9.9,23.4,0.0,winter
2025-12-10,Southeast_US,14.1,32.2,0.0,winter
2025-12-11,Southeast_US,12.0,0.0,0.0,winter
2025-12-12,Southeast_US,14.6,0.0,0.0,winter
2025-12-13,Southeast_US,11.3,0.0,0.0,winter
2025-12-14,Southeast_US,12.4,19.9,0.0,winter
2025-12-15,Southeast_US,16.1,0.0,0.0,winter
2025-12-16,Southeast_US,11.9,0.0,0.0,winter
2025-12-17,Southeast_US,17.1,0.0,0.0,winter
2025-12-18,Southeast_US,10.8,0.0,0.0,winter
2025-12-19,Southeast_US,12.4,0.0,0.0,winter
2025-12-20,Southeast_US,12.5,0.0,0.0,winter
2025-12-21,Southeast_US,10.1,0.0,0.0,winter
2025-12-22,Southeast_US,11.5,0.0,0.0,winter
2025-12-23,Southeast_US,7.1,34.9,0.0,winter
2025-12-24,Southeast_US,13.7,7.5,0.0,winter
2025-12-25,Southeast_US,12.2,17.5,0.0,winter
2025-12-26,Southeast_US,10.9,0.0,0.0,winter
2025-12-27,Southeast_US,12.8,0.0,0.0,winter
2025-12-28,Southeast_US,13.8,0.0,0.0,winter
2025-12-29,Southeast_US,13.1,0.0,0.0,winter
2025-12-30,Southeast_US,7.8,0.0,0.0,winter
2025-12-31,Southeast_US,7.5,0.0,0.0,winter
2023-01-01,Southwest_US,8.1,0.0,0.0,winter
2023-01-02,Southwest_US,5.2,0.0,0.0,winter
2023-01-03,Southwest_US,7.2,24.1,0.0,winter
2023-01-04,Southwest_US,6.0,0.0,0.0,winter
2023-01-05,Southwest_US,8.6,0.0,0.0,winter
2023-01-06,Southwest_US,6.5,21.2,0.0,winter
2023-01-07,Southwest_US,10.1,0.0,0.0,winter
2023-01-08,Southwest_US,7.3,0.0,0.0,winter
2023-01-09,Southwest_US,11.2,37.9,0.0,winter
2023-01-10,Southwest_US,5.4,0.0,0.0,winter
2023-01-11,Southwest_US,7.2,0.0,0.0,winter
2023-01-12,Southwest_US,9.3,0.0,0.0,winter
2023-01-13,Southwest_US,9.8,0.0,0.0,winter
2023-01-14,Southwest_US,7.3,0.0,0.0,winter
2023-01-15,Southwest_US,10.6,0.0,0.0,winter
2023-01-16,Southwest_US,9.8,0.0,0.0,winter
2023-01-17,Southwest_US,6.4,35.7,0.0,winter
2023-01-18,Southwest_US,7.6,0.0,0.0,winter
2023-01-19,Southwest_US,10.5,0.0,0.0,winter
2023-01-20,Southwest_US,7.2,0.0,0.0,winter
2023-01-21,Southwest_US,6.8,0.0,0.0,winter
2023-01-22,Southwest_US,2.6,0.0,0.0,winter
2023-01-23,Southwest_US,7.4,6.3,0.0,winter
2023-01-24,Southwest_US,11.8,0.0,0.0,winter
2023-01-25,Southwest_US,9.4,0.0,0.0,winter
2023-01-26,Southwest_US,8.8,0.0,0.0,winter
2023-01-27,Southwest_US,11.6,0.0,0.0,winter
2023-01-28,Southwest_US,10.0,4.9,0.0,winter
2023-01-29,Southwest_US,9.5,0.0,0.0,winter
2023-01-30,Southwest_US,11.3,0.0,0.0,winter
2023-01-31,Southwest_US,8.5,0.0,0.0,winter
2023-02-01,Southwest_US,11.8,0.0,0.0,winter
2023-02-02,Southwest_US,6.9,0.0,0.0,winter
2023-02-03,Southwest_US,8.8,0.0,0.0,winter
2023-02-04,Southwest_US,8.4,21.1,0.0,winter
2023-02-05,Southwest_US,7.0,0.0,0.0,winter
2023-02-06,Southwest_US,12.5,0.0,0.0,winter
2023-02-07,Southwest_US,9.8,0.0,0.0,winter
2023-02-08,Southwest_US,2.9,0.0,0.0,winter
2023-02-09,Southwest_US,7.9,0.0,0.0,winter
2023-02-10,Southwest_US,5.7,0.0,0.0,winter
2023-02-11,Southwest_US,9.5,0.0,0.0,winter
2023-02-12,Southwest_US,14.6,0.0,0.0,winter
2023-02-13,Southwest_US,8.3,0.0,0.0,winter
2023-02-14,Southwest_US,8.3,0.0,0.0,winter
2023-02-15,Southwest_US,10.5,0.0,0.0,winter
2023-02-16,Southwest_US,13.5,0.0,0.0,winter
2023-02-17,Southwest_US,13.7,0.0,0.0,winter
2023-02-18,Southwest_US,12.1,0.0,0.0,winter
2023-02-19,Southwest_US,10.6,0.0,0.0,winter
2023-02-20,Southwest_US,8.8,0.0,0.0,winter
2023-02-21,Southwest_US,13.9,0.0,0.0,winter
2023-02-22,Southwest_US,13.4,0.0,0.0,winter
2023-02-23,Southwest_US,11.8,0.0,0.0,winter
2023-02-24,Southwest_US,11.9,0.0,0.0,winter
2023-02-25,Southwest_US,16.2,0.0,0.0,winter
2023-02-26,Southwest_US,10.3,0.0,0.0,winter
2023-02-27,Southwest_US,10.7,0.0,0.0,winter
2023-02-28,Southwest_US,12.1,0.0,0.0,winter
2023-03-01,Southwest_US,9.6,0.0,0.0,spring
2023-03-02,Southwest_US,4.9,9.2,0.0,spring
2023-03-03,Southwest_US,10.6,0.0,0.0,spring
2023-03-04,Southwest_US,13.6,0.0,0.0,spring
2023-03-05,Southwest_US,14.6,0.0,0.0,spring
2023-03-06,Southwest_US,12.8,34.0,0.0,spring
2023-03-07,Southwest_US,9.9,0.0,0.0,spring
2023-03-08,Southwest_US,16.6,0.0,0.0,spring
2023-03-09,Southwest_US,13.9,30.2,0.0,spring
2023-03-10,Southwest_US,9.8,0.0,0.0,spring
2023-03-11,Southwest_US,16.4,0.0,0.0,spring
2023-03-12,Southwest_US,12.8,0.0,0.0,spring
2023-03-13,Southwest_US,10.2,0.0,0.0,spring
2023-03-14,Southwest_US,17.1,0.0,0.0,spring
2023-03-15,Southwest_US,16.4,0.0,0.0,spring
2023-03-16,Southwest_US,11.1,0.0,0.0,spring
2023-03-17,Southwest_US,16.9,0.0,0.0,spring
2023-03-18,Southwest_US,13.0,0.0,0.0,spring
2023-03-19,Southwest_US,14.3,0.0,0.0,spring
2023-03-20,Southwest_US,14.8,0.0,0.0,spring
2023-03-21,Southwest_US,19.7,0.0,0.0,spring
2023-03-22,Southwest_US,20.1,0.0,0.0,spring
2023-03-23,Southwest_US,15.1,0.0,0.0,spring
2023-03-24,Southwest_US,13.9,31.1,0.0,spring
2023-03-25,Southwest_US,17.7,0.0,0.0,spring
2023-03-26,Southwest_US,19.8,0.0,0.0,spring
2023-03-27,Southwest_US,18.9,0.0,0.0,spring
2023-03-28,Southwest_US,19.1,16.7,0.0,spring
2023-03-29,Southwest_US,15.2,0.0,0.0,spring
2023-03-30,Southwest_US,14.5,0.0,0.0,spring
2023-03-31,Southwest_US,20.4,27.9,0.0,spring
2023-04-01,Southwest_US,19.9,0.0,0.0,spring
2023-04-02,Southwest_US,17.3,0.0,0.0,spring
2023-04-03,Southwest_US,16.0,0.0,0.0,spring
2023-04-04,Southwest_US,19.4,0.0,0.0,spring
2023-04-05,Southwest_US,16.7,0.0,0.0,spring
2023-04-06,Southwest_US,20.4,0.0,0.0,spring
2023-04-07,Southwest_US,19.4,0.0,0.0,spring
2023-04-08,Southwest_US,14.6,0.0,0.0,spring
2023-04-09,Southwest_US,23.5,6.0,0.0,spring
2023-04-10,Southwest_US,21.0,0.0,0.0,spring
2023-04-11,Southwest_US,21.8,0.0,0.0,spring
2023-04-12,Southwest_US,20.4,0.0,0.0,spring
2023-04-13,Southwest_US,19.4,0.0,0.0,spring
2023-04-14,Southwest_US,19.6,0.0,0.0,spring
2023-04-15,Southwest_US,21.7,0.0,0.0,spring
2023-04-16,Southwest_US,22.5,0.0,0.0,spring
2023-04-17,Southwest_US,21.6,0.0,0.0,spring
2023-04-18,Southwest_US,17.7,0.0,0.0,spring
2023-04-19,Southwest_US,25.5,0.0,0.0,spring
2023-04-20,Southwest_US,21.3,0.0,0.0,spring
2023-04-21,Southwest_US,21.8,0.0,0.0,spring
2023-04-22,Southwest_US,19.7,0.0,0.0,spring
2023-04-23,Southwest_US,21.9,0.0,0.0,spring
2023-04-24,Southwest_US,22.6,0.0,0.0,spring
2023-04-25,Southwest_US,24.4,0.0,0.0,spring
2023-04-26,Southwest_US,16.5,0.0,0.0,spring
2023-04-27,Southwest_US,24.5,0.0,0.0,spring
2023-04-28,Southwest_US,22.6,0.0,0.0,spring
2023-04-29,Southwest_US,17.9,0.0,0.0,spring
2023-04-30,Southwest_US,27.3,28.4,0.0,spring
2023-05-01,Southwest_US,28.4,0.0,0.0,spring
2023-05-02,Southwest_US,27.9,25.4,0.0,spring
2023-05-03,Southwest_US,29.9,0.0,0.0,spring
2023-05-04,Southwest_US,28.3,0.0,0.0,spring
2023-05-05,Southwest_US,28.8,0.0,0.0,spring
2023-05-06,Southwest_US,27.5,0.0,0.0,spring
2023-05-07,Southwest_US,24.0,0.0,0.0,spring
2023-05-08,Southwest_US,29.7,0.0,0.0,spring
2023-05-09,Southwest_US,31.1,0.0,0.0,spring
2023-05-10,Southwest_US,27.1,0.0,0.0,spring
2023-05-11,Southwest_US,27.6,0.0,0.0,spring
2023-05-12,Southwest_US,28.2,0.0,0.0,spring
2023-05-13,Southwest_US,27.9,0.0,0.0,spring
2023-05-14,Southwest_US,28.8,0.0,0.0,spring
2023-05-15,Southwest_US,27.1,0.0,0.0,spring
2023-05-16,Southwest_US,32.0,0.0,0.0,spring
2023-05-17,Southwest_US,34.0,0.0,0.0,spring
2023-05-18,Southwest_US,29.4,0.0,0.0,spring
2023-05-19,Southwest_US,30.5,0.0,0.0,spring
2023-05-20,Southwest_US,30.9,0.0,0.0,spring
2023-05-21,Southwest_US,34.0,0.0,0.0,spring
2023-05-22,Southwest_US,29.6,0.0,0.0,spring
2023-05-23,Southwest_US,32.3,0.0,0.0,spring
2023-05-24,Southwest_US,31.6,0.0,0.0,spring
2023-05-25,Southwest_US,32.7,0.0,0.0,spring
2023-05-26,Southwest_US,29.5,0.0,0.0,spring
2023-05-27,Southwest_US,32.3,0.0,0.0,spring
2023-05-28,Southwest_US,30.5,0.0,0.0,spring
2023-05-29,Southwest_US,31.9,0.0,0.0,spring
2023-05-30,Southwest_US,30.5,0.0,0.0,spring
2023-05-31,Southwest_US,36.0,0.0,0.0,spring
2023-06-01,Southwest_US,34.8,0.0,0.0,summer
2023-06-02,Southwest_US,32.0,0.0,0.0,summer
2023-06-03,Southwest_US,32.0,0.0,0.0,summer
2023-06-04,Southwest_US,30.1,0.0,0.0,summer
2023-06-05,Southwest_US,35.3,0.0,0.0,summer
2023-06-06,Southwest_US,37.0,0.0,0.0,summer
2023-06-07,Southwest_US,32.1,0.0,0.0,summer
2023-06-08,Southwest_US,37.1,0.0,0.0,summer
2023-06-09,Southwest_US,31.2,0.0,0.0,summer
2023-06-10,Southwest_US,31.0,0.0,0.0,summer
2023-06-11,Southwest_US,31.5,0.0,0.0,summer
2023-06-12,Southwest_US,31.0,0.0,0.0,summer
2023-06-13,Southwest_US,39.3,0.0,0.0,summer
2023-06-14,Southwest_US,34.3,0.0,0.0,summer
2023-06-15,Southwest_US,36.8,0.0,0.0,summer
2023-06-16,Southwest_US,40.4,0.0,0.0,summer
2023-06-17,Southwest_US,32.8,0.0,0.0,summer
2023-06-18,Southwest_US,33.8,11.6,0.0,summer
2023-06-19,Southwest_US,33.2,0.0,0.0,summer
2023-06-20,Southwest_US,35.6,0.0,0.0,summer
2023-06-21,Southwest_US,34.4,23.3,0.0,summer
2023-06-22,Southwest_US,33.0,29.0,0.0,summer
2023-06-23,Southwest_US,37.1,0.0,0.0,summer
2023-06-24,Southwest_US,36.6,0.0,0.0,summer
2023-06-25,Southwest_US,33.1,0.0,0.0,summer
2023-06-26,Southwest_US,34.5,0.0,0.0,summer
2023-06-27,Southwest_US,39.5,0.0,0.0,summer
2023-06-28,Southwest_US,39.2,0.0,0.0,summer
2023-06-29,Southwest_US,41.5,33.5,0.0,summer
2023-06-30,Southwest_US,33.5,0.0,0.0,summer
2023-07-01,Southwest_US,38.7,0.0,0.0,summer
2023-07-02,Southwest_US,36.5,0.0,0.0,summer
2023-07-03,Southwest_US,42.3,0.0,0.0,summer
2023-07-04,Southwest_US,35.6,0.0,0.0,summer
2023-07-05,Southwest_US,40.8,0.0,0.0,summer
2023-07-06,Southwest_US,41.2,0.0,0.0,summer
2023-07-07,Southwest_US,44.1,0.0,0.0,summer
2023-07-08,Southwest_US,41.4,0.0,0.0,summer
2023-07-09,Southwest_US,38.1,0.0,0.0,summer
2023-07-10,Southwest_US,39.3,0.0,0.0,summer
2023-07-11,Southwest_US,38.5,0.0,0.0,summer
2023-07-12,Southwest_US,37.7,0.0,0.0,summer
2023-07-13,Southwest_US,39.5,24.7,0.0,summer
2023-07-14,Southwest_US,35.0,0.0,0.0,summer
2023-07-15,Southwest_US,39.9,0.0,0.0,summer
2023-07-16,Southwest_US,36.8,0.0,0.0,summer
2023-07-17,Southwest_US,41.0,0.0,0.0,summer
2023-07-18,Southwest_US,38.5,0.0,0.0,summer
2023-07-19,Southwest_US,37.1,0.0,0.0,summer
2023-07-20,Southwest_US,38.4,36.8,0.0,summer
2023-07-21,Southwest_US,39.0,0.0,0.0,summer
2023-07-22,Southwest_US,39.5,0.0,0.0,summer
2023-07-23,Southwest_US,38.2,25.9,0.0,summer
2023-07-24,Southwest_US,42.2,0.0,0.0,summer
2023-07-25,Southwest_US,33.7,0.0,0.0,summer
2023-07-26,Southwest_US,42.6,0.0,0.0,summer
2023-07-27,Southwest_US,36.1,0.0,0.0,summer
2023-07-28,Southwest_US,36.9,0.0,0.0,summer
2023-07-29,Southwest_US,40.0,0.0,0.0,summer
2023-07-30,Southwest_US,35.4,0.0,0.0,summer
2023-07-31,Southwest_US,36.7,0.0,0.0,summer
2023-08-01,Southwest_US,39.8,0.0,0.0,summer
2023-08-02,Southwest_US,44.2,0.0,0.0,summer
2023-08-03,Southwest_US,39.5,0.0,0.0,summer
2023-08-04,Southwest_US,38.7,0.0,0.0,summer
2023-08-05,Southwest_US,32.7,0.0,0.0,summer
2023-08-06,Southwest_US,36.6,0.0,0.0,summer
2023-08-07,Southwest_US,40.4,0.0,0.0,summer
2023-08-08,Southwest_US,36.1,0.0,0.0,summer
2023-08-09,Southwest_US,39.7,0.0,0.0,summer
2023-08-10,Southwest_US,36.8,0.0,0.0,summer
2023-08-11,Southwest_US,36.3,0.0,0.0,summer
2023-08-12,Southwest_US,39.0,0.0,0.0,summer
2023-08-13,Southwest_US,36.5,0.0,0.0,summer
2023-08-14,Southwest_US,34.5,0.0,0.0,summer
2023-08-15,Southwest_US,36.8,0.0,0.0,summer
2023-08-16,Southwest_US,38.2,0.0,0.0,summer
2023-08-17,Southwest_US,34.2,0.0,0.0,summer
2023-08-18,Southwest_US,34.0,0.0,0.0,summer
2023-08-19,Southwest_US,32.5,0.0,0.0,summer
2023-08-20,Southwest_US,34.4,0.0,0.0,summer
2023-08-21,Southwest_US,37.5,0.0,0.0,summer
2023-08-22,Southwest_US,36.9,0.0,0.0,summer
2023-08-23,Southwest_US,33.1,0.0,0.0,summer
2023-08-24,Southwest_US,35.6,0.0,0.0,summer
2023-08-25,Southwest_US,34.1,0.0,0.0,summer
2023-08-26,Southwest_US,36.1,0.0,0.0,summer
2023-08-27,Southwest_US,31.5,0.0,0.0,summer
2023-08-28,Southwest_US,35.9,0.0,0.0,summer
2023-08-29,Southwest_US,34.1,0.0,0.0,summer
2023-08-30,Southwest_US,31.4,0.0,0.0,summer
2023-08-31,Southwest_US,31.8,0.0,0.0,summer
2023-09-01,Southwest_US,32.2,0.0,0.0,fall
2023-09-02,Southwest_US,34.3,37.2,0.0,fall
2023-09-03,Southwest_US,39.4,0.0,0.0,fall
2023-09-04,Southwest_US,31.6,0.0,0.0,fall
2023-09-05,Southwest_US,34.1,0.0,0.0,fall
2023-09-06,Southwest_US,33.7,0.0,0.0,fall
2023-09-07,Southwest_US,34.1,0.0,0.0,fall
2023-09-08,Southwest_US,31.6,0.0,0.0,fall
2023-09-09,Southwest_US,29.5,0.0,0.0,fall
2023-09-10,Southwest_US,34.5,0.0,0.0,fall
2023-09-11,Southwest_US,34.8,0.0,0.0,fall
2023-09-12,Southwest_US,32.1,4.5,0.0,fall
2023-09-13,Southwest_US,30.2,0.0,0.0,fall
2023-09-14,Southwest_US,27.8,0.0,0.0,fall
2023-09-15,Southwest_US,32.0,0.0,0.0,fall
2023-09-16,Southwest_US,30.3,0.0,0.0,fall
2023-09-17,Southwest_US,32.2,0.0,0.0,fall
2023-09-18,Southwest_US,30.2,0.0,0.0,fall
2023-09-19,Southwest_US,28.8,0.0,0.0,fall
2023-09-20,Southwest_US,31.5,0.0,0.0,fall
2023-09-21,Southwest_US,29.8,22.4,0.0,fall
2023-09-22,Southwest_US,30.2,0.0,0.0,fall
2023-09-23,Southwest_US,32.1,0.0,0.0,fall
2023-09-24,Southwest_US,29.3,0.0,0.0,fall
2023-09-25,Southwest_US,34.4,0.0,0.0,fall
2023-09-26,Southwest_US,30.9,0.0,0.0,fall
2023-09-27,Southwest_US,27.4,0.0,0.0,fall
2023-09-28,Southwest_US,25.8,0.0,0.0,fall
2023-09-29,Southwest_US,23.4,0.0,0.0,fall
2023-09-30,Southwest_US,25.5,0.0,0.0,fall
2023-10-01,Southwest_US,30.4,0.0,0.0,fall
2023-10-02,Southwest_US,27.9,35.5,0.0,fall
2023-10-03,Southwest_US,28.5,0.0,0.0,fall
2023-10-04,Southwest_US,30.0,0.0,0.0,fall
2023-10-05,Southwest_US,26.4,0.0,0.0,fall
2023-10-06,Southwest_US,25.4,10.0,0.0,fall
2023-10-07,Southwest_US,25.9,0.0,0.0,fall
2023-10-08,Southwest_US,26.2,16.0,0.0,fall
2023-10-09,Southwest_US,26.7,0.0,0.0,fall
2023-10-10,Southwest_US,23.2,0.0,0.0,fall
2023-10-11,Southwest_US,25.1,0.0,0.0,fall
2023-10-12,Southwest_US,22.2,0.0,0.0,fall
2023-10-13,Southwest_US,26.2,0.0,0.0,fall
2023-10-14,Southwest_US,21.8,0.0,0.0,fall
2023-10-15,Southwest_US,27.2,0.0,0.0,fall
2023-10-16,Southwest_US,24.1,0.0,0.0,fall
2023-10-17,Southwest_US,21.9,0.0,0.0,fall
2023-10-18,Southwest_US,22.9,0.0,0.0,fall
2023-10-19,Southwest_US,22.5,0.0,0.0,fall
2023-10-20,Southwest_US,21.8,0.0,0.0,fall
2023-10-21,Southwest_US,22.7,0.0,0.0,fall
2023-10-22,Southwest_US,25.4,0.0,0.0,fall
2023-10-23,Southwest_US,24.8,0.0,0.0,fall
2023-10-24,Southwest_US,22.3,0.0,0.0,fall
2023-10-25,Southwest_US,17.4,0.0,0.0,fall
2023-10-26,Southwest_US,22.2,0.0,0.0,fall
2023-10-27,Southwest_US,21.8,0.0,0.0,fall
2023-10-28,Southwest_US,21.2,0.0,0.0,fall
2023-10-29,Southwest_US,19.5,38.0,0.0,fall
2023-10-30,Southwest_US,19.8,0.0,0.0,fall
2023-10-31,Southwest_US,22.7,0.0,0.0,fall
2023-11-01,Southwest_US,18.8,0.0,0.0,fall
2023-11-02,Southwest_US,19.4,0.0,0.0,fall
2023-11-03,Southwest_US,17.2,0.0,0.0,fall
2023-11-04,Southwest_US,20.7,0.0,0.0,fall
2023-11-05,Southwest_US,17.8,0.0,0.0,fall
2023-11-06,Southwest_US,20.7,0.0,0.0,fall
2023-11-07,Southwest_US,17.6,0.0,0.0,fall
2023-11-08,Southwest_US,14.7,0.0,0.0,fall
2023-11-09,Southwest_US,19.3,0.0,0.0,fall
2023-11-10,Southwest_US,19.6,0.0,0.0,fall
2023-11-11,Southwest_US,21.8,0.0,0.0,fall
2023-11-12,Southwest_US,14.2,0.0,0.0,fall
2023-11-13,Southwest_US,19.9,13.7,0.0,fall
2023-11-14,Southwest_US,17.2,0.0,0.0,fall
2023-11-15,Southwest_US,15.8,0.0,0.0,fall
2023-11-16,Southwest_US,13.6,0.0,0.0,fall
2023-11-17,Southwest_US,15.6,0.0,0.0,fall
2023-11-18,Southwest_US,11.4,36.6,0.0,fall
2023-11-19,Southwest_US,7.9,0.0,0.0,fall
2023-11-20,Southwest_US,11.5,0.0,0.0,fall
2023-11-21,Southwest_US,17.9,0.0,0.0,fall
2023-11-22,Southwest_US,15.5,0.0,0.0,fall
2023-11-23,Southwest_US,15.5,0.0,0.0,fall
2023-11-24,Southwest_US,16.8,0.0,0.0,fall
2023-11-25,Southwest_US,15.6,0.0,0.0,fall
2023-11-26,Southwest_US,13.8,0.0,0.0,fall
2023-11-27,Southwest_US,14.4,0.0,0.0,fall
2023-11-28,Southwest_US,9.9,0.0,0.0,fall
2023-11-29,Southwest_US,10.0,0.0,0.0,fall
2023-11-30,Southwest_US,10.3,0.0,0.0,fall
2023-12-01,Southwest_US,10.0,0.0,0.0,winter
2023-12-02,Southwest_US,11.8,0.0,0.0,winter
2023-12-03,Southwest_US,15.2,0.0,0.0,winter
2023-12-04,Southwest_US,16.2,0.0,0.0,winter
2023-12-05,Southwest_US,9.0,0.0,0.0,winter
2023-12-06,Southwest_US,13.9,20.0,0.0,winter
2023-12-07,Southwest_US,9.6,30.2,0.0,winter
2023-12-08,Southwest_US,11.1,0.0,0.0,winter
2023-12-09,Southwest_US,8.3,0.0,0.0,winter
2023-12-10,Southwest_US,9.4,0.0,0.0,winter
2023-12-11,Southwest_US,10.1,0.0,0.0,winter
2023-12-12,Southwest_US,14.9,0.0,0.0,winter
2023-12-13,Southwest_US,11.9,0.0,0.0,winter
2023-12-14,Southwest_US,10.2,0.0,0.0,winter
2023-12-15,Southwest_US,13.2,0.0,0.0,winter
2023-12-16,Southwest_US,7.1,0.0,0.0,winter
2023-12-17,Southwest_US,11.2,0.0,0.0,winter
2023-12-18,Southwest_US,15.3,0.0,0.0,winter
2023-12-19,Southwest_US,8.5,0.0,0.0,winter
2023-12-20,Southwest_US,6.5,0.0,0.0,winter
2023-12-21,Southwest_US,6.2,0.0,0.0,winter
2023-12-22,Southwest_US,11.9,0.0,0.0,winter
2023-12-23,Southwest_US,9.3,0.0,0.0,winter
2023-12-24,Southwest_US,9.4,0.0,0.0,winter
2023-12-25,Southwest_US,11.9,0.0,0.0,winter
2023-12-26,Southwest_US,11.0,0.0,0.0,winter
2023-12-27,Southwest_US,6.7,9.7,0.0,winter
2023-12-28,Southwest_US,7.0,0.0,0.0,winter
2023-12-29,Southwest_US,10.6,24.8,0.0,winter
2023-12-30,Southwest_US,11.8,0.0,0.0,winter
2023-12-31,Southwest_US,9.3,0.0,0.0,winter
2024-01-01,Southwest_US,6.2,0.0,0.0,winter
2024-01-02,Southwest_US,8.2,0.0,0.0,winter
2024-01-03,Southwest_US,6.6,0.0,0.0,winter
2024-01-04,Southwest_US,9.0,0.0,0.0,winter
2024-01-05,Southwest_US,8.6,0.0,0.0,winter
2024-01-06,Southwest_US,8.4,0.0,0.0,winter
2024-01-07,Southwest_US,9.8,0.0,0.0,winter
2024-01-08,Southwest_US,12.0,0.0,0.0,winter
2024-01-09,Southwest_US,4.2,0.0,0.0,winter
2024-01-10,Southwest_US,7.1,0.0,0.0,winter
2024-01-11,Southwest_US,5.8,0.0,0.0,winter
2024-01-12,Southwest_US,13.1,0.0,0.0,winter
2024-01-13,Southwest_US,6.7,0.0,0.0,winter
2024-01-14,Southwest_US,7.4,0.0,0.0,winter
2024-01-15,Southwest_US,5.4,32.7,0.0,winter
2024-01-16,Southwest_US,10.5,0.0,0.0,winter
2024-01-17,Southwest_US,8.6,0.0,0.0,winter
2024-01-18,Southwest_US,11.9,0.0,0.0,winter
2024-01-19,Southwest_US,10.9,0.0,0.0,winter
2024-01-20,Southwest_US,5.6,0.0,0.0,winter
2024-01-21,Southwest_US,10.7,0.0,0.0,winter
2024-01-22,Southwest_US,6.2,0.0,0.0,winter
2024-01-23,Southwest_US,11.4,0.0,0.0,winter
2024-01-24,Southwest_US,6.0,0.0,0.0,winter
2024-01-25,Southwest_US,11.3,0.0,0.0,winter
2024-01-26,Southwest_US,9.5,0.0,0.0,winter
2024-01-27,Southwest_US,8.5,35.3,0.0,winter
2024-01-28,Southwest_US,6.9,0.0,0.0,winter
2024-01-29,Southwest_US,12.0,0.0,0.0,winter
2024-01-30,Southwest_US,10.9,0.0,0.0,winter
2024-01-31,Southwest_US,12.1,0.0,0.0,winter
2024-02-01,Southwest_US,9.1,0.0,0.0,winter
2024-02-02,Southwest_US,13.4,0.0,0.0,winter
2024-02-03,Southwest_US,3.6,0.0,0.0,winter
2024-02-04,Southwest_US,8.4,0.0,0.0,winter
2024-02-05,Southwest_US,6.7,0.0,0.0,winter
2024-02-06,Southwest_US,6.2,0.0,0.0,winter
2024-02-07,Southwest_US,5.9,0.0,0.0,winter
2024-02-08,Southwest_US,5.0,0.0,0.0,winter
2024-02-09,Southwest_US,10.7,0.0,0.0,winter
2024-02-10,Southwest_US,9.9,0.0,0.0,winter
2024-02-11,Southwest_US,10.5,0.0,0.0,winter
2024-02-12,Southwest_US,10.6,0.0,0.0,winter
2024-02-13,Southwest_US,11.4,30.1,0.0,winter
2024-02-14,Southwest_US,5.7,0.0,0.0,winter
2024-02-15,Southwest_US,12.6,25.4,0.0,winter
2024-02-16,Southwest_US,9.0,0.0,0.0,winter
2024-02-17,Southwest_US,13.9,0.0,0.0,winter
2024-02-18,Southwest_US,12.3,0.0,0.0,winter
2024-02-19,Southwest_US,12.7,0.0,0.0,winter
2024-02-20,Southwest_US,15.8,0.0,0.0,winter
2024-02-21,Southwest_US,12.5,0.0,0.0,winter
2024-02-22,Southwest_US,10.5,0.0,0.0,winter
2024-02-23,Southwest_US,12.0,0.0,0.0,winter
2024-02-24,Southwest_US,10.3,0.0,0.0,winter
2024-02-25,Southwest_US,10.0,0.0,0.0,winter
2024-02-26,Southwest_US,11.5,31.8,0.0,winter
2024-02-27,Southwest_US,8.8,0.0,0.0,winter
2024-02-28,Southwest_US,12.7,0.0,0.0,winter
2024-02-29,Southwest_US,14.5,0.0,0.0,winter
2024-03-01,Southwest_US,12.2,0.0,0.0,spring
2024-03-02,Southwest_US,9.2,0.0,0.0,spring
2024-03-03,Southwest_US,10.5,0.0,0.0,spring
2024-03-04,Southwest_US,12.1,0.0,0.0,spring
2024-03-05,Southwest_US,16.2,0.0,0.0,spring
2024-03-06,Southwest_US,12.7,0.0,0.0,spring
2024-03-07,Southwest_US,16.2,0.0,0.0,spring
2024-03-08,Southwest_US,16.5,0.0,0.0,spring
2024-03-09,Southwest_US,16.2,35.8,0.0,spring
2024-03-10,Southwest_US,15.5,0.0,0.0,spring
2024-03-11,Southwest_US,17.7,34.6,0.0,spring
2024-03-12,Southwest_US,14.9,0.0,0.0,spring
2024-03-13,Southwest_US,12.9,0.0,0.0,spring
2024-03-14,Southwest_US,14.8,0.0,0.0,spring
2024-03-15,Southwest_US,12.0,0.0,0.0,spring
2024-03-16,Southwest_US,14.3,0.0,0.0,spring
2024-03-17,Southwest_US,16.7,0.0,0.0,spring
2024-03-18,Southwest_US,14.0,0.0,0.0,spring
2024-03-19,Southwest_US,18.3,0.0,0.0,spring
2024-03-20,Southwest_US,16.1,0.0,0.0,spring
2024-03-21,Southwest_US,18.0,0.0,0.0,spring
2024-03-22,Southwest_US,15.6,0.0,0.0,spring
2024-03-23,Southwest_US,11.9,0.0,0.0,spring
2024-03-24,Southwest_US,22.7,0.0,0.0,spring
2024-03-25,Southwest_US,17.2,0.0,0.0,spring
2024-03-26,Southwest_US,15.3,0.0,0.0,spring
2024-03-27,Southwest_US,18.0,0.0,0.0,spring
2024-03-28,Southwest_US,18.0,0.0,0.0,spring
2024-03-29,Southwest_US,17.5,0.0,0.0,spring
2024-03-30,Southwest_US,19.3,0.0,0.0,spring
2024-03-31,Southwest_US,15.2,0.0,0.0,spring
2024-04-01,Southwest_US,17.7,7.3,0.0,spring
2024-04-02,Southwest_US,13.1,0.0,0.0,spring
2024-04-03,Southwest_US,23.3,0.0,0.0,spring
2024-04-04,Southwest_US,18.1,0.0,0.0,spring
2024-04-05,Southwest_US,19.2,0.0,0.0,spring
2024-04-06,Southwest_US,18.2,0.0,0.0,spring
2024-04-07,Southwest_US,21.0,0.0,0.0,spring
2024-04-08,Southwest_US,20.8,0.0,0.0,spring
2024-04-09,Southwest_US,18.9,0.0,0.0,spring
2024-04-10,Southwest_US,21.8,0.0,0.0,spring
2024-04-11,Southwest_US,27.4,0.0,0.0,spring
2024-04-12,Southwest_US,24.6,0.0,0.0,spring
2024-04-13,Southwest_US,24.1,0.0,0.0,spring
2024-04-14,Southwest_US,19.7,0.0,0.0,spring
2024-04-15,Southwest_US,20.2,0.0,0.0,spring
2024-04-16,Southwest_US,23.4,0.0,0.0,spring
2024-04-17,Southwest_US,18.5,0.0,0.0,spring
2024-04-18,Southwest_US,21.5,0.0,0.0,spring
2024-04-19,Southwest_US,24.0,0.0,0.0,spring
2024-04-20,Southwest_US,18.6,0.0,0.0,spring
2024-04-21,Southwest_US,26.1,0.0,0.0,spring
2024-04-22,Southwest_US,23.5,0.0,0.0,spring
2024-04-23,Southwest_US,24.8,0.0,0.0,spring
2024-04-24,Southwest_US,26.8,0.0,0.0,spring
2024-04-25,Southwest_US,27.0,0.0,0.0,spring
2024-04-26,Southwest_US,31.5,0.0,0.0,spring
2024-04-27,Southwest_US,26.6,0.0,0.0,spring
2024-04-28,Southwest_US,25.1,0.0,0.0,spring
2024-04-29,Southwest_US,27.4,0.0,0.0,spring
2024-04-30,Southwest_US,21.9,0.0,0.0,spring
2024-05-01,Southwest_US,24.1,39.6,0.0,spring
2024-05-02,Southwest_US,28.9,0.0,0.0,spring
2024-05-03,Southwest_US,28.4,0.0,0.0,spring
2024-05-04,Southwest_US,25.5,0.0,0.0,spring
2024-05-05,Southwest_US,26.9,0.0,0.0,spring
2024-05-06,Southwest_US,28.4,4.6,0.0,spring
2024-05-07,Southwest_US,29.0,0.0,0.0,spring
2024-05-08,Southwest_US,29.1,0.0,0.0,spring
2024-05-09,Southwest_US,25.9,0.0,0.0,spring
2024-05-10,Southwest_US,27.3,0.0,0.0,spring
2024-05-11,Southwest_US,32.2,0.0,0.0,spring
2024-05-12,Southwest_US,30.8,0.0,0.0,spring
2024-05-13,Southwest_US,35.5,0.0,0.0,spring
2024-05-14,Southwest_US,24.4,0.0,0.0,spring
2024-05-15,Southwest_US,31.1,0.0,0.0,spring
2024-05-16,Southwest_US,33.0,0.0,0.0,spring
2024-05-17,Southwest_US,29.8,0.0,0.0,spring
2024-05-18,Southwest_US,24.4,0.0,0.0,spring
2024-05-19,Southwest_US,29.7,0.0,0.0,spring
2024-05-20,Southwest_US,34.3,0.0,0.0,spring
2024-05-21,Southwest_US,34.0,13.6,0.0,spring
2024-05-22,Southwest_US,35.3,0.0,0.0,spring
2024-05-23,Southwest_US,28.0,0.0,0.0,spring
2024-05-24,Southwest_US,31.0,0.0,0.0,spring
2024-05-25,Southwest_US,36.7,0.0,0.0,spring
2024-05-26,Southwest_US,29.8,0.0,0.0,spring
2024-05-27,Southwest_US,32.9,0.0,0.0,spring
2024-05-28,Southwest_US,33.9,0.0,0.0,spring
2024-05-29,Southwest_US,26.9,0.0,0.0,spring
2024-05-30,Southwest_US,31.7,6.0,0.0,spring
2024-05-31,Southwest_US,37.7,0.0,0.0,spring
2024-06-01,Southwest_US,35.5,0.0,0.0,summer
2024-06-02,Southwest_US,34.0,0.0,0.0,summer
2024-06-03,Southwest_US,35.1,0.0,0.0,summer
2024-06-04,Southwest_US,37.7,0.0,0.0,summer
2024-06-05,Southwest_US,32.0,35.2,0.0,summer
2024-06-06,Southwest_US,38.6,0.0,0.0,summer
2024-06-07,Southwest_US,38.7,34.8,0.0,summer
2024-06-08,Southwest_US,34.8,0.0,0.0,summer
2024-06-09,Southwest_US,35.5,0.0,0.0,summer
2024-06-10,Southwest_US,35.3,0.0,0.0,summer
2024-06-11,Southwest_US,31.7,0.0,0.0,summer
2024-06-12,Southwest_US,31.9,0.0,0.0,summer
2024-06-13,Southwest_US,35.2,0.0,0.0,summer
2024-06-14,Southwest_US,37.0,0.0,0.0,summer
2024-06-15,Southwest_US,41.4,0.0,0.0,summer
2024-06-16,Southwest_US,38.4,0.0,0.0,summer
2024-06-17,Southwest_US,35.8,0.0,0.0,summer
2024-06-18,Southwest_US,33.1,20.8,0.0,summer
2024-06-19,Southwest_US,36.6,0.0,0.0,summer
2024-06-20,Southwest_US,30.7,15.8,0.0,summer
2024-06-21,Southwest_US,39.5,0.0,0.0,summer
2024-06-22,Southwest_US,36.2,0.0,0.0,summer
2024-06-23,Southwest_US,37.5,0.0,0.0,summer
2024-06-24,Southwest_US,37.2,0.0,0.0,summer
2024-06-25,Southwest_US,40.7,0.0,0.0,summer
2024-06-26,Southwest_US,37.3,0.0,0.0,summer
2024-06-27,Southwest_US,36.7,0.0,0.0,summer
2024-06-28,Southwest_US,37.7,0.0,0.0,summer
2024-06-29,Southwest_US,36.7,0.0,0.0,summer
2024-06-30,Southwest_US,40.3,0.0,0.0,summer
2024-07-01,Southwest_US,37.5,0.0,0.0,summer
2024-07-02,Southwest_US,40.7,0.0,0.0,summer
2024-07-03,Southwest_US,38.3,0.0,0.0,summer
2024-07-04,Southwest_US,36.6,0.0,0.0,summer
2024-07-05,Southwest_US,41.0,0.0,0.0,summer
2024-07-06,Southwest_US,39.1,0.0,0.0,summer
2024-07-07,Southwest_US,40.4,0.0,0.0,summer
2024-07-08,Southwest_US,36.6,0.0,0.0,summer
2024-07-09,Southwest_US,35.7,0.0,0.0,summer
2024-07-10,Southwest_US,39.5,0.0,0.0,summer
2024-07-11,Southwest_US,38.2,0.0,0.0,summer
2024-07-12,Southwest_US,39.8,0.0,0.0,summer
2024-07-13,Southwest_US,35.0,2.0,0.0,summer
2024-07-14,Southwest_US,37.8,19.3,0.0,summer
2024-07-15,Southwest_US,36.6,0.0,0.0,summer
2024-07-16,Southwest_US,38.3,0.0,0.0,summer
2024-07-17,Southwest_US,34.0,0.0,0.0,summer
2024-07-18,Southwest_US,37.0,0.0,0.0,summer
2024-07-19,Southwest_US,39.4,0.0,0.0,summer
2024-07-20,Southwest_US,35.5,38.8,0.0,summer
2024-07-21,Southwest_US,38.6,0.0,0.0,summer
2024-07-22,Southwest_US,40.8,0.0,0.0,summer
2024-07-23,Southwest_US,34.4,19.6,0.0,summer
2024-07-24,Southwest_US,37.8,0.0,0.0,summer
2024-07-25,Southwest_US,40.1,0.0,0.0,summer
2024-07-26,Southwest_US,37.3,0.0,0.0,summer
2024-07-27,Southwest_US,36.8,0.0,0.0,summer
2024-07-28,Southwest_US,36.6,0.0,0.0,summer
2024-07-29,Southwest_US,37.2,0.0,0.0,summer
2024-07-30,Southwest_US,40.0,0.0,0.0,summer
2024-07-31,Southwest_US,40.5,0.0,0.0,summer
2024-08-01,Southwest_US,36.9,0.0,0.0,summer
2024-08-02,Southwest_US,40.9,0.0,0.0,summer
2024-08-03,Southwest_US,37.2,0.0,0.0,summer
2024-08-04,Southwest_US,35.3,0.0,0.0,summer
2024-08-05,Southwest_US,34.7,0.0,0.0,summer
2024-08-06,Southwest_US,35.6,0.0,0.0,summer
2024-08-07,Southwest_US,38.9,0.0,0.0,summer
2024-08-08,Southwest_US,35.7,0.0,0.0,summer
2024-08-09,Southwest_US,36.5,0.0,0.0,summer
2024-08-10,Southwest_US,32.0,0.0,0.0,summer
2024-08-11,Southwest_US,33.7,0.0,0.0,summer
2024-08-12,Southwest_US,33.4,0.0,0.0,summer
2024-08-13,Southwest_US,37.5,25.8,0.0,summer
2024-08-14,Southwest_US,34.8,0.0,0.0,summer
2024-08-15,Southwest_US,37.3,19.8,0.0,summer
2024-08-16,Southwest_US,34.9,0.0,0.0,summer
2024-08-17,Southwest_US,29.5,0.0,0.0,summer
2024-08-18,Southwest_US,40.3,0.0,0.0,summer
2024-08-19,Southwest_US,31.9,0.0,0.0,summer
2024-08-20,Southwest_US,37.2,0.0,0.0,summer
2024-08-21,Southwest_US,31.1,0.0,0.0,summer
2024-08-22,Southwest_US,42.6,0.0,0.0,summer
2024-08-23,Southwest_US,38.2,0.0,0.0,summer
2024-08-24,Southwest_US,32.0,0.0,0.0,summer
2024-08-25,Southwest_US,35.1,34.4,0.0,summer
2024-08-26,Southwest_US,32.8,0.0,0.0,summer
2024-08-27,Southwest_US,37.7,0.0,0.0,summer
2024-08-28,Southwest_US,34.9,39.0,0.0,summer
2024-08-29,Southwest_US,37.1,0.0,0.0,summer
2024-08-30,Southwest_US,36.8,0.0,0.0,summer
2024-08-31,Southwest_US,30.9,0.0,0.0,summer
2024-09-01,Southwest_US,34.7,0.0,0.0,fall
2024-09-02,Southwest_US,35.1,0.0,0.0,fall
2024-09-03,Southwest_US,33.1,0.0,0.0,fall
2024-09-04,Southwest_US,31.8,0.0,0.0,fall
2024-09-05,Southwest_US,32.9,0.0,0.0,fall
2024-09-06,Southwest_US,34.1,0.0,0.0,fall
2024-09-07,Southwest_US,36.5,0.0,0.0,fall
2024-09-08,Southwest_US,29.5,0.0,0.0,fall
2024-09-09,Southwest_US,31.0,21.8,0.0,fall
2024-09-10,Southwest_US,29.0,0.0,0.0,fall
2024-09-11,Southwest_US,23.7,0.0,0.0,fall
2024-09-12,Southwest_US,30.1,0.0,0.0,fall
2024-09-13,Southwest_US,28.1,0.0,0.0,fall
2024-09-14,Southwest_US,34.7,0.0,0.0,fall
2024-09-15,Southwest_US,29.2,0.0,0.0,fall
2024-09-16,Southwest_US,29.2,0.0,0.0,fall
2024-09-17,Southwest_US,31.2,38.8,0.0,fall
2024-09-18,Southwest_US,27.9,0.0,0.0,fall
2024-09-19,Southwest_US,31.9,0.0,0.0,fall
2024-09-20,Southwest_US,28.0,0.0,0.0,fall
2024-09-21,Southwest_US,33.1,0.0,0.0,fall
2024-09-22,Southwest_US,28.5,28.6,0.0,fall
2024-09-23,Southwest_US,27.6,0.0,0.0,fall
2024-09-24,Southwest_US,32.7,0.0,0.0,fall
2024-09-25,Southwest_US,30.3,0.0,0.0,fall
2024-09-26,Southwest_US,31.9,0.0,0.0,fall
2024-09-27,Southwest_US,33.8,0.0,0.0,fall
2024-09-28,Southwest_US,26.7,0.0,0.0,fall
2024-09-29,Southwest_US,28.6,0.0,0.0,fall
2024-09-30,Southwest_US,27.4,0.0,0.0,fall
2024-10-01,Southwest_US,29.5,0.0,0.0,fall
2024-10-02,Southwest_US,28.5,0.0,0.0,fall
2024-10-03,Southwest_US,28.6,0.0,0.0,fall
2024-10-04,Southwest_US,25.6,0.0,0.0,fall
2024-10-05,Southwest_US,24.6,0.0,0.0,fall
2024-10-06,Southwest_US,24.2,0.0,0.0,fall
2024-10-07,Southwest_US,28.8,0.0,0.0,fall
2024-10-08,Southwest_US,25.8,0.0,0.0,fall
2024-10-09,Southwest_US,21.8,0.0,0.0,fall
2024-10-10,Southwest_US,26.2,0.0,0.0,fall
2024-10-11,Southwest_US,21.8,0.0,0.0,fall
2024-10-12,Southwest_US,27.4,0.0,0.0,fall
2024-10-13,Southwest_US,21.2,0.0,0.0,fall
2024-10-14,Southwest_US,24.5,0.0,0.0,fall
2024-10-15,Southwest_US,23.4,0.0,0.0,fall
2024-10-16,Southwest_US,21.5,0.0,0.0,fall
2024-10-17,Southwest_US,21.2,0.0,0.0,fall
2024-10-18,Southwest_US,24.7,0.0,0.0,fall
2024-10-19,Southwest_US,20.4,0.0,0.0,fall
2024-10-20,Southwest_US,25.7,0.0,0.0,fall
2024-10-21,Southwest_US,24.2,0.0,0.0,fall
2024-10-22,Southwest_US,22.0,0.0,0.0,fall
2024-10-23,Southwest_US,26.4,0.0,0.0,fall
2024-10-24,Southwest_US,20.5,0.0,0.0,fall
2024-10-25,Southwest_US,21.4,0.0,0.0,fall
2024-10-26,Southwest_US,23.0,0.0,0.0,fall
2024-10-27,Southwest_US,17.1,0.0,0.0,fall
2024-10-28,Southwest_US,18.5,0.0,0.0,fall
2024-10-29,Southwest_US,23.2,0.0,0.0,fall
2024-10-30,Southwest_US,23.7,0.0,0.0,fall
2024-10-31,Southwest_US,19.8,0.0,0.0,fall
2024-11-01,Southwest_US,17.4,0.0,0.0,fall
2024-11-02,Southwest_US,19.8,0.0,0.0,fall
2024-11-03,Southwest_US,15.6,0.0,0.0,fall
2024-11-04,Southwest_US,17.1,0.0,0.0,fall
2024-11-05,Southwest_US,20.1,0.0,0.0,fall
2024-11-06,Southwest_US,14.9,38.7,0.0,fall
2024-11-07,Southwest_US,16.9,0.0,0.0,fall
2024-11-08,Southwest_US,14.2,0.0,0.0,fall
2024-11-09,Southwest_US,14.7,0.0,0.0,fall
2024-11-10,Southwest_US,18.1,16.5,0.0,fall
2024-11-11,Southwest_US,11.8,0.0,0.0,fall
2024-11-12,Southwest_US,18.8,0.0,0.0,fall
2024-11-13,Southwest_US,15.7,0.0,0.0,fall
2024-11-14,Southwest_US,18.6,0.0,0.0,fall
2024-11-15,Southwest_US,14.9,0.0,0.0,fall
2024-11-16,Southwest_US,13.5,0.0,0.0,fall
2024-11-17,Southwest_US,14.3,0.0,0.0,fall
2024-11-18,Southwest_US,11.8,0.0,0.0,fall
2024-11-19,Southwest_US,12.5,0.0,0.0,fall
2024-11-20,Southwest_US,11.5,0.0,0.0,fall
2024-11-21,Southwest_US,16.5,0.0,0.0,fall
2024-11-22,Southwest_US,15.6,0.0,0.0,fall
2024-11-23,Southwest_US,12.2,0.0,0.0,fall
2024-11-24,Southwest_US,19.1,0.0,0.0,fall
2024-11-25,Southwest_US,13.8,0.0,0.0,fall
2024-11-26,Southwest_US,11.8,0.0,0.0,fall
2024-11-27,Southwest_US,12.4,0.0,0.0,fall
2024-11-28,Southwest_US,14.2,8.4,0.0,fall
2024-11-29,Southwest_US,11.6,0.0,0.0,fall
2024-11-30,Southwest_US,11.1,0.0,0.0,fall
2024-12-01,Southwest_US,11.2,4.6,0.0,winter
2024-12-02,Southwest_US,7.0,0.0,0.0,winter
2024-12-03,Southwest_US,11.4,0.0,0.0,winter
2024-12-04,Southwest_US,13.1,0.0,0.0,winter
2024-12-05,Southwest_US,12.9,0.0,0.0,winter
2024-12-06,Southwest_US,8.4,0.0,0.0,winter
2024-12-07,Southwest_US,11.5,0.0,0.0,winter
2024-12-08,Southwest_US,12.8,9.8,0.0,winter
2024-12-09,Southwest_US,13.1,0.0,0.0,winter
2024-12-10,Southwest_US,9.1,0.0,0.0,winter
2024-12-11,Southwest_US,12.7,0.0,0.0,winter
2024-12-12,Southwest_US,8.5,0.0,0.0,winter
2024-12-13,Southwest_US,11.8,0.0,0.0,winter
2024-12-14,Southwest_US,13.2,0.0,0.0,winter
2024-12-15,Southwest_US,10.0,0.0,0.0,winter
2024-12-16,Southwest_US,14.6,0.0,0.0,winter
2024-12-17,Southwest_US,11.7,0.0,0.0,winter
2024-12-18,Southwest_US,9.1,28.0,0.0,winter
2024-12-19,Southwest_US,8.5,0.0,0.0,winter
2024-12-20,Southwest_US,5.4,36.8,0.0,winter
2024-12-21,Southwest_US,8.4,0.0,0.0,winter
2024-12-22,Southwest_US,9.2,0.0,0.0,winter
2024-12-23,Southwest_US,13.9,0.0,0.0,winter
2024-12-24,Southwest_US,8.5,0.0,0.0,winter
2024-12-25,Southwest_US,6.0,0.0,0.0,winter
2024-12-26,Southwest_US,10.3,0.0,0.0,winter
2024-12-27,Southwest_US,5.8,0.0,0.0,winter
2024-12-28,Southwest_US,4.5,0.0,0.0,winter
2024-12-29,Southwest_US,10.7,0.0,0.0,winter
2024-12-30,Southwest_US,8.1,0.0,0.0,winter
2024-12-31,Southwest_US,4.7,0.0,0.0,winter
2025-01-01,Southwest_US,10.4,0.0,0.0,winter
2025-01-02,Southwest_US,7.8,0.0,0.0,winter
2025-01-03,Southwest_US,6.4,0.0,0.0,winter
2025-01-04,Southwest_US,9.1,0.0,0.0,winter
2025-01-05,Southwest_US,1.4,0.0,0.0,winter
2025-01-06,Southwest_US,4.6,30.4,0.0,winter
2025-01-07,Southwest_US,6.0,17.1,0.0,winter
2025-01-08,Southwest_US,12.5,0.0,0.0,winter
2025-01-09,Southwest_US,7.6,0.0,0.0,winter
2025-01-10,Southwest_US,7.8,0.0,0.0,winter
2025-01-11,Southwest_US,5.9,0.0,0.0,winter
2025-01-12,Southwest_US,8.9,0.0,0.0,winter
2025-01-13,Southwest_US,5.7,0.0,0.0,winter
2025-01-14,Southwest_US,9.2,0.0,0.0,winter
2025-01-15,Southwest_US,10.4,11.2,0.0,winter
2025-01-16,Southwest_US,7.4,0.0,0.0,winter
2025-01-17,Southwest_US,7.2,11.1,0.0,winter
2025-01-18,Southwest_US,7.5,22.7,0.0,winter
2025-01-19,Southwest_US,7.0,13.7,29.6,winter
2025-01-20,Southwest_US,5.8,0.0,0.0,winter
2025-01-21,Southwest_US,7.0,0.0,0.0,winter
2025-01-22,Southwest_US,1.4,0.0,0.0,winter
2025-01-23,Southwest_US,6.6,0.0,0.0,winter
2025-01-24,Southwest_US,9.3,0.0,0.0,winter
2025-01-25,Southwest_US,10.5,0.0,0.0,winter
2025-01-26,Southwest_US,4.9,0.0,0.0,winter
2025-01-27,Southwest_US,9.4,0.0,0.0,winter
2025-01-28,Southwest_US,13.6,0.0,0.0,winter
2025-01-29,Southwest_US,5.9,0.0,0.0,winter
2025-01-30,Southwest_US,9.7,0.0,0.0,winter
2025-01-31,Southwest_US,9.4,0.0,0.0,winter
2025-02-01,Southwest_US,5.9,0.0,0.0,winter
2025-02-02,Southwest_US,4.6,0.0,0.0,winter
2025-02-03,Southwest_US,12.6,10.6,0.0,winter
2025-02-04,Southwest_US,13.6,0.0,0.0,winter
2025-02-05,Southwest_US,4.0,39.3,0.0,winter
2025-02-06,Southwest_US,9.4,0.0,0.0,winter
2025-02-07,Southwest_US,12.0,0.0,0.0,winter
2025-02-08,Southwest_US,11.0,0.0,0.0,winter
2025-02-09,Southwest_US,9.3,0.0,0.0,winter
2025-02-10,Southwest_US,5.6,0.0,0.0,winter
2025-02-11,Southwest_US,7.5,0.0,0.0,winter
2025-02-12,Southwest_US,7.6,0.0,0.0,winter
2025-02-13,Southwest_US,7.1,0.0,0.0,winter
2025-02-14,Southwest_US,9.9,0.0,0.0,winter
2025-02-15,Southwest_US,14.2,0.0,0.0,winter
2025-02-16,Southwest_US,11.5,35.8,0.0,winter
2025-02-17,Southwest_US,11.0,0.0,0.0,winter
2025-02-18,Southwest_US,12.1,38.7,0.0,winter
2025-02-19,Southwest_US,5.8,0.0,0.0,winter
2025-02-20,Southwest_US,9.3,0.0,0.0,winter
2025-02-21,Southwest_US,6.8,0.0,0.0,winter
2025-02-22,Southwest_US,10.5,0.0,0.0,winter
2025-02-23,Southwest_US,11.3,0.0,0.0,winter
2025-02-24,Southwest_US,13.2,0.0,0.0,winter
2025-02-25,Southwest_US,13.5,0.0,0.0,winter
2025-02-26,Southwest_US,12.0,0.0,0.0,winter
2025-02-27,Southwest_US,8.5,0.0,0.0,winter
2025-02-28,Southwest_US,7.0,0.0,0.0,winter
2025-03-01,Southwest_US,14.0,0.0,0.0,spring
2025-03-02,Southwest_US,10.8,0.0,0.0,spring
2025-03-03,Southwest_US,15.5,0.0,0.0,spring
2025-03-04,Southwest_US,10.6,0.0,0.0,spring
2025-03-05,Southwest_US,9.4,0.0,0.0,spring
2025-03-06,Southwest_US,8.2,33.1,0.0,spring
2025-03-07,Southwest_US,14.5,0.0,0.0,spring
2025-03-08,Southwest_US,17.2,28.0,0.0,spring
2025-03-09,Southwest_US,16.0,0.0,0.0,spring
2025-03-10,Southwest_US,16.3,0.0,0.0,spring
2025-03-11,Southwest_US,16.6,0.0,0.0,spring
2025-03-12,Southwest_US,15.2,0.0,0.0,spring
2025-03-13,Southwest_US,13.4,0.0,0.0,spring
2025-03-14,Southwest_US,12.4,0.0,0.0,spring
2025-03-15,Southwest_US,10.4,0.0,0.0,spring
2025-03-16,Southwest_US,18.0,34.0,0.0,spring
2025-03-17,Southwest_US,17.8,0.0,0.0,spring
2025-03-18,Southwest_US,15.8,16.1,0.0,spring
2025-03-19,Southwest_US,17.9,0.0,0.0,spring
2025-03-20,Southwest_US,16.7,0.0,0.0,spring
2025-03-21,Southwest_US,14.3,0.0,0.0,spring
2025-03-22,Southwest_US,13.6,0.0,0.0,spring
2025-03-23,Southwest_US,19.2,1.6,0.0,spring
2025-03-24,Southwest_US,20.6,0.0,0.0,spring
2025-03-25,Southwest_US,19.1,0.0,0.0,spring
2025-03-26,Southwest_US,17.9,0.0,0.0,spring
2025-03-27,Southwest_US,15.2,0.0,0.0,spring
2025-03-28,Southwest_US,20.9,0.0,0.0,spring
2025-03-29,Southwest_US,17.4,0.0,0.0,spring
2025-03-30,Southwest_US,19.4,0.0,0.0,spring
2025-03-31,Southwest_US,22.2,21.2,0.0,spring
2025-04-01,Southwest_US,18.9,0.0,0.0,spring
2025-04-02,Southwest_US,24.0,0.0,0.0,spring
2025-04-03,Southwest_US,20.3,0.0,0.0,spring
2025-04-04,Southwest_US,21.5,1.1,0.0,spring
2025-04-05,Southwest_US,20.4,0.0,0.0,spring
2025-04-06,Southwest_US,19.8,0.0,0.0,spring
2025-04-07,Southwest_US,19.3,0.0,0.0,spring
2025-04-08,Southwest_US,17.0,33.1,0.0,spring
2025-04-09,Southwest_US,21.0,0.0,0.0,spring
2025-04-10,Southwest_US,16.6,0.0,0.0,spring
2025-04-11,Southwest_US,24.6,0.0,0.0,spring
2025-04-12,Southwest_US,21.3,0.0,0.0,spring
2025-04-13,Southwest_US,28.5,0.0,0.0,spring
2025-04-14,Southwest_US,24.0,0.0,0.0,spring
2025-04-15,Southwest_US,20.4,0.0,0.0,spring
2025-04-16,Southwest_US,21.4,0.0,0.0,spring
2025-04-17,Southwest_US,26.5,0.0,0.0,spring
2025-04-18,Southwest_US,22.7,0.0,0.0,spring
2025-04-19,Southwest_US,24.5,0.0,0.0,spring
2025-04-20,Southwest_US,23.1,0.0,0.0,spring
2025-04-21,Southwest_US,24.3,0.0,0.0,spring
2025-04-22,Southwest_US,28.3,0.0,0.0,spring
2025-04-23,Southwest_US,18.2,0.0,0.0,spring
2025-04-24,Southwest_US,25.0,0.0,0.0,spring
2025-04-25,Southwest_US,27.1,0.0,0.0,spring
2025-04-26,Southwest_US,19.0,0.0,0.0,spring
2025-04-27,Southwest_US,26.9,0.0,0.0,spring
2025-04-28,Southwest_US,24.7,0.0,0.0,spring
2025-04-29,Southwest_US,24.5,0.0,0.0,spring
2025-04-30,Southwest_US,25.1,0.0,0.0,spring
2025-05-01,Southwest_US,23.0,0.0,0.0,spring
2025-05-02,Southwest_US,26.9,0.0,0.0,spring
2025-05-03,Southwest_US,24.3,0.0,0.0,spring
2025-05-04,Southwest_US,27.5,0.0,0.0,spring
2025-05-05,Southwest_US,24.8,0.0,0.0,spring
2025-05-06,Southwest_US,24.3,0.0,0.0,spring
2025-05-07,Southwest_US,28.2,0.0,0.0,spring
2025-05-08,Southwest_US,32.7,0.0,0.0,spring
2025-05-09,Southwest_US,26.7,0.0,0.0,spring
2025-05-10,Southwest_US,25.6,0.0,0.0,spring
2025-05-11,Southwest_US,33.1,0.0,0.0,spring
2025-05-12,Southwest_US,23.4,0.0,0.0,spring
2025-05-13,Southwest_US,31.6,9.1,0.0,spring
2025-05-14,Southwest_US,32.7,0.0,0.0,spring
2025-05-15,Southwest_US,35.9,0.0,0.0,spring
2025-05-16,Southwest_US,27.7,0.0,0.0,spring
2025-05-17,Southwest_US,27.5,0.0,0.0,spring
2025-05-18,Southwest_US,29.5,0.0,0.0,spring
2025-05-19,Southwest_US,32.2,0.0,0.0,spring
2025-05-20,Southwest_US,27.3,0.0,0.0,spring
2025-05-21,Southwest_US,31.2,0.0,0.0,spring
2025-05-22,Southwest_US,30.7,0.0,0.0,spring
2025-05-23,Southwest_US,30.9,3.5,0.0,spring
2025-05-24,Southwest_US,33.1,36.9,0.0,spring
2025-05-25,Southwest_US,30.1,37.3,0.0,spring
2025-05-26,Southwest_US,31.7,0.0,0.0,spring
2025-05-27,Southwest_US,25.9,0.0,0.0,spring
2025-05-28,Southwest_US,30.2,25.3,0.0,spring
2025-05-29,Southwest_US,37.5,0.0,0.0,spring
2025-05-30,Southwest_US,33.7,0.0,0.0,spring
2025-05-31,Southwest_US,34.9,0.0,0.0,spring
2025-06-01,Southwest_US,34.3,0.0,0.0,summer
2025-06-02,Southwest_US,32.3,0.0,0.0,summer
2025-06-03,Southwest_US,30.8,0.0,0.0,summer
2025-06-04,Southwest_US,35.4,0.0,0.0,summer
2025-06-05,Southwest_US,33.0,0.0,0.0,summer
2025-06-06,Southwest_US,38.8,0.0,0.0,summer
2025-06-07,Southwest_US,39.4,0.0,0.0,summer
2025-06-08,Southwest_US,32.6,2.5,0.0,summer
2025-06-09,Southwest_US,31.8,0.0,0.0,summer
2025-06-10,Southwest_US,35.2,0.0,0.0,summer
2025-06-11,Southwest_US,37.3,0.0,0.0,summer
2025-06-12,Southwest_US,34.9,0.0,0.0,summer
2025-06-13,Southwest_US,34.7,0.0,0.0,summer
2025-06-14,Southwest_US,35.5,0.0,0.0,summer
2025-06-15,Southwest_US,34.2,0.0,0.0,summer
2025-06-16,Southwest_US,37.5,15.4,0.0,summer
2025-06-17,Southwest_US,33.1,0.0,0.0,summer
2025-06-18,Southwest_US,33.3,0.0,0.0,summer
2025-06-19,Southwest_US,41.9,0.0,0.0,summer
2025-06-20,Southwest_US,33.6,0.0,0.0,summer
2025-06-21,Southwest_US,35.1,0.0,0.0,summer
2025-06-22,Southwest_US,40.7,0.0,0.0,summer
2025-06-23,Southwest_US,39.4,0.0,0.0,summer
2025-06-24,Southwest_US,36.3,0.0,0.0,summer
2025-06-25,Southwest_US,39.1,0.0,0.0,summer
2025-06-26,Southwest_US,36.7,0.0,0.0,summer
2025-06-27,Southwest_US,42.3,0.0,0.0,summer
2025-06-28,Southwest_US,36.4,13.4,0.0,summer
2025-06-29,Southwest_US,34.8,0.0,0.0,summer
2025-06-30,Southwest_US,34.1,0.0,0.0,summer
2025-07-01,Southwest_US,36.2,0.0,0.0,summer
2025-07-02,Southwest_US,39.1,0.0,0.0,summer
2025-07-03,Southwest_US,36.2,0.0,0.0,summer
2025-07-04,Southwest_US,35.6,35.0,0.0,summer
2025-07-05,Southwest_US,40.8,0.0,0.0,summer
2025-07-06,Southwest_US,37.8,0.0,0.0,summer
2025-07-07,Southwest_US,35.2,0.0,0.0,summer
2025-07-08,Southwest_US,38.2,0.0,0.0,summer
2025-07-09,Southwest_US,36.1,0.0,0.0,summer
2025-07-10,Southwest_US,39.5,0.0,0.0,summer
2025-07-11,Southwest_US,34.4,0.0,0.0,summer
2025-07-12,Southwest_US,39.7,0.0,0.0,summer
2025-07-13,Southwest_US,37.8,0.0,0.0,summer
2025-07-14,Southwest_US,39.6,0.0,0.0,summer
2025-07-15,Southwest_US,35.8,18.5,0.0,summer
2025-07-16,Southwest_US,34.0,0.0,0.0,summer
2025-07-17,Southwest_US,38.4,0.0,0.0,summer
2025-07-18,Southwest_US,37.7,0.0,0.0,summer
2025-07-19,Southwest_US,38.1,0.0,0.0,summer
2025-07-20,Southwest_US,39.6,23.3,0.0,summer
2025-07-21,Southwest_US,38.8,0.0,0.0,summer
2025-07-22,Southwest_US,38.5,0.0,0.0,summer
2025-07-23,Southwest_US,35.0,0.0,0.0,summer
2025-07-24,Southwest_US,42.5,23.7,0.0,summer
2025-07-25,Southwest_US,41.4,0.0,0.0,summer
2025-07-26,Southwest_US,37.2,0.0,0.0,summer
2025-07-27,Southwest_US,37.2,0.0,0.0,summer
2025-07-28,Southwest_US,37.3,0.0,0.0,summer
2025-07-29,Southwest_US,39.2,0.0,0.0,summer
2025-07-30,Southwest_US,37.0,0.0,0.0,summer
2025-07-31,Southwest_US,37.0,17.9,0.0,summer
2025-08-01,Southwest_US,36.0,0.0,0.0,summer
2025-08-02,Southwest_US,36.4,0.0,0.0,summer
2025-08-03,Southwest_US,36.3,0.0,0.0,summer
2025-08-04,Southwest_US,33.5,0.0,0.0,summer
2025-08-05,Southwest_US,37.5,0.0,0.0,summer
2025-08-06,Southwest_US,33.1,0.0,0.0,summer
2025-08-07,Southwest_US,34.5,0.0,0.0,summer
2025-08-08,Southwest_US,43.1,0.0,0.0,summer
2025-08-09,Southwest_US,40.3,0.0,0.0,summer
2025-08-10,Southwest_US,35.5,0.0,0.0,summer
2025-08-11,Southwest_US,36.1,0.0,0.0,summer
2025-08-12,Southwest_US,38.6,0.0,0.0,summer
2025-08-13,Southwest_US,41.1,0.0,0.0,summer
2025-08-14,Southwest_US,32.8,0.0,0.0,summer
2025-08-15,Southwest_US,39.3,0.0,0.0,summer
2025-08-16,Southwest_US,35.2,0.0,0.0,summer
2025-08-17,Southwest_US,34.8,0.0,0.0,summer
2025-08-18,Southwest_US,36.1,0.0,0.0,summer
2025-08-19,Southwest_US,36.2,0.0,0.0,summer
2025-08-20,Southwest_US,35.5,0.0,0.0,summer
2025-08-21,Southwest_US,37.1,20.3,0.0,summer
2025-08-22,Southwest_US,39.4,0.0,0.0,summer
2025-08-23,Southwest_US,36.9,0.0,0.0,summer
2025-08-24,Southwest_US,37.4,0.0,0.0,summer
2025-08-25,Southwest_US,33.4,0.0,0.0,summer
2025-08-26,Southwest_US,33.1,0.0,0.0,summer
2025-08-27,Southwest_US,38.6,0.0,0.0,summer
2025-08-28,Southwest_US,29.6,0.0,0.0,summer
2025-08-29,Southwest_US,30.5,0.0,0.0,summer
2025-08-30,Southwest_US,33.3,0.0,0.0,summer
2025-08-31,Southwest_US,36.2,0.0,0.0,summer
2025-09-01,Southwest_US,33.0,0.0,0.0,fall
2025-09-02,Southwest_US,36.5,0.0,0.0,fall
2025-09-03,Southwest_US,33.7,0.0,0.0,fall
2025-09-04,Southwest_US,34.9,0.0,0.0,fall
2025-09-05,Southwest_US,34.8,0.0,0.0,fall
2025-09-06,Southwest_US,31.5,0.0,0.0,fall
2025-09-07,Southwest_US,28.6,0.0,0.0,fall
2025-09-08,Southwest_US,35.5,0.0,0.0,fall
2025-09-09,Southwest_US,32.2,0.0,0.0,fall
2025-09-10,Southwest_US,29.7,0.0,0.0,fall
2025-09-11,Southwest_US,32.6,0.0,0.0,fall
2025-09-12,Southwest_US,29.4,0.0,0.0,fall
2025-09-13,Southwest_US,29.8,0.0,0.0,fall
2025-09-14,Southwest_US,33.3,0.0,0.0,fall
2025-09-15,Southwest_US,34.6,0.0,0.0,fall
2025-09-16,Southwest_US,35.8,0.0,0.0,fall
2025-09-17,Southwest_US,30.5,19.4,0.0,fall
2025-09-18,Southwest_US,32.1,0.0,0.0,fall
2025-09-19,Southwest_US,32.6,0.0,0.0,fall
2025-09-20,Southwest_US,25.7,0.0,0.0,fall
2025-09-21,Southwest_US,27.5,0.0,0.0,fall
2025-09-22,Southwest_US,27.7,0.0,0.0,fall
2025-09-23,Southwest_US,25.6,0.0,0.0,fall
2025-09-24,Southwest_US,29.4,0.0,0.0,fall
2025-09-25,Southwest_US,32.6,0.0,0.0,fall
2025-09-26,Southwest_US,27.5,0.0,0.0,fall
2025-09-27,Southwest_US,25.5,0.0,0.0,fall
2025-09-28,Southwest_US,27.8,0.0,0.0,fall
2025-09-29,Southwest_US,31.3,0.0,0.0,fall
2025-09-30,Southwest_US,26.7,0.0,0.0,fall
2025-10-01,Southwest_US,24.9,0.0,0.0,fall
2025-10-02,Southwest_US,24.8,0.0,0.0,fall
2025-10-03,Southwest_US,25.6,0.0,0.0,fall
2025-10-04,Southwest_US,28.7,0.0,0.0,fall
2025-10-05,Southwest_US,23.8,0.0,0.0,fall
2025-10-06,Southwest_US,25.0,15.4,0.0,fall
2025-10-07,Southwest_US,29.5,0.0,0.0,fall
2025-10-08,Southwest_US,24.3,0.0,0.0,fall
2025-10-09,Southwest_US,21.8,0.0,0.0,fall
2025-10-10,Southwest_US,21.1,0.0,0.0,fall
2025-10-11,Southwest_US,22.5,0.0,0.0,fall
2025-10-12,Southwest_US,28.4,0.0,0.0,fall
2025-10-13,Southwest_US,28.6,0.0,0.0,fall
2025-10-14,Southwest_US,23.2,0.0,0.0,fall
2025-10-15,Southwest_US,22.9,0.0,0.0,fall
2025-10-16,Southwest_US,20.3,0.0,0.0,fall
2025-10-17,Southwest_US,18.5,0.0,0.0,fall
2025-10-18,Southwest_US,21.0,0.0,0.0,fall
2025-10-19,Southwest_US,21.7,0.0,0.0,fall
2025-10-20,Southwest_US,23.5,0.0,0.0,fall
2025-10-21,Southwest_US,17.1,0.0,0.0,fall
2025-10-22,Southwest_US,23.3,0.0,0.0,fall
2025-10-23,Southwest_US,24.0,0.0,0.0,fall
2025-10-24,Southwest_US,22.5,0.0,0.0,fall
2025-10-25,Southwest_US,20.7,0.0,0.0,fall
2025-10-26,Southwest_US,18.7,0.0,0.0,fall
2025-10-27,Southwest_US,20.8,0.0,0.0,fall
2025-10-28,Southwest_US,20.7,0.0,0.0,fall
2025-10-29,Southwest_US,16.2,0.0,0.0,fall
2025-10-30,Southwest_US,18.3,0.0,0.0,fall
2025-10-31,Southwest_US,17.7,0.0,0.0,fall
2025-11-01,Southwest_US,24.2,0.0,0.0,fall
2025-11-02,Southwest_US,17.6,0.0,0.0,fall
2025-11-03,Southwest_US,17.7,0.0,0.0,fall
2025-11-04,Southwest_US,18.8,0.0,0.0,fall
2025-11-05,Southwest_US,20.9,0.0,0.0,fall
2025-11-06,Southwest_US,18.1,0.0,0.0,fall
2025-11-07,Southwest_US,18.6,0.0,0.0,fall
2025-11-08,Southwest_US,20.5,0.0,0.0,fall
2025-11-09,Southwest_US,17.4,0.0,0.0,fall
2025-11-10,Southwest_US,19.8,0.0,0.0,fall
2025-11-11,Southwest_US,16.0,0.0,0.0,fall
2025-11-12,Southwest_US,16.6,0.0,0.0,fall
2025-11-13,Southwest_US,17.0,0.0,0.0,fall
2025-11-14,Southwest_US,17.5,0.0,0.0,fall
2025-11-15,Southwest_US,14.0,0.0,0.0,fall
2025-11-16,Southwest_US,12.7,0.0,0.0,fall
2025-11-17,Southwest_US,12.9,0.0,0.0,fall
2025-11-18,Southwest_US,14.8,21.0,0.0,fall
2025-11-19,Southwest_US,11.3,0.0,0.0,fall
2025-11-20,Southwest_US,17.0,0.0,0.0,fall
2025-11-21,Southwest_US,18.2,0.0,0.0,fall
2025-11-22,Southwest_US,16.8,14.4,0.0,fall
2025-11-23,Southwest_US,15.4,0.0,0.0,fall
2025-11-24,Southwest_US,13.1,0.0,0.0,fall
2025-11-25,Southwest_US,13.6,0.0,0.0,fall
2025-11-26,Southwest_US,13.8,0.0,0.0,fall
2025-11-27,Southwest_US,14.4,26.1,0.0,fall
2025-11-28,Southwest_US,17.4,0.0,0.0,fall
2025-11-29,Southwest_US,14.2,0.0,0.0,fall
2025-11-30,Southwest_US,10.2,0.0,0.0,fall
2025-12-01,Southwest_US,15.0,0.0,0.0,winter
2025-12-02,Southwest_US,11.7,28.9,0.0,winter
2025-12-03,Southwest_US,12.8,10.0,0.0,winter
2025-12-04,Southwest_US,16.7,0.0,0.0,winter
2025-12-05,Southwest_US,14.5,0.0,0.0,winter
2025-12-06,Southwest_US,15.3,0.0,0.0,winter
2025-12-07,Southwest_US,11.8,0.0,0.0,winter
2025-12-08,Southwest_US,13.6,0.0,0.0,winter
2025-12-09,Southwest_US,7.7,0.0,0.0,winter
2025-12-10,Southwest_US,9.6,0.0,0.0,winter
2025-12-11,Southwest_US,8.8,0.0,0.0,winter
2025-12-12,Southwest_US,11.2,0.0,0.0,winter
2025-12-13,Southwest_US,11.9,0.0,0.0,winter
2025-12-14,Southwest_US,10.8,0.0,0.0,winter
2025-12-15,Southwest_US,6.4,0.0,0.0,winter
2025-12-16,Southwest_US,9.4,0.0,0.0,winter
2025-12-17,Southwest_US,12.8,0.0,0.0,winter
2025-12-18,Southwest_US,10.1,0.0,0.0,winter
2025-12-19,Southwest_US,10.4,0.0,0.0,winter
2025-12-20,Southwest_US,12.1,0.0,0.0,winter
2025-12-21,Southwest_US,8.8,0.0,0.0,winter
2025-12-22,Southwest_US,6.3,0.0,0.0,winter
2025-12-23,Southwest_US,9.6,0.0,0.0,winter
2025-12-24,Southwest_US,5.4,0.0,0.0,winter
2025-12-25,Southwest_US,5.7,0.0,0.0,winter
2025-12-26,Southwest_US,11.0,0.0,0.0,winter
2025-12-27,Southwest_US,8.1,0.0,0.0,winter
2025-12-28,Southwest_US,9.9,9.4,0.0,winter
2025-12-29,Southwest_US,11.3,17.3,0.0,winter
2025-12-30,Southwest_US,10.5,0.0,0.0,winter
2025-12-31,Southwest_US,7.4,0.0,0.0,winter
2023-01-01,West_Coast,10.9,0.0,0.0,winter
2023-01-02,West_Coast,14.7,0.0,0.0,winter
2023-01-03,West_Coast,10.3,0.0,28.1,winter
2023-01-04,West_Coast,9.3,0.0,0.0,winter
2023-01-05,West_Coast,8.7,0.0,0.0,winter
2023-01-06,West_Coast,13.0,0.0,0.0,winter
2023-01-07,West_Coast,12.0,27.4,0.0,winter
2023-01-08,West_Coast,9.7,0.0,0.0,winter
2023-01-09,West_Coast,10.0,0.0,0.0,winter
2023-01-10,West_Coast,9.3,0.0,0.0,winter
2023-01-11,West_Coast,9.2,0.0,0.0,winter
2023-01-12,West_Coast,8.5,0.0,0.0,winter
2023-01-13,West_Coast,12.6,0.0,0.0,winter
2023-01-14,West_Coast,9.1,0.0,0.0,winter
2023-01-15,West_Coast,7.2,0.0,0.0,winter
2023-01-16,West_Coast,9.1,15.2,0.0,winter
2023-01-17,West_Coast,7.5,0.0,0.0,winter
2023-01-18,West_Coast,9.3,0.0,0.0,winter
2023-01-19,West_Coast,8.1,29.7,0.0,winter
2023-01-20,West_Coast,10.3,0.0,0.0,winter
2023-01-21,West_Coast,10.7,0.0,0.0,winter
2023-01-22,West_Coast,5.2,0.0,0.0,winter
2023-01-23,West_Coast,4.9,0.0,0.0,winter
2023-01-24,West_Coast,5.9,0.0,0.0,winter
2023-01-25,West_Coast,10.0,0.0,0.0,winter
2023-01-26,West_Coast,7.9,0.0,16.2,winter
2023-01-27,West_Coast,4.5,0.0,0.0,winter
2023-01-28,West_Coast,8.0,0.0,0.0,winter
2023-01-29,West_Coast,10.2,0.0,0.0,winter
2023-01-30,West_Coast,12.9,0.0,0.0,winter
2023-01-31,West_Coast,10.4,0.0,0.0,winter
2023-02-01,West_Coast,9.6,0.0,28.2,winter
2023-02-02,West_Coast,8.7,28.7,0.0,winter
2023-02-03,West_Coast,10.4,0.0,0.0,winter
2023-02-04,West_Coast,8.0,0.0,0.0,winter
2023-02-05,West_Coast,7.3,0.0,0.0,winter
2023-02-06,West_Coast,10.0,0.0,0.0,winter
2023-02-07,West_Coast,13.1,0.0,0.0,winter
2023-02-08,West_Coast,14.7,0.0,0.0,winter
2023-02-09,West_Coast,5.5,0.0,0.0,winter
2023-02-10,West_Coast,8.2,0.0,0.0,winter
2023-02-11,West_Coast,13.7,25.9,0.0,winter
2023-02-12,West_Coast,9.3,1.6,0.0,winter
2023-02-13,West_Coast,11.5,0.0,0.0,winter
2023-02-14,West_Coast,14.3,0.0,0.0,winter
2023-02-15,West_Coast,14.1,24.3,0.0,winter
2023-02-16,West_Coast,8.9,0.0,0.0,winter
2023-02-17,West_Coast,13.4,0.0,0.0,winter
2023-02-18,West_Coast,13.1,0.0,0.0,winter
2023-02-19,West_Coast,9.9,0.0,0.0,winter
2023-02-20,West_Coast,10.5,0.0,0.0,winter
2023-02-21,West_Coast,6.2,0.0,0.0,winter
2023-02-22,West_Coast,7.3,0.0,0.0,winter
2023-02-23,West_Coast,3.2,0.0,0.0,winter
2023-02-24,West_Coast,12.3,10.8,0.0,winter
2023-02-25,West_Coast,11.8,0.0,0.0,winter
2023-02-26,West_Coast,9.1,0.0,0.0,winter
2023-02-27,West_Coast,13.9,0.0,0.0,winter
2023-02-28,West_Coast,7.8,0.0,0.0,winter
2023-03-01,West_Coast,12.2,0.0,0.0,spring
2023-03-02,West_Coast,14.2,0.0,0.0,spring
2023-03-03,West_Coast,11.9,11.7,0.0,spring
2023-03-04,West_Coast,7.6,0.0,0.0,spring
2023-03-05,West_Coast,10.7,21.2,0.0,spring
2023-03-06,West_Coast,12.1,0.0,0.0,spring
2023-03-07,West_Coast,11.2,0.0,0.0,spring
2023-03-08,West_Coast,14.4,0.0,0.0,spring
2023-03-09,West_Coast,13.3,0.0,0.0,spring
2023-03-10,West_Coast,13.2,0.0,0.0,spring
2023-03-11,West_Coast,14.4,34.8,0.0,spring
2023-03-12,West_Coast,11.3,0.0,0.0,spring
2023-03-13,West_Coast,8.0,7.4,0.0,spring
2023-03-14,West_Coast,12.2,0.0,0.0,spring
2023-03-15,West_Coast,12.4,0.0,0.0,spring
2023-03-16,West_Coast,14.8,0.0,0.0,spring
2023-03-17,West_Coast,11.5,0.0,0.0,spring
2023-03-18,West_Coast,14.1,0.0,14.2,spring
2023-03-19,West_Coast,13.6,0.0,0.0,spring
2023-03-20,West_Coast,13.6,0.0,0.0,spring
2023-03-21,West_Coast,19.2,4.4,0.0,spring
2023-03-22,West_Coast,10.5,26.7,0.0,spring
2023-03-23,West_Coast,12.8,0.0,0.0,spring
2023-03-24,West_Coast,14.4,0.0,0.0,spring
2023-03-25,West_Coast,14.5,0.0,0.0,spring
2023-03-26,West_Coast,12.1,0.0,0.0,spring
2023-03-27,West_Coast,16.4,0.0,16.7,spring
2023-03-28,West_Coast,15.2,0.0,0.0,spring
2023-03-29,West_Coast,12.5,0.0,0.0,spring
2023-03-30,West_Coast,12.9,0.0,0.0,spring
2023-03-31,West_Coast,15.0,0.0,0.0,spring
2023-04-01,West_Coast,15.5,0.0,0.0,spring
2023-04-02,West_Coast,14.3,0.0,0.0,spring
2023-04-03,West_Coast,17.8,0.0,0.0,spring
2023-04-04,West_Coast,18.7,0.0,0.0,spring
2023-04-05,West_Coast,16.9,0.0,0.0,spring
2023-04-06,West_Coast,16.3,0.0,0.0,spring
2023-04-07,West_Coast,11.6,0.0,0.0,spring
2023-04-08,West_Coast,11.8,0.0,0.0,spring
2023-04-09,West_Coast,16.1,0.0,0.0,spring
2023-04-10,West_Coast,15.5,0.0,0.0,spring
2023-04-11,West_Coast,17.8,0.0,0.0,spring
2023-04-12,West_Coast,20.3,0.0,0.0,spring
2023-04-13,West_Coast,17.6,0.0,0.0,spring
2023-04-14,West_Coast,15.3,0.0,0.0,spring
2023-04-15,West_Coast,19.8,0.0,0.0,spring
2023-04-16,West_Coast,16.2,0.0,0.0,spring
2023-04-17,West_Coast,16.0,0.0,0.0,spring
2023-04-18,West_Coast,16.0,0.0,0.0,spring
2023-04-19,West_Coast,20.6,0.0,0.0,spring
2023-04-20,West_Coast,19.2,0.0,0.0,spring
2023-04-21,West_Coast,16.6,0.0,0.0,spring
2023-04-22,West_Coast,13.8,0.0,0.0,spring
2023-04-23,West_Coast,17.4,11.8,0.0,spring
2023-04-24,West_Coast,21.8,0.0,0.0,spring
2023-04-25,West_Coast,20.2,0.0,0.0,spring
2023-04-26,West_Coast,15.6,0.0,0.0,spring
2023-04-27,West_Coast,15.9,0.0,0.0,spring
2023-04-28,West_Coast,19.4,0.0,0.0,spring
2023-04-29,West_Coast,16.3,0.0,0.0,spring
2023-04-30,West_Coast,17.4,0.0,0.0,spring
2023-05-01,West_Coast,19.6,0.0,0.0,spring
2023-05-02,West_Coast,18.1,0.0,0.0,spring
2023-05-03,West_Coast,22.6,0.0,0.0,spring
2023-05-04,West_Coast,19.2,0.0,0.0,spring
2023-05-05,West_Coast,24.5,25.5,0.0,spring
2023-05-06,West_Coast,17.9,0.0,0.0,spring
2023-05-07,West_Coast,19.3,37.1,0.0,spring
2023-05-08,West_Coast,21.9,38.9,0.0,spring
2023-05-09,West_Coast,19.5,14.1,0.0,spring
2023-05-10,West_Coast,18.7,0.0,0.0,spring
2023-05-11,West_Coast,22.0,0.0,0.0,spring
2023-05-12,West_Coast,24.0,0.0,0.0,spring
2023-05-13,West_Coast,20.3,0.0,0.0,spring
2023-05-14,West_Coast,19.6,0.0,0.0,spring
2023-05-15,West_Coast,19.6,0.0,0.0,spring
2023-05-16,West_Coast,20.8,0.0,0.0,spring
2023-05-17,West_Coast,24.4,0.0,0.0,spring
2023-05-18,West_Coast,24.3,0.0,0.0,spring
2023-05-19,West_Coast,20.2,24.3,0.0,spring
2023-05-20,West_Coast,20.2,0.0,0.0,spring
2023-05-21,West_Coast,20.2,0.0,0.0,spring
2023-05-22,West_Coast,23.9,0.0,0.0,spring
2023-05-23,West_Coast,20.0,0.0,0.0,spring
2023-05-24,West_Coast,22.9,0.0,0.0,spring
2023-05-25,West_Coast,20.2,5.9,0.0,spring
2023-05-26,West_Coast,24.8,0.0,0.0,spring
2023-05-27,West_Coast,22.6,32.7,0.0,spring
2023-05-28,West_Coast,25.7,0.0,0.0,spring
2023-05-29,West_Coast,24.2,0.0,0.0,spring
2023-05-30,West_Coast,20.3,0.0,0.0,spring
2023-05-31,West_Coast,26.6,0.0,0.0,spring
2023-06-01,West_Coast,22.9,0.0,0.0,summer
2023-06-02,West_Coast,22.8,18.0,0.0,summer
2023-06-03,West_Coast,24.7,30.6,0.0,summer
2023-06-04,West_Coast,24.5,0.0,0.0,summer
2023-06-05,West_Coast,23.9,21.9,0.0,summer
2023-06-06,West_Coast,23.7,4.7,0.0,summer
2023-06-07,West_Coast,21.3,26.8,0.0,summer
2023-06-08,West_Coast,27.9,5.3,0.0,summer
2023-06-09,West_Coast,23.5,0.0,0.0,summer
2023-06-10,West_Coast,20.8,9.6,0.0,summer
2023-06-11,West_Coast,21.7,0.0,0.0,summer
2023-06-12,West_Coast,24.4,0.0,0.0,summer
2023-06-13,West_Coast,25.0,0.0,0.0,summer
2023-06-14,West_Coast,27.6,0.0,0.0,summer
2023-06-15,West_Coast,30.3,0.0,0.0,summer
2023-06-16,West_Coast,26.1,0.0,0.0,summer
2023-06-17,West_Coast,24.9,0.0,0.0,summer
2023-06-18,West_Coast,29.3,0.0,0.0,summer
2023-06-19,West_Coast,24.2,10.6,0.0,summer
2023-06-20,West_Coast,25.1,0.0,0.0,summer
2023-06-21,West_Coast,28.5,0.0,0.0,summer
2023-06-22,West_Coast,25.1,0.0,0.0,summer
2023-06-23,West_Coast,25.4,0.0,0.0,summer
2023-06-24,West_Coast,28.3,0.0,0.0,summer
2023-06-25,West_Coast,21.6,0.0,0.0,summer
2023-06-26,West_Coast,23.1,34.0,0.0,summer
2023-06-27,West_Coast,26.9,35.6,0.0,summer
2023-06-28,West_Coast,25.5,0.0,0.0,summer
2023-06-29,West_Coast,25.0,0.0,0.0,summer
2023-06-30,West_Coast,20.8,27.3,0.0,summer
2023-07-01,West_Coast,27.6,0.0,0.0,summer
2023-07-02,West_Coast,23.6,20.8,0.0,summer
2023-07-03,West_Coast,27.4,6.6,0.0,summer
2023-07-04,West_Coast,25.1,33.6,0.0,summer
2023-07-05,West_Coast,24.4,0.0,0.0,summer
2023-07-06,West_Coast,25.2,14.8,0.0,summer
2023-07-07,West_Coast,29.7,0.0,0.0,summer
2023-07-08,West_Coast,30.4,0.0,0.0,summer
2023-07-09,West_Coast,21.5,0.0,0.0,summer
2023-07-10,West_Coast,25.3,0.0,0.0,summer
2023-07-11,West_Coast,25.2,0.0,0.0,summer
2023-07-12,West_Coast,25.6,23.3,0.0,summer
2023-07-13,West_Coast,26.3,0.0,0.0,summer
2023-07-14,West_Coast,23.6,0.0,0.0,summer
2023-07-15,West_Coast,27.2,0.0,0.0,summer
2023-07-16,West_Coast,27.6,0.0,0.0,summer
2023-07-17,West_Coast,25.0,9.5,0.0,summer
2023-07-18,West_Coast,22.9,0.0,0.0,summer
2023-07-19,West_Coast,25.7,2.4,0.0,summer
2023-07-20,West_Coast,27.7,0.0,0.0,summer
2023-07-21,West_Coast,26.5,0.0,0.0,summer
2023-07-22,West_Coast,24.2,25.0,0.0,summer
2023-07-23,West_Coast,25.4,0.0,0.0,summer
2023-07-24,West_Coast,26.8,0.0,0.0,summer
2023-07-25,West_Coast,27.1,0.0,0.0,summer
2023-07-26,West_Coast,26.9,0.0,0.0,summer
2023-07-27,West_Coast,28.3,3.6,0.0,summer
2023-07-28,West_Coast,23.5,0.0,0.0,summer
2023-07-29,West_Coast,23.6,0.0,0.0,summer
2023-07-30,West_Coast,28.6,0.0,0.0,summer
2023-07-31,West_Coast,22.8,0.0,0.0,summer
2023-08-01,West_Coast,24.4,0.0,0.0,summer
2023-08-02,West_Coast,26.5,38.5,0.0,summer
2023-08-03,West_Coast,29.5,0.0,0.0,summer
2023-08-04,West_Coast,27.7,0.0,0.0,summer
2023-08-05,West_Coast,21.4,0.0,0.0,summer
2023-08-06,West_Coast,24.7,0.0,0.0,summer
2023-08-07,West_Coast,26.9,0.0,0.0,summer
2023-08-08,West_Coast,28.3,31.7,0.0,summer
2023-08-09,West_Coast,26.4,0.0,0.0,summer
2023-08-10,West_Coast,27.2,0.0,0.0,summer
2023-08-11,West_Coast,27.3,0.0,0.0,summer
2023-08-12,West_Coast,23.7,19.3,0.0,summer
2023-08-13,West_Coast,25.4,0.0,0.0,summer
2023-08-14,West_Coast,28.6,0.0,0.0,summer
2023-08-15,West_Coast,22.4,0.0,0.0,summer
2023-08-16,West_Coast,25.7,0.0,0.0,summer
2023-08-17,West_Coast,26.8,0.0,0.0,summer
2023-08-18,West_Coast,27.8,39.3,0.0,summer
2023-08-19,West_Coast,22.0,12.2,0.0,summer
2023-08-20,West_Coast,24.2,0.0,0.0,summer
2023-08-21,West_Coast,23.9,0.0,0.0,summer
2023-08-22,West_Coast,19.4,0.0,0.0,summer
2023-08-23,West_Coast,20.1,0.0,0.0,summer
2023-08-24,West_Coast,23.9,0.0,0.0,summer
2023-08-25,West_Coast,22.8,0.0,0.0,summer
2023-08-26,West_Coast,25.3,0.0,0.0,summer
2023-08-27,West_Coast,24.6,34.5,0.0,summer
2023-08-28,West_Coast,24.5,39.8,0.0,summer
2023-08-29,West_Coast,28.0,0.0,0.0,summer
2023-08-30,West_Coast,27.5,0.0,0.0,summer
2023-08-31,West_Coast,26.6,0.0,0.0,summer
2023-09-01,West_Coast,24.1,0.0,0.0,fall
2023-09-02,West_Coast,23.6,31.2,0.0,fall
2023-09-03,West_Coast,20.7,0.0,0.0,fall
2023-09-04,West_Coast,26.2,0.0,0.0,fall
2023-09-05,West_Coast,26.7,0.0,0.0,fall
2023-09-06,West_Coast,24.7,36.1,0.0,fall
2023-09-07,West_Coast,22.0,0.0,0.0,fall
2023-09-08,West_Coast,21.8,0.0,0.0,fall
2023-09-09,West_Coast,24.0,38.4,0.0,fall
2023-09-10,West_Coast,22.0,6.7,0.0,fall
2023-09-11,West_Coast,21.7,0.0,0.0,fall
2023-09-12,West_Coast,26.9,0.0,0.0,fall
2023-09-13,West_Coast,19.5,0.0,0.0,fall
2023-09-14,West_Coast,23.6,12.5,0.0,fall
2023-09-15,West_Coast,19.2,39.3,0.0,fall
2023-09-16,West_Coast,24.0,0.0,0.0,fall
2023-09-17,West_Coast,22.8,0.0,0.0,fall
2023-09-18,West_Coast,22.9,0.0,0.0,fall
2023-09-19,West_Coast,21.7,0.0,0.0,fall
2023-09-20,West_Coast,24.2,0.0,0.0,fall
2023-09-21,West_Coast,22.4,0.0,0.0,fall
2023-09-22,West_Coast,19.1,0.0,0.0,fall
2023-09-23,West_Coast,21.8,0.0,0.0,fall
2023-09-24,West_Coast,19.8,0.0,0.0,fall
2023-09-25,West_Coast,22.9,0.0,0.0,fall
2023-09-26,West_Coast,23.8,0.0,0.0,fall
2023-09-27,West_Coast,17.7,0.0,0.0,fall
2023-09-28,West_Coast,18.8,0.0,0.0,fall
2023-09-29,West_Coast,17.5,0.0,0.0,fall
2023-09-30,West_Coast,21.6,0.0,0.0,fall
2023-10-01,West_Coast,20.0,0.0,0.0,fall
2023-10-02,West_Coast,18.9,0.0,0.0,fall
2023-10-03,West_Coast,15.8,0.0,0.0,fall
2023-10-04,West_Coast,20.7,30.7,0.0,fall
2023-10-05,West_Coast,22.7,0.0,0.0,fall
2023-10-06,West_Coast,20.6,2.7,0.0,fall
2023-10-07,West_Coast,19.2,0.0,0.0,fall
2023-10-08,West_Coast,21.0,32.2,0.0,fall
2023-10-09,West_Coast,17.1,0.0,0.0,fall
2023-10-10,West_Coast,20.6,0.0,0.0,fall
2023-10-11,West_Coast,26.0,2.5,0.0,fall
2023-10-12,West_Coast,18.8,0.0,0.0,fall
2023-10-13,West_Coast,16.6,0.0,0.0,fall
2023-10-14,West_Coast,20.9,27.2,0.0,fall
2023-10-15,West_Coast,20.4,0.0,0.0,fall
2023-10-16,West_Coast,17.5,0.0,0.0,fall
2023-10-17,West_Coast,15.3,0.0,0.0,fall
2023-10-18,West_Coast,14.7,0.0,0.0,fall
2023-10-19,West_Coast,15.9,0.0,0.0,fall
2023-10-20,West_Coast,15.7,0.0,0.0,fall
2023-10-21,West_Coast,15.5,27.6,0.0,fall
2023-10-22,West_Coast,14.9,0.0,0.0,fall
2023-10-23,West_Coast,16.6,0.0,0.0,fall
2023-10-24,West_Coast,16.7,0.0,0.0,fall
2023-10-25,West_Coast,17.0,0.0,0.0,fall
2023-10-26,West_Coast,13.4,0.0,0.0,fall
2023-10-27,West_Coast,16.1,0.0,0.0,fall
2023-10-28,West_Coast,18.1,0.0,0.0,fall
2023-10-29,West_Coast,15.3,0.0,0.0,fall
2023-10-30,West_Coast,16.5,6.8,0.0,fall
2023-10-31,West_Coast,20.0,0.0,0.0,fall
2023-11-01,West_Coast,19.0,0.0,0.0,fall
2023-11-02,West_Coast,13.6,0.0,0.0,fall
2023-11-03,West_Coast,14.7,0.0,0.0,fall
2023-11-04,West_Coast,16.9,0.0,0.0,fall
2023-11-05,West_Coast,15.7,0.0,0.0,fall
2023-11-06,West_Coast,14.4,0.0,0.0,fall
2023-11-07,West_Coast,13.5,0.0,0.0,fall
2023-11-08,West_Coast,16.6,0.0,0.0,fall
2023-11-09,West_Coast,13.0,0.0,0.0,fall
2023-11-10,West_Coast,15.3,10.5,0.0,fall
2023-11-11,West_Coast,11.4,0.0,0.0,fall
2023-11-12,West_Coast,12.1,4.2,0.0,fall
2023-11-13,West_Coast,18.5,17.7,0.0,fall
2023-11-14,West_Coast,10.2,0.0,0.0,fall
2023-11-15,West_Coast,15.6,19.4,0.0,fall
2023-11-16,West_Coast,13.9,0.0,0.0,fall
2023-11-17,West_Coast,12.8,0.0,0.0,fall
2023-11-18,West_Coast,12.3,0.0,0.0,fall
2023-11-19,West_Coast,13.7,0.0,0.0,fall
2023-11-20,West_Coast,13.3,0.0,27.8,fall
2023-11-21,West_Coast,10.9,0.0,0.0,fall
2023-11-22,West_Coast,12.8,0.0,0.0,fall
2023-11-23,West_Coast,14.4,0.0,0.0,fall
2023-11-24,West_Coast,14.6,31.3,0.0,fall
2023-11-25,West_Coast,12.7,0.0,0.0,fall
2023-11-26,West_Coast,14.3,0.0,0.0,fall
2023-11-27,West_Coast,6.2,0.0,0.0,fall
2023-11-28,West_Coast,13.8,0.0,0.0,fall
2023-11-29,West_Coast,15.9,0.0,0.0,fall
2023-11-30,West_Coast,9.9,0.0,0.0,fall
2023-12-01,West_Coast,11.5,0.0,0.0,winter
2023-12-02,West_Coast,10.9,0.0,0.0,winter
2023-12-03,West_Coast,14.3,0.0,0.0,winter
2023-12-04,West_Coast,14.2,0.0,0.0,winter
2023-12-05,West_Coast,6.4,19.8,0.0,winter
2023-12-06,West_Coast,14.3,0.0,0.0,winter
2023-12-07,West_Coast,9.7,0.0,0.0,winter
2023-12-08,West_Coast,5.8,0.0,0.0,winter
2023-12-09,West_Coast,15.5,0.0,0.0,winter
2023-12-10,West_Coast,12.3,0.0,0.0,winter
2023-12-11,West_Coast,15.0,0.0,0.0,winter
2023-12-12,West_Coast,9.7,0.0,0.0,winter
2023-12-13,West_Coast,9.6,0.0,0.0,winter
2023-12-14,West_Coast,6.9,0.0,0.0,winter
2023-12-15,West_Coast,11.3,34.9,0.0,winter
2023-12-16,West_Coast,11.9,0.0,0.0,winter
2023-12-17,West_Coast,7.3,6.5,0.0,winter
2023-12-18,West_Coast,9.9,8.0,0.0,winter
2023-12-19,West_Coast,8.2,0.0,2.3,winter
2023-12-20,West_Coast,12.9,31.1,0.0,winter
2023-12-21,West_Coast,7.8,6.8,0.0,winter
2023-12-22,West_Coast,5.4,0.0,0.0,winter
2023-12-23,West_Coast,5.0,0.0,0.0,winter
2023-12-24,West_Coast,6.7,0.0,0.0,winter
2023-12-25,West_Coast,7.9,38.6,0.0,winter
2023-12-26,West_Coast,8.5,0.0,0.0,winter
2023-12-27,West_Coast,10.5,24.0,0.0,winter
2023-12-28,West_Coast,9.3,0.0,0.0,winter
2023-12-29,West_Coast,4.4,0.0,0.0,winter
2023-12-30,West_Coast,7.0,11.3,0.0,winter
2023-12-31,West_Coast,10.9,0.0,0.0,winter
2024-01-01,West_Coast,5.9,0.0,0.0,winter
2024-01-02,West_Coast,9.3,33.0,8.4,winter
2024-01-03,West_Coast,9.4,0.0,4.1,winter
2024-01-04,West_Coast,9.7,0.0,0.0,winter
2024-01-05,West_Coast,9.0,0.0,0.0,winter
2024-01-06,West_Coast,9.6,0.0,0.0,winter
2024-01-07,West_Coast,5.5,0.0,0.0,winter
2024-01-08,West_Coast,10.0,0.0,0.0,winter
2024-01-09,West_Coast,4.3,0.0,0.0,winter
2024-01-10,West_Coast,11.7,26.6,0.0,winter
2024-01-11,West_Coast,9.3,19.7,0.0,winter
2024-01-12,West_Coast,8.9,0.0,0.0,winter
2024-01-13,West_Coast,7.5,0.0,0.0,winter
2024-01-14,West_Coast,8.7,0.0,0.0,winter
2024-01-15,West_Coast,6.7,0.0,0.0,winter
2024-01-16,West_Coast,8.4,0.0,0.0,winter
2024-01-17,West_Coast,8.2,37.5,0.0,winter
2024-01-18,West_Coast,9.1,31.0,0.0,winter
2024-01-19,West_Coast,7.0,0.0,0.0,winter
2024-01-20,West_Coast,10.6,0.0,0.0,winter
2024-01-21,West_Coast,6.4,0.0,0.0,winter
2024-01-22,West_Coast,8.3,0.0,0.0,winter
2024-01-23,West_Coast,9.9,0.0,0.0,winter
2024-01-24,West_Coast,14.6,0.0,0.0,winter
2024-01-25,West_Coast,9.7,0.0,0.0,winter
2024-01-26,West_Coast,11.5,6.7,0.0,winter
2024-01-27,West_Coast,13.0,0.0,0.0,winter
2024-01-28,West_Coast,14.0,0.0,0.0,winter
2024-01-29,West_Coast,10.1,0.0,0.0,winter
2024-01-30,West_Coast,8.0,0.0,0.0,winter
2024-01-31,West_Coast,10.1,0.0,0.0,winter
2024-02-01,West_Coast,13.3,0.0,0.0,winter
2024-02-02,West_Coast,8.7,0.0,0.0,winter
2024-02-03,West_Coast,7.2,0.0,0.0,winter
2024-02-04,West_Coast,10.0,0.0,0.0,winter
2024-02-05,West_Coast,13.1,0.0,7.3,winter
2024-02-06,West_Coast,9.9,0.0,0.0,winter
2024-02-07,West_Coast,8.2,13.3,0.0,winter
2024-02-08,West_Coast,9.9,0.0,0.0,winter
2024-02-09,West_Coast,6.5,0.0,0.0,winter
2024-02-10,West_Coast,10.2,0.0,0.0,winter
2024-02-11,West_Coast,10.5,0.0,0.0,winter
2024-02-12,West_Coast,6.3,0.0,0.0,winter
2024-02-13,West_Coast,13.3,5.2,0.0,winter
2024-02-14,West_Coast,8.6,0.0,0.0,winter
2024-02-15,West_Coast,9.1,0.0,0.0,winter
2024-02-16,West_Coast,14.9,0.0,0.0,winter
2024-02-17,West_Coast,10.0,0.0,0.0,winter
2024-02-18,West_Coast,7.7,4.6,10.0,winter
2024-02-19,West_Coast,9.4,0.0,0.0,winter
2024-02-20,West_Coast,9.7,0.0,0.0,winter
2024-02-21,West_Coast,12.8,0.0,0.0,winter
2024-02-22,West_Coast,12.8,2.9,0.0,winter
2024-02-23,West_Coast,10.8,0.0,0.0,winter
2024-02-24,West_Coast,5.2,0.0,0.0,winter
2024-02-25,West_Coast,5.6,0.0,0.0,winter
2024-02-26,West_Coast,9.3,16.7,0.0,winter
2024-02-27,West_Coast,11.8,0.0,0.0,winter
2024-02-28,West_Coast,10.3,0.0,0.0,winter
2024-02-29,West_Coast,16.4,37.8,0.0,winter
2024-03-01,West_Coast,11.4,0.0,24.7,spring
2024-03-02,West_Coast,12.9,37.6,0.0,spring
2024-03-03,West_Coast,10.3,36.8,0.0,spring
2024-03-04,West_Coast,7.6,32.7,0.0,spring
2024-03-05,West_Coast,12.4,0.0,0.0,spring
2024-03-06,West_Coast,12.0,0.0,0.0,spring
2024-03-07,West_Coast,14.5,0.0,0.0,spring
2024-03-08,West_Coast,13.6,0.0,0.0,spring
2024-03-09,West_Coast,9.7,0.0,0.0,spring
2024-03-10,West_Coast,13.2,0.0,0.0,spring
2024-03-11,West_Coast,10.5,0.0,0.0,spring
2024-03-12,West_Coast,12.1,0.0,0.0,spring
2024-03-13,West_Coast,16.0,0.0,0.0,spring
2024-03-14,West_Coast,13.9,0.0,0.0,spring
2024-03-15,West_Coast,12.8,0.0,0.0,spring
2024-03-16,West_Coast,14.3,0.0,0.0,spring
2024-03-17,West_Coast,10.1,28.7,0.0,spring
2024-03-18,West_Coast,15.5,2.8,0.0,spring
2024-03-19,West_Coast,14.4,0.0,0.0,spring
2024-03-20,West_Coast,16.4,9.2,0.0,spring
2024-03-21,West_Coast,16.1,0.0,0.0,spring
2024-03-22,West_Coast,15.4,26.3,0.0,spring
2024-03-23,West_Coast,15.5,0.0,0.0,spring
2024-03-24,West_Coast,11.4,0.0,0.0,spring
2024-03-25,West_Coast,9.9,0.0,0.0,spring
2024-03-26,West_Coast,16.0,0.0,0.0,spring
2024-03-27,West_Coast,13.8,0.0,0.0,spring
2024-03-28,West_Coast,19.4,0.0,2.1,spring
2024-03-29,West_Coast,16.6,0.0,0.0,spring
2024-03-30,West_Coast,15.8,0.0,0.0,spring
2024-03-31,West_Coast,14.0,0.0,0.0,spring
2024-04-01,West_Coast,11.8,31.6,0.0,spring
2024-04-02,West_Coast,14.6,0.0,0.0,spring
2024-04-03,West_Coast,11.7,0.0,0.0,spring
2024-04-04,West_Coast,16.7,0.0,0.0,spring
2024-04-05,West_Coast,14.5,0.0,0.0,spring
2024-04-06,West_Coast,16.7,36.3,0.0,spring
2024-04-07,West_Coast,14.2,10.1,0.0,spring
2024-04-08,West_Coast,16.2,0.0,0.0,spring
2024-04-09,West_Coast,17.3,0.0,0.0,spring
2024-04-10,West_Coast,15.9,0.0,0.0,spring
2024-04-11,West_Coast,15.8,0.0,0.0,spring
2024-04-12,West_Coast,14.8,0.0,0.0,spring
2024-04-13,West_Coast,16.8,0.0,0.0,spring
2024-04-14,West_Coast,16.4,0.0,0.0,spring
2024-04-15,West_Coast,17.2,0.0,0.0,spring
2024-04-16,West_Coast,19.3,0.0,0.0,spring
2024-04-17,West_Coast,15.8,0.0,0.0,spring
2024-04-18,West_Coast,14.8,0.0,0.0,spring
2024-04-19,West_Coast,16.1,0.0,0.0,spring
2024-04-20,West_Coast,17.5,0.0,0.0,spring
2024-04-21,West_Coast,18.3,0.0,0.0,spring
2024-04-22,West_Coast,18.5,0.0,0.0,spring
2024-04-23,West_Coast,16.3,0.0,0.0,spring
2024-04-24,West_Coast,19.5,0.0,0.0,spring
2024-04-25,West_Coast,18.1,29.6,0.0,spring
2024-04-26,West_Coast,16.1,0.0,0.0,spring
2024-04-27,West_Coast,19.6,0.0,0.0,spring
2024-04-28,West_Coast,21.4,0.0,0.0,spring
2024-04-29,West_Coast,18.1,0.0,0.0,spring
2024-04-30,West_Coast,18.8,0.0,0.0,spring
2024-05-01,West_Coast,21.6,10.6,0.0,spring
2024-05-02,West_Coast,20.2,0.0,0.0,spring
2024-05-03,West_Coast,20.6,14.0,0.0,spring
2024-05-04,West_Coast,26.1,4.0,0.0,spring
2024-05-05,West_Coast,21.7,0.0,0.0,spring
2024-05-06,West_Coast,22.1,19.2,0.0,spring
2024-05-07,West_Coast,20.2,0.0,0.0,spring
2024-05-08,West_Coast,19.2,0.0,0.0,spring
2024-05-09,West_Coast,20.2,0.0,0.0,spring
2024-05-10,West_Coast,18.9,15.5,0.0,spring
2024-05-11,West_Coast,19.7,1.5,0.0,spring
2024-05-12,West_Coast,20.3,0.0,0.0,spring
2024-05-13,West_Coast,19.5,0.0,0.0,spring
2024-05-14,West_Coast,21.7,0.0,0.0,spring
2024-05-15,West_Coast,22.9,5.6,0.0,spring
2024-05-16,West_Coast,17.3,0.0,0.0,spring
2024-05-17,West_Coast,21.7,0.0,0.0,spring
2024-05-18,West_Coast,21.0,0.0,0.0,spring
2024-05-19,West_Coast,19.7,0.0,0.0,spring
2024-05-20,West_Coast,18.8,33.8,0.0,spring
2024-05-21,West_Coast,22.6,0.0,0.0,spring
2024-05-22,West_Coast,24.7,0.0,0.0,spring
2024-05-23,West_Coast,24.1,23.7,0.0,spring
2024-05-24,West_Coast,21.5,0.0,0.0,spring
2024-05-25,West_Coast,20.9,0.0,0.0,spring
2024-05-26,West_Coast,24.8,0.0,0.0,spring
2024-05-27,West_Coast,22.5,4.8,0.0,spring
2024-05-28,West_Coast,22.6,0.0,0.0,spring
2024-05-29,West_Coast,22.7,7.1,0.0,spring
2024-05-30,West_Coast,19.1,9.2,0.0,spring
2024-05-31,West_Coast,22.3,19.0,0.0,spring
2024-06-01,West_Coast,21.8,5.6,0.0,summer
2024-06-02,West_Coast,24.5,0.0,0.0,summer
2024-06-03,West_Coast,26.9,0.0,0.0,summer
2024-06-04,West_Coast,23.1,0.0,0.0,summer
2024-06-05,West_Coast,22.4,36.1,0.0,summer
2024-06-06,West_Coast,26.3,0.0,0.0,summer
2024-06-07,West_Coast,24.1,0.0,0.0,summer
2024-06-08,West_Coast,25.0,0.0,0.0,summer
2024-06-09,West_Coast,23.4,0.0,0.0,summer
2024-06-10,West_Coast,25.6,7.0,0.0,summer
2024-06-11,West_Coast,25.5,0.0,0.0,summer
2024-06-12,West_Coast,21.3,0.0,0.0,summer
2024-06-13,West_Coast,24.1,0.0,0.0,summer
2024-06-14,West_Coast,29.5,0.0,0.0,summer
2024-06-15,West_Coast,22.4,0.0,0.0,summer
2024-06-16,West_Coast,25.8,0.0,0.0,summer
2024-06-17,West_Coast,23.9,0.0,0.0,summer
2024-06-18,West_Coast,19.2,0.0,0.0,summer
2024-06-19,West_Coast,22.4,0.0,0.0,summer
2024-06-20,West_Coast,25.6,0.0,0.0,summer
2024-06-21,West_Coast,23.2,0.0,0.0,summer
2024-06-22,West_Coast,25.2,29.6,0.0,summer
2024-06-23,West_Coast,24.7,0.0,0.0,summer
2024-06-24,West_Coast,19.7,0.0,0.0,summer
2024-06-25,West_Coast,24.1,0.0,0.0,summer
2024-06-26,West_Coast,26.9,28.1,0.0,summer
2024-06-27,West_Coast,24.4,0.0,0.0,summer
2024-06-28,West_Coast,27.7,0.0,0.0,summer
2024-06-29,West_Coast,27.4,0.0,0.0,summer
2024-06-30,West_Coast,25.5,0.0,0.0,summer
2024-07-01,West_Coast,24.3,0.0,0.0,summer
2024-07-02,West_Coast,25.8,0.0,0.0,summer
2024-07-03,West_Coast,27.0,0.0,0.0,summer
2024-07-04,West_Coast,21.7,0.0,0.0,summer
2024-07-05,West_Coast,22.6,22.5,0.0,summer
2024-07-06,West_Coast,23.9,0.0,0.0,summer
2024-07-07,West_Coast,25.4,0.0,0.0,summer
2024-07-08,West_Coast,21.5,8.0,0.0,summer
2024-07-09,West_Coast,28.0,32.3,0.0,summer
2024-07-10,West_Coast,22.4,25.8,0.0,summer
2024-07-11,West_Coast,25.5,29.1,0.0,summer
2024-07-12,West_Coast,25.8,0.0,0.0,summer
2024-07-13,West_Coast,23.8,11.8,0.0,summer
2024-07-14,West_Coast,30.2,0.0,0.0,summer
2024-07-15,West_Coast,26.8,0.0,0.0,summer
2024-07-16,West_Coast,24.2,0.0,0.0,summer
2024-07-17,West_Coast,21.4,0.0,0.0,summer
2024-07-18,West_Coast,25.8,7.4,0.0,summer
2024-07-19,West_Coast,22.4,27.8,0.0,summer
2024-07-20,West_Coast,26.9,0.0,0.0,summer
2024-07-21,West_Coast,23.5,0.0,0.0,summer
2024-07-22,West_Coast,29.3,0.0,0.0,summer
2024-07-23,West_Coast,27.2,0.0,0.0,summer
2024-07-24,West_Coast,24.5,6.8,0.0,summer
2024-07-25,West_Coast,27.9,36.7,0.0,summer
2024-07-26,West_Coast,26.0,0.0,0.0,summer
2024-07-27,West_Coast,24.0,32.7,0.0,summer
2024-07-28,West_Coast,23.4,0.0,0.0,summer
2024-07-29,West_Coast,24.5,0.0,0.0,summer
2024-07-30,West_Coast,27.2,0.0,0.0,summer
2024-07-31,West_Coast,26.5,0.0,0.0,summer
2024-08-01,West_Coast,26.3,0.0,0.0,summer
2024-08-02,West_Coast,23.6,0.0,0.0,summer
2024-08-03,West_Coast,24.9,0.0,0.0,summer
2024-08-04,West_Coast,25.8,26.8,0.0,summer
2024-08-05,West_Coast,23.0,0.0,0.0,summer
2024-08-06,West_Coast,28.0,29.2,0.0,summer
2024-08-07,West_Coast,26.9,0.0,0.0,summer
2024-08-08,West_Coast,27.4,17.1,0.0,summer
2024-08-09,West_Coast,17.8,0.0,0.0,summer
2024-08-10,West_Coast,24.8,0.0,0.0,summer
2024-08-11,West_Coast,26.9,13.1,0.0,summer
2024-08-12,West_Coast,28.1,0.0,0.0,summer
2024-08-13,West_Coast,27.9,0.0,0.0,summer
2024-08-14,West_Coast,25.8,0.0,0.0,summer
2024-08-15,West_Coast,22.9,24.5,0.0,summer
2024-08-16,West_Coast,23.1,0.0,0.0,summer
2024-08-17,West_Coast,25.5,0.0,0.0,summer
2024-08-18,West_Coast,20.5,0.0,0.0,summer
2024-08-19,West_Coast,23.5,0.0,0.0,summer
2024-08-20,West_Coast,24.5,32.3,0.0,summer
2024-08-21,West_Coast,25.8,0.0,0.0,summer
2024-08-22,West_Coast,23.1,0.0,0.0,summer
2024-08-23,West_Coast,27.9,0.0,0.0,summer
2024-08-24,West_Coast,22.3,0.0,0.0,summer
2024-08-25,West_Coast,27.7,0.0,0.0,summer
2024-08-26,West_Coast,23.3,0.0,0.0,summer
2024-08-27,West_Coast,25.4,0.0,0.0,summer
2024-08-28,West_Coast,22.7,29.0,0.0,summer
2024-08-29,West_Coast,22.4,26.3,0.0,summer
2024-08-30,West_Coast,24.9,0.0,0.0,summer
2024-08-31,West_Coast,21.9,16.6,0.0,summer
2024-09-01,West_Coast,20.0,0.0,0.0,fall
2024-09-02,West_Coast,22.4,0.0,0.0,fall
2024-09-03,West_Coast,21.5,0.0,0.0,fall
2024-09-04,West_Coast,23.3,35.3,0.0,fall
2024-09-05,West_Coast,21.8,0.0,0.0,fall
2024-09-06,West_Coast,22.0,0.0,0.0,fall
2024-09-07,West_Coast,23.4,0.0,0.0,fall
2024-09-08,West_Coast,22.1,0.0,0.0,fall
2024-09-09,West_Coast,22.9,0.0,0.0,fall
2024-09-10,West_Coast,21.6,0.0,0.0,fall
2024-09-11,West_Coast,21.4,0.0,0.0,fall
2024-09-12,West_Coast,21.1,0.0,0.0,fall
2024-09-13,West_Coast,27.1,31.8,0.0,fall
2024-09-14,West_Coast,20.0,0.0,0.0,fall
2024-09-15,West_Coast,24.3,8.5,0.0,fall
2024-09-16,West_Coast,21.4,0.0,0.0,fall
2024-09-17,West_Coast,18.0,0.0,0.0,fall
2024-09-18,West_Coast,22.9,0.0,0.0,fall
2024-09-19,West_Coast,16.7,0.0,0.0,fall
2024-09-20,West_Coast,15.9,0.0,0.0,fall
2024-09-21,West_Coast,20.2,9.8,0.0,fall
2024-09-22,West_Coast,20.1,10.4,0.0,fall
2024-09-23,West_Coast,18.1,0.0,0.0,fall
2024-09-24,West_Coast,20.6,0.0,0.0,fall
2024-09-25,West_Coast,19.4,0.0,0.0,fall
2024-09-26,West_Coast,19.5,0.0,0.0,fall
2024-09-27,West_Coast,18.4,0.0,0.0,fall
2024-09-28,West_Coast,22.3,0.0,0.0,fall
2024-09-29,West_Coast,20.0,9.4,0.0,fall
2024-09-30,West_Coast,20.7,0.0,0.0,fall
2024-10-01,West_Coast,18.4,0.0,0.0,fall
2024-10-02,West_Coast,20.7,0.0,0.0,fall
2024-10-03,West_Coast,18.7,0.0,0.0,fall
2024-10-04,West_Coast,19.8,0.0,0.0,fall
2024-10-05,West_Coast,18.3,0.0,0.0,fall
2024-10-06,West_Coast,14.1,0.0,0.0,fall
2024-10-07,West_Coast,20.1,2.9,0.0,fall
2024-10-08,West_Coast,18.9,0.0,0.0,fall
2024-10-09,West_Coast,19.8,0.0,0.0,fall
2024-10-10,West_Coast,20.9,0.0,0.0,fall
2024-10-11,West_Coast,21.1,0.0,0.0,fall
2024-10-12,West_Coast,19.2,16.9,0.0,fall
2024-10-13,West_Coast,18.3,30.3,0.0,fall
2024-10-14,West_Coast,11.6,0.0,0.0,fall
2024-10-15,West_Coast,18.0,0.0,0.0,fall
2024-10-16,West_Coast,20.4,38.5,0.0,fall
2024-10-17,West_Coast,14.2,0.0,0.0,fall
2024-10-18,West_Coast,22.9,0.0,0.0,fall
2024-10-19,West_Coast,17.5,2.0,0.0,fall
2024-10-20,West_Coast,15.2,0.0,0.0,fall
2024-10-21,West_Coast,15.8,0.0,0.0,fall
2024-10-22,West_Coast,18.4,0.0,0.0,fall
2024-10-23,West_Coast,14.1,27.8,0.0,fall
2024-10-24,West_Coast,14.6,0.0,0.0,fall
2024-10-25,West_Coast,14.1,0.0,0.0,fall
2024-10-26,West_Coast,11.0,0.0,0.0,fall
2024-10-27,West_Coast,12.5,0.0,0.0,fall
2024-10-28,West_Coast,18.7,0.0,0.0,fall
2024-10-29,West_Coast,13.2,0.0,0.0,fall
2024-10-30,West_Coast,12.7,0.0,0.0,fall
2024-10-31,West_Coast,19.8,24.5,0.0,fall
2024-11-01,West_Coast,13.3,0.0,0.0,fall
2024-11-02,West_Coast,12.7,0.0,0.0,fall
2024-11-03,West_Coast,14.8,0.0,0.0,fall
2024-11-04,West_Coast,15.4,0.0,0.0,fall
2024-11-05,West_Coast,15.8,0.0,0.0,fall
2024-11-06,West_Coast,16.1,10.4,0.0,fall
2024-11-07,West_Coast,16.2,0.0,0.0,fall
2024-11-08,West_Coast,15.3,0.0,22.9,fall
2024-11-09,West_Coast,14.9,0.0,0.0,fall
2024-11-10,West_Coast,13.9,31.9,0.0,fall
2024-11-11,West_Coast,8.1,0.0,0.0,fall
2024-11-12,West_Coast,16.7,0.0,0.0,fall
2024-11-13,West_Coast,9.4,0.0,0.0,fall
2024-11-14,West_Coast,15.7,0.0,0.0,fall
2024-11-15,West_Coast,11.8,35.5,0.0,fall
2024-11-16,West_Coast,15.3,0.0,0.0,fall
2024-11-17,West_Coast,12.8,0.0,0.0,fall
2024-11-18,West_Coast,12.2,38.2,0.0,fall
2024-11-19,West_Coast,12.5,0.0,0.0,fall
2024-11-20,West_Coast,13.5,0.0,0.0,fall
2024-11-21,West_Coast,8.5,25.4,0.0,fall
2024-11-22,West_Coast,13.0,9.2,0.0,fall
2024-11-23,West_Coast,12.5,0.0,0.0,fall
2024-11-24,West_Coast,11.6,0.0,0.0,fall
2024-11-25,West_Coast,13.0,0.0,16.8,fall
2024-11-26,West_Coast,14.1,0.0,0.0,fall
2024-11-27,West_Coast,12.5,0.0,0.0,fall
2024-11-28,West_Coast,12.5,0.0,0.0,fall
2024-11-29,West_Coast,8.1,27.0,0.0,fall
2024-11-30,West_Coast,12.8,15.4,0.0,fall
2024-12-01,West_Coast,12.3,0.0,0.0,winter
2024-12-02,West_Coast,9.5,39.8,0.0,winter
2024-12-03,West_Coast,13.5,0.0,0.0,winter
2024-12-04,West_Coast,14.9,0.0,0.0,winter
2024-12-05,West_Coast,9.0,0.0,0.0,winter
2024-12-06,West_Coast,10.0,0.0,0.0,winter
2024-12-07,West_Coast,7.7,0.0,0.0,winter
2024-12-08,West_Coast,8.5,0.0,0.0,winter
2024-12-09,West_Coast,9.9,0.0,0.0,winter
2024-12-10,West_Coast,13.7,0.0,0.0,winter
2024-12-11,West_Coast,11.0,13.9,0.0,winter
2024-12-12,West_Coast,10.9,0.0,0.0,winter
2024-12-13,West_Coast,11.0,0.0,0.0,winter
2024-12-14,West_Coast,11.8,31.4,0.0,winter
2024-12-15,West_Coast,14.5,0.0,0.0,winter
2024-12-16,West_Coast,15.3,0.0,0.0,winter
2024-12-17,West_Coast,7.8,0.0,0.0,winter
2024-12-18,West_Coast,2.9,0.0,0.0,winter
2024-12-19,West_Coast,10.6,0.0,0.0,winter
2024-12-20,West_Coast,9.8,0.0,0.0,winter
2024-12-21,West_Coast,9.4,0.0,0.0,winter
2024-12-22,West_Coast,6.8,0.0,0.0,winter
2024-12-23,West_Coast,10.0,0.0,0.0,winter
2024-12-24,West_Coast,15.8,0.0,0.0,winter
2024-12-25,West_Coast,14.3,0.0,0.0,winter
2024-12-26,West_Coast,9.0,0.0,0.0,winter
2024-12-27,West_Coast,8.4,6.6,0.0,winter
2024-12-28,West_Coast,6.2,0.0,0.0,winter
2024-12-29,West_Coast,7.1,24.0,0.0,winter
2024-12-30,West_Coast,12.3,0.0,0.0,winter
2024-12-31,West_Coast,7.5,0.0,0.0,winter
2025-01-01,West_Coast,11.1,0.0,0.0,winter
2025-01-02,West_Coast,7.5,0.0,15.5,winter
2025-01-03,West_Coast,5.9,21.6,0.0,winter
2025-01-04,West_Coast,9.2,0.0,0.0,winter
2025-01-05,West_Coast,7.3,0.0,0.0,winter
2025-01-06,West_Coast,8.1,32.1,0.0,winter
2025-01-07,West_Coast,11.9,2.1,0.0,winter
2025-01-08,West_Coast,9.2,0.0,0.0,winter
2025-01-09,West_Coast,9.4,0.0,0.0,winter
2025-01-10,West_Coast,9.8,0.0,0.0,winter
2025-01-11,West_Coast,9.4,0.0,0.0,winter
2025-01-12,West_Coast,9.9,27.1,0.0,winter
2025-01-13,West_Coast,6.9,0.0,0.0,winter
2025-01-14,West_Coast,7.5,0.0,3.9,winter
2025-01-15,West_Coast,7.7,0.0,0.0,winter
2025-01-16,West_Coast,4.9,0.0,0.0,winter
2025-01-17,West_Coast,10.3,0.0,0.0,winter
2025-01-18,West_Coast,6.8,0.0,0.0,winter
2025-01-19,West_Coast,6.3,0.0,0.0,winter
2025-01-20,West_Coast,11.1,0.0,0.0,winter
2025-01-21,West_Coast,7.4,0.0,0.0,winter
2025-01-22,West_Coast,12.1,0.0,0.0,winter
2025-01-23,West_Coast,6.4,0.0,0.0,winter
2025-01-24,West_Coast,10.3,1.8,0.0,winter
2025-01-25,West_Coast,5.1,0.0,0.0,winter
2025-01-26,West_Coast,10.5,0.0,0.0,winter
2025-01-27,West_Coast,9.6,0.0,0.0,winter
2025-01-28,West_Coast,6.7,0.0,0.0,winter
2025-01-29,West_Coast,11.0,8.6,0.0,winter
2025-01-30,West_Coast,11.3,37.6,0.0,winter
2025-01-31,West_Coast,8.6,14.4,0.0,winter
2025-02-01,West_Coast,9.6,22.2,0.0,winter
2025-02-02,West_Coast,9.5,0.0,0.0,winter
2025-02-03,West_Coast,10.6,24.5,0.0,winter
2025-02-04,West_Coast,9.4,21.0,0.0,winter
2025-02-05,West_Coast,7.4,20.3,0.0,winter
2025-02-06,West_Coast,8.5,3.9,0.0,winter
2025-02-07,West_Coast,9.5,0.0,0.0,winter
2025-02-08,West_Coast,10.4,0.0,0.0,winter
2025-02-09,West_Coast,2.9,16.4,0.0,winter
2025-02-10,West_Coast,9.3,0.0,0.0,winter
2025-02-11,West_Coast,9.7,9.0,0.0,winter
2025-02-12,West_Coast,11.0,6.5,0.0,winter
2025-02-13,West_Coast,9.1,0.0,0.0,winter
2025-02-14,West_Coast,8.6,7.3,0.0,winter
2025-02-15,West_Coast,11.3,0.0,0.0,winter
2025-02-16,West_Coast,7.3,0.0,0.0,winter
2025-02-17,West_Coast,7.3,0.0,0.0,winter
2025-02-18,West_Coast,11.8,0.0,0.0,winter
2025-02-19,West_Coast,6.4,0.0,0.0,winter
2025-02-20,West_Coast,12.0,33.1,0.0,winter
2025-02-21,West_Coast,2.5,21.1,0.0,winter
2025-02-22,West_Coast,8.3,0.0,0.0,winter
2025-02-23,West_Coast,10.4,0.0,0.0,winter
2025-02-24,West_Coast,7.8,0.0,0.0,winter
2025-02-25,West_Coast,11.9,0.0,0.0,winter
2025-02-26,West_Coast,10.3,34.6,0.0,winter
2025-02-27,West_Coast,6.5,0.0,0.0,winter
2025-02-28,West_Coast,10.6,30.8,0.0,winter
2025-03-01,West_Coast,12.0,26.7,0.0,spring
2025-03-02,West_Coast,12.8,0.0,0.0,spring
2025-03-03,West_Coast,13.0,0.0,0.0,spring
2025-03-04,West_Coast,9.8,0.0,0.0,spring
2025-03-05,West_Coast,7.9,11.3,0.0,spring
2025-03-06,West_Coast,10.0,0.0,0.0,spring
2025-03-07,West_Coast,13.9,0.0,0.0,spring
2025-03-08,West_Coast,14.4,0.0,0.0,spring
2025-03-09,West_Coast,8.3,0.0,0.0,spring
2025-03-10,West_Coast,11.3,0.0,0.0,spring
2025-03-11,West_Coast,16.4,0.0,0.0,spring
2025-03-12,West_Coast,7.8,0.0,0.0,spring
2025-03-13,West_Coast,16.1,0.0,0.0,spring
2025-03-14,West_Coast,11.4,0.0,0.0,spring
2025-03-15,West_Coast,12.3,0.0,0.0,spring
2025-03-16,West_Coast,11.0,0.0,0.0,spring
2025-03-17,West_Coast,14.9,0.0,0.0,spring
2025-03-18,West_Coast,10.3,4.3,0.0,spring
2025-03-19,West_Coast,6.8,0.0,0.0,spring
2025-03-20,West_Coast,13.0,26.5,0.0,spring
2025-03-21,West_Coast,13.8,0.0,0.0,spring
2025-03-22,West_Coast,16.7,0.0,0.0,spring
2025-03-23,West_Coast,16.0,0.0,0.0,spring
2025-03-24,West_Coast,19.2,0.0,0.0,spring
2025-03-25,West_Coast,13.3,0.0,0.0,spring
2025-03-26,West_Coast,10.5,0.0,0.0,spring
2025-03-27,West_Coast,16.3,0.0,0.0,spring
2025-03-28,West_Coast,11.8,0.0,0.0,spring
2025-03-29,West_Coast,16.6,0.0,0.0,spring
2025-03-30,West_Coast,16.9,0.0,0.0,spring
2025-03-31,West_Coast,12.3,0.0,20.0,spring
2025-04-01,West_Coast,14.6,25.4,0.0,spring
2025-04-02,West_Coast,15.0,3.0,0.0,spring
2025-04-03,West_Coast,15.8,0.0,0.0,spring
2025-04-04,West_Coast,17.8,0.0,0.0,spring
2025-04-05,West_Coast,15.4,0.0,0.0,spring
2025-04-06,West_Coast,15.1,0.0,0.0,spring
2025-04-07,West_Coast,15.5,11.9,0.0,spring
2025-04-08,West_Coast,16.3,0.0,0.0,spring
2025-04-09,West_Coast,13.8,0.0,0.0,spring
2025-04-10,West_Coast,18.5,0.0,0.0,spring
2025-04-11,West_Coast,15.4,0.0,0.0,spring
2025-04-12,West_Coast,17.3,14.8,0.0,spring
2025-04-13,West_Coast,14.7,0.0,0.0,spring
2025-04-14,West_Coast,18.9,0.0,0.0,spring
2025-04-15,West_Coast,19.2,0.0,0.0,spring
2025-04-16,West_Coast,13.2,0.0,0.0,spring
2025-04-17,West_Coast,20.4,0.0,0.0,spring
2025-04-18,West_Coast,22.6,38.5,0.0,spring
2025-04-19,West_Coast,14.8,0.0,0.0,spring
2025-04-20,West_Coast,16.7,4.1,0.0,spring
2025-04-21,West_Coast,15.8,0.0,0.0,spring
2025-04-22,West_Coast,20.8,0.0,0.0,spring
2025-04-23,West_Coast,17.9,0.0,0.0,spring
2025-04-24,West_Coast,19.9,0.0,0.0,spring
2025-04-25,West_Coast,21.3,0.0,0.0,spring
2025-04-26,West_Coast,19.8,0.0,0.0,spring
2025-04-27,West_Coast,17.4,0.0,0.0,spring
2025-04-28,West_Coast,17.6,0.0,0.0,spring
2025-04-29,West_Coast,20.3,0.0,0.0,spring
2025-04-30,West_Coast,16.8,0.0,0.0,spring
2025-05-01,West_Coast,18.4,0.0,0.0,spring
2025-05-02,West_Coast,17.5,0.0,0.0,spring
2025-05-03,West_Coast,19.7,0.0,0.0,spring
2025-05-04,West_Coast,18.2,0.0,0.0,spring
2025-05-05,West_Coast,22.9,0.0,0.0,spring
2025-05-06,West_Coast,19.5,0.0,0.0,spring
2025-05-07,West_Coast,22.0,13.0,0.0,spring
2025-05-08,West_Coast,24.1,0.0,0.0,spring
2025-05-09,West_Coast,16.7,0.0,0.0,spring
2025-05-10,West_Coast,23.4,33.5,0.0,spring
2025-05-11,West_Coast,18.9,8.8,0.0,spring
2025-05-12,West_Coast,19.9,0.0,0.0,spring
2025-05-13,West_Coast,22.5,0.0,0.0,spring
2025-05-14,West_Coast,20.2,15.2,0.0,spring
2025-05-15,West_Coast,21.9,0.0,0.0,spring
2025-05-16,West_Coast,21.9,33.3,0.0,spring
2025-05-17,West_Coast,23.1,25.2,0.0,spring
2025-05-18,West_Coast,20.8,17.4,0.0,spring
2025-05-19,West_Coast,15.7,32.2,0.0,spring
2025-05-20,West_Coast,21.7,0.0,0.0,spring
2025-05-21,West_Coast,22.4,0.0,0.0,spring
2025-05-22,West_Coast,25.0,0.0,0.0,spring
2025-05-23,West_Coast,26.3,0.0,0.0,spring
2025-05-24,West_Coast,22.5,0.0,0.0,spring
2025-05-25,West_Coast,21.4,0.0,0.0,spring
2025-05-26,West_Coast,14.0,15.9,0.0,spring
2025-05-27,West_Coast,21.1,0.0,0.0,spring
2025-05-28,West_Coast,19.7,0.0,0.0,spring
2025-05-29,West_Coast,21.6,0.0,0.0,spring
2025-05-30,West_Coast,25.4,0.0,0.0,spring
2025-05-31,West_Coast,23.3,21.1,0.0,spring
2025-06-01,West_Coast,23.5,0.0,0.0,summer
2025-06-02,West_Coast,20.8,0.0,0.0,summer
2025-06-03,West_Coast,18.3,0.0,0.0,summer
2025-06-04,West_Coast,21.6,0.0,0.0,summer
2025-06-05,West_Coast,28.5,0.0,0.0,summer
2025-06-06,West_Coast,22.4,0.0,0.0,summer
2025-06-07,West_Coast,24.0,0.0,0.0,summer
2025-06-08,West_Coast,20.9,0.0,0.0,summer
2025-06-09,West_Coast,26.6,0.0,0.0,summer
2025-06-10,West_Coast,27.1,0.0,0.0,summer
2025-06-11,West_Coast,25.8,0.0,0.0,summer
2025-06-12,West_Coast,23.1,0.0,0.0,summer
2025-06-13,West_Coast,22.3,0.0,0.0,summer
2025-06-14,West_Coast,25.6,0.0,0.0,summer
2025-06-15,West_Coast,25.7,0.0,0.0,summer
2025-06-16,West_Coast,22.9,0.0,0.0,summer
2025-06-17,West_Coast,23.8,0.0,0.0,summer
2025-06-18,West_Coast,24.0,28.0,0.0,summer
2025-06-19,West_Coast,30.6,0.0,0.0,summer
2025-06-20,West_Coast,25.9,2.5,0.0,summer
2025-06-21,West_Coast,22.9,13.0,0.0,summer
2025-06-22,West_Coast,22.6,0.0,0.0,summer
2025-06-23,West_Coast,22.2,10.2,0.0,summer
2025-06-24,West_Coast,21.6,0.0,0.0,summer
2025-06-25,West_Coast,24.6,13.7,0.0,summer
2025-06-26,West_Coast,26.9,0.0,0.0,summer
2025-06-27,West_Coast,21.9,0.0,0.0,summer
2025-06-28,West_Coast,25.0,0.0,0.0,summer
2025-06-29,West_Coast,24.7,0.0,0.0,summer
2025-06-30,West_Coast,23.7,0.0,0.0,summer
2025-07-01,West_Coast,23.8,0.0,0.0,summer
2025-07-02,West_Coast,24.0,0.0,0.0,summer
2025-07-03,West_Coast,29.6,0.0,0.0,summer
2025-07-04,West_Coast,30.8,0.0,0.0,summer
2025-07-05,West_Coast,21.0,0.0,0.0,summer
2025-07-06,West_Coast,28.3,0.0,0.0,summer
2025-07-07,West_Coast,25.1,0.0,0.0,summer
2025-07-08,West_Coast,28.3,0.0,0.0,summer
2025-07-09,West_Coast,29.8,34.0,0.0,summer
2025-07-10,West_Coast,25.5,0.0,0.0,summer
2025-07-11,West_Coast,26.8,0.0,0.0,summer
2025-07-12,West_Coast,25.6,32.7,0.0,summer
2025-07-13,West_Coast,26.4,0.0,0.0,summer
2025-07-14,West_Coast,24.9,33.6,0.0,summer
2025-07-15,West_Coast,28.6,24.7,0.0,summer
2025-07-16,West_Coast,23.5,0.0,0.0,summer
2025-07-17,West_Coast,29.8,0.0,0.0,summer
2025-07-18,West_Coast,27.5,0.0,0.0,summer
2025-07-19,West_Coast,23.5,0.0,0.0,summer
2025-07-20,West_Coast,27.5,22.6,0.0,summer
2025-07-21,West_Coast,21.8,0.0,0.0,summer
2025-07-22,West_Coast,25.1,0.0,0.0,summer
2025-07-23,West_Coast,25.2,0.0,0.0,summer
2025-07-24,West_Coast,24.6,14.7,0.0,summer
2025-07-25,West_Coast,25.5,0.0,0.0,summer
2025-07-26,West_Coast,32.7,0.0,0.0,summer
2025-07-27,West_Coast,26.9,0.0,0.0,summer
2025-07-28,West_Coast,27.0,0.0,0.0,summer
2025-07-29,West_Coast,29.8,6.6,0.0,summer
2025-07-30,West_Coast,28.3,0.0,0.0,summer
2025-07-31,West_Coast,23.1,0.0,0.0,summer
2025-08-01,West_Coast,28.3,5.0,0.0,summer
2025-08-02,West_Coast,24.5,34.9,0.0,summer
2025-08-03,West_Coast,19.5,0.0,0.0,summer
2025-08-04,West_Coast,26.3,18.8,0.0,summer
2025-08-05,West_Coast,28.3,0.0,0.0,summer
2025-08-06,West_Coast,24.2,23.0,0.0,summer
2025-08-07,West_Coast,24.8,0.0,0.0,summer
2025-08-08,West_Coast,29.0,8.1,0.0,summer
2025-08-09,West_Coast,30.6,0.0,0.0,summer
2025-08-10,West_Coast,25.9,17.1,0.0,summer
2025-08-11,West_Coast,26.4,0.0,0.0,summer
2025-08-12,West_Coast,25.9,0.0,0.0,summer
2025-08-13,West_Coast,24.4,0.0,0.0,summer
2025-08-14,West_Coast,28.5,0.0,0.0,summer
2025-08-15,West_Coast,29.3,0.0,0.0,summer
2025-08-16,West_Coast,29.3,0.0,0.0,summer
2025-08-17,West_Coast,24.0,0.0,0.0,summer
2025-08-18,West_Coast,22.4,0.0,0.0,summer
2025-08-19,West_Coast,30.2,0.0,0.0,summer
2025-08-20,West_Coast,20.7,29.3,0.0,summer
2025-08-21,West_Coast,25.6,0.0,0.0,summer
2025-08-22,West_Coast,24.6,16.3,0.0,summer
2025-08-23,West_Coast,25.0,0.0,0.0,summer
2025-08-24,West_Coast,19.0,0.0,0.0,summer
2025-08-25,West_Coast,21.4,0.0,0.0,summer
2025-08-26,West_Coast,28.2,0.0,0.0,summer
2025-08-27,West_Coast,27.7,0.0,0.0,summer
2025-08-28,West_Coast,23.9,0.0,0.0,summer
2025-08-29,West_Coast,23.9,0.0,0.0,summer
2025-08-30,West_Coast,25.0,0.0,0.0,summer
2025-08-31,West_Coast,25.7,0.0,0.0,summer
2025-09-01,West_Coast,24.0,0.0,0.0,fall
2025-09-02,West_Coast,18.1,0.0,0.0,fall
2025-09-03,West_Coast,24.0,28.6,0.0,fall
2025-09-04,West_Coast,22.1,0.0,0.0,fall
2025-09-05,West_Coast,21.9,0.0,0.0,fall
2025-09-06,West_Coast,23.0,27.3,0.0,fall
2025-09-07,West_Coast,24.6,0.0,0.0,fall
2025-09-08,West_Coast,24.7,0.0,0.0,fall
2025-09-09,West_Coast,24.3,0.0,0.0,fall
2025-09-10,West_Coast,23.2,2.7,0.0,fall
2025-09-11,West_Coast,18.0,0.0,0.0,fall
2025-09-12,West_Coast,22.8,0.0,0.0,fall
2025-09-13,West_Coast,17.4,0.0,0.0,fall
2025-09-14,West_Coast,22.1,0.0,0.0,fall
2025-09-15,West_Coast,20.7,0.0,0.0,fall
2025-09-16,West_Coast,18.2,0.0,0.0,fall
2025-09-17,West_Coast,20.7,0.0,0.0,fall
2025-09-18,West_Coast,23.2,0.0,0.0,fall
2025-09-19,West_Coast,23.3,0.0,0.0,fall
2025-09-20,West_Coast,16.1,0.0,0.0,fall
2025-09-21,West_Coast,21.8,0.0,0.0,fall
2025-09-22,West_Coast,21.3,0.0,0.0,fall
2025-09-23,West_Coast,23.9,16.1,0.0,fall
2025-09-24,West_Coast,22.6,0.0,0.0,fall
2025-09-25,West_Coast,18.6,0.0,0.0,fall
2025-09-26,West_Coast,21.2,0.0,0.0,fall
2025-09-27,West_Coast,22.8,0.0,0.0,fall
2025-09-28,West_Coast,18.1,0.0,0.0,fall
2025-09-29,West_Coast,19.3,31.4,0.0,fall
2025-09-30,West_Coast,18.9,0.0,0.0,fall
2025-10-01,West_Coast,20.0,0.0,0.0,fall
2025-10-02,West_Coast,16.2,8.8,0.0,fall
2025-10-03,West_Coast,21.7,0.0,0.0,fall
2025-10-04,West_Coast,17.4,33.1,0.0,fall
2025-10-05,West_Coast,12.5,0.0,0.0,fall
2025-10-06,West_Coast,15.7,27.8,0.0,fall
2025-10-07,West_Coast,18.2,0.0,0.0,fall
2025-10-08,West_Coast,18.2,0.0,0.0,fall
2025-10-09,West_Coast,18.7,0.0,0.0,fall
2025-10-10,West_Coast,17.5,34.8,0.0,fall
2025-10-11,West_Coast,21.0,0.0,0.0,fall
2025-10-12,West_Coast,17.8,0.0,0.0,fall
2025-10-13,West_Coast,18.8,5.5,0.0,fall
2025-10-14,West_Coast,14.4,15.9,0.0,fall
2025-10-15,West_Coast,21.3,36.6,0.0,fall
2025-10-16,West_Coast,18.7,6.3,0.0,fall
2025-10-17,West_Coast,17.5,0.0,0.0,fall
2025-10-18,West_Coast,14.5,0.0,0.0,fall
2025-10-19,West_Coast,17.4,37.1,0.0,fall
2025-10-20,West_Coast,15.5,0.0,0.0,fall
2025-10-21,West_Coast,17.2,15.8,0.0,fall
2025-10-22,West_Coast,17.3,26.4,0.0,fall
2025-10-23,West_Coast,15.8,0.0,0.0,fall
2025-10-24,West_Coast,19.5,31.6,0.0,fall
2025-10-25,West_Coast,19.7,4.5,0.0,fall
2025-10-26,West_Coast,16.8,0.0,0.0,fall
2025-10-27,West_Coast,20.6,0.0,0.0,fall
2025-10-28,West_Coast,13.7,0.0,0.0,fall
2025-10-29,West_Coast,18.2,0.0,0.0,fall
2025-10-30,West_Coast,18.3,0.0,0.0,fall
2025-10-31,West_Coast,17.3,33.1,0.0,fall
2025-11-01,West_Coast,20.0,0.0,0.0,fall
2025-11-02,West_Coast,16.9,0.0,0.0,fall
2025-11-03,West_Coast,11.4,0.0,28.1,fall
2025-11-04,West_Coast,15.7,0.0,0.0,fall
2025-11-05,West_Coast,11.7,0.0,0.0,fall
2025-11-06,West_Coast,15.8,0.0,0.0,fall
2025-11-07,West_Coast,15.9,0.0,0.0,fall
2025-11-08,West_Coast,14.6,0.0,0.0,fall
2025-11-09,West_Coast,13.1,0.0,0.0,fall
2025-11-10,West_Coast,15.0,0.0,0.0,fall
2025-11-11,West_Coast,15.3,5.8,0.0,fall
2025-11-12,West_Coast,12.1,0.0,0.0,fall
2025-11-13,West_Coast,13.1,0.0,0.0,fall
2025-11-14,West_Coast,16.0,0.0,0.0,fall
2025-11-15,West_Coast,14.9,0.0,0.0,fall
2025-11-16,West_Coast,7.6,0.0,0.0,fall
2025-11-17,West_Coast,12.2,0.0,0.0,fall
2025-11-18,West_Coast,13.0,35.3,0.0,fall
2025-11-19,West_Coast,12.9,0.0,0.0,fall
2025-11-20,West_Coast,18.1,15.2,3.6,fall
2025-11-21,West_Coast,9.3,0.0,0.0,fall
2025-11-22,West_Coast,13.5,0.0,0.0,fall
2025-11-23,West_Coast,9.2,0.0,0.0,fall
2025-11-24,West_Coast,11.4,0.0,0.0,fall
2025-11-25,West_Coast,17.1,0.0,0.0,fall
2025-11-26,West_Coast,12.1,32.6,0.0,fall
2025-11-27,West_Coast,12.2,31.6,3.7,fall
2025-11-28,West_Coast,11.8,32.4,0.0,fall
2025-11-29,West_Coast,9.3,0.0,0.0,fall
2025-11-30,West_Coast,9.2,0.0,0.0,fall
2025-12-01,West_Coast,11.9,29.3,2.4,winter
2025-12-02,West_Coast,12.4,24.1,0.0,winter
2025-12-03,West_Coast,10.6,4.3,0.0,winter
2025-12-04,West_Coast,12.0,0.0,0.0,winter
2025-12-05,West_Coast,11.8,0.0,0.0,winter
2025-12-06,West_Coast,9.6,0.0,0.0,winter
2025-12-07,West_Coast,17.5,0.0,0.0,winter
2025-12-08,West_Coast,12.2,0.0,0.0,winter
2025-12-09,West_Coast,12.0,0.0,14.2,winter
2025-12-10,West_Coast,7.1,0.0,0.0,winter
2025-12-11,West_Coast,12.0,0.0,0.0,winter
2025-12-12,West_Coast,5.5,0.0,0.0,winter
2025-12-13,West_Coast,19.4,0.0,0.0,winter
2025-12-14,West_Coast,15.7,32.6,0.0,winter
2025-12-15,West_Coast,8.3,0.0,0.0,winter
2025-12-16,West_Coast,12.0,14.8,0.0,winter
2025-12-17,West_Coast,10.9,0.0,0.0,winter
2025-12-18,West_Coast,9.2,0.0,3.6,winter
2025-12-19,West_Coast,10.7,0.0,0.0,winter
2025-12-20,West_Coast,7.2,18.4,3.9,winter
2025-12-21,West_Coast,10.2,30.2,0.0,winter
2025-12-22,West_Coast,5.5,31.0,0.0,winter
2025-12-23,West_Coast,8.3,0.0,0.0,winter
2025-12-24,West_Coast,7.8,0.0,0.0,winter
2025-12-25,West_Coast,8.7,0.0,0.0,winter
2025-12-26,West_Coast,9.1,11.0,0.0,winter
2025-12-27,West_Coast,9.1,0.0,0.0,winter
2025-12-28,West_Coast,13.3,0.0,0.0,winter
2025-12-29,West_Coast,7.2,0.0,0.0,winter
2025-12-30,West_Coast,8.3,19.1,0.0,winter
2025-12-31,West_Coast,9.9,0.0,0.0,winter
